,instance_name,iteration,makespan_stnu,makespan_lb,time_initial_cp,time_build_stnu,time_dc_checking,time_rte,time_cp_lb,status,schedule_feasibility
0,j10_PSP_1,0,30,26,0.0371851921081543,0.0058727264404296875,0.18186116218566895,0.0026149749755859375,0.03324079513549805,feasible_and_dc,True
1,j10_PSP_1,1,30,26,0.0371851921081543,0.0058727264404296875,0.18186116218566895,0.002456188201904297,0.03161215782165527,feasible_and_dc,True
2,j10_PSP_1,2,29,26,0.0371851921081543,0.0058727264404296875,0.18186116218566895,0.0024061203002929688,0.03248000144958496,feasible_and_dc,True
3,j10_PSP_1,3,29,26,0.0371851921081543,0.0058727264404296875,0.18186116218566895,0.0024881362915039062,0.03143191337585449,feasible_and_dc,True
4,j10_PSP_1,4,29,26,0.0371851921081543,0.0058727264404296875,0.18186116218566895,0.0024900436401367188,0.032182931900024414,feasible_and_dc,True
5,j10_PSP_1,5,29,26,0.0371851921081543,0.0058727264404296875,0.18186116218566895,0.0024518966674804688,0.035186052322387695,feasible_and_dc,True
6,j10_PSP_1,6,29,26,0.0371851921081543,0.0058727264404296875,0.18186116218566895,0.0024192333221435547,0.034931182861328125,feasible_and_dc,True
7,j10_PSP_1,7,29,26,0.0371851921081543,0.0058727264404296875,0.18186116218566895,0.0024178028106689453,0.03383827209472656,feasible_and_dc,True
8,j10_PSP_1,8,29,26,0.0371851921081543,0.0058727264404296875,0.18186116218566895,0.002318859100341797,0.03152322769165039,feasible_and_dc,True
9,j10_PSP_1,9,29,29,0.0371851921081543,0.0058727264404296875,0.18186116218566895,0.00251007080078125,0.03202700614929199,feasible_and_dc,True
10,j10_PSP_2,0,inf,inf,0.03173398971557617,0.0,0.0,0.0,0,infeasible,
11,j10_PSP_3,0,inf,inf,0.038630008697509766,0.005985736846923828,0.19025397300720215,0.0,0,feasible_but_not_dc,
12,j10_PSP_4,0,inf,inf,0.03636980056762695,0.006564140319824219,0.18719482421875,0.0,0,feasible_but_not_dc,
13,j10_PSP_5,0,inf,inf,0.03946280479431152,0.00573420524597168,0.19845104217529297,0.0,0,feasible_but_not_dc,
14,j10_PSP_6,0,inf,inf,0.032621145248413086,0.0,0.0,0.0,0,infeasible,
15,j10_PSP_7,0,inf,inf,0.033479928970336914,0.0054378509521484375,0.18628573417663574,0.0,0,feasible_but_not_dc,
16,j10_PSP_8,0,inf,inf,0.033776044845581055,0.005172014236450195,0.1917407512664795,0.0,0,feasible_but_not_dc,
17,j10_PSP_9,0,46,41,0.03553414344787598,0.005502223968505859,0.18840789794921875,0.002613067626953125,0.03705334663391113,feasible_and_dc,True
18,j10_PSP_9,1,45,40,0.03553414344787598,0.005502223968505859,0.18840789794921875,0.002482891082763672,0.04170799255371094,feasible_and_dc,True
19,j10_PSP_9,2,50,44,0.03553414344787598,0.005502223968505859,0.18840789794921875,0.0025551319122314453,0.034844160079956055,feasible_and_dc,True
20,j10_PSP_9,3,47,44,0.03553414344787598,0.005502223968505859,0.18840789794921875,0.002481222152709961,0.03466296195983887,feasible_and_dc,True
21,j10_PSP_9,4,45,40,0.03553414344787598,0.005502223968505859,0.18840789794921875,0.002460002899169922,0.03629326820373535,feasible_and_dc,True
22,j10_PSP_9,5,47,43,0.03553414344787598,0.005502223968505859,0.18840789794921875,0.002621173858642578,0.037593841552734375,feasible_and_dc,True
23,j10_PSP_9,6,46,42,0.03553414344787598,0.005502223968505859,0.18840789794921875,0.0025849342346191406,0.03658914566040039,feasible_and_dc,True
24,j10_PSP_9,7,47,40,0.03553414344787598,0.005502223968505859,0.18840789794921875,0.0025069713592529297,0.035327911376953125,feasible_and_dc,True
25,j10_PSP_9,8,49,42,0.03553414344787598,0.005502223968505859,0.18840789794921875,0.0025887489318847656,0.0343019962310791,feasible_and_dc,True
26,j10_PSP_9,9,47,43,0.03553414344787598,0.005502223968505859,0.18840789794921875,0.002541780471801758,0.03503227233886719,feasible_and_dc,True
27,j10_PSP_10,0,33,30,0.06358480453491211,0.006090879440307617,0.18245911598205566,0.0027201175689697266,0.045057058334350586,feasible_and_dc,True
28,j10_PSP_10,1,35,32,0.06358480453491211,0.006090879440307617,0.18245911598205566,0.0026428699493408203,0.04655003547668457,feasible_and_dc,True
29,j10_PSP_10,2,37,32,0.06358480453491211,0.006090879440307617,0.18245911598205566,0.0026788711547851562,0.03569388389587402,feasible_and_dc,True
30,j10_PSP_10,3,34,30,0.06358480453491211,0.006090879440307617,0.18245911598205566,0.002660989761352539,0.0346369743347168,feasible_and_dc,True
31,j10_PSP_10,4,35,33,0.06358480453491211,0.006090879440307617,0.18245911598205566,0.0027129650115966797,0.050219058990478516,feasible_and_dc,True
32,j10_PSP_10,5,34,32,0.06358480453491211,0.006090879440307617,0.18245911598205566,0.002649068832397461,0.034172773361206055,feasible_and_dc,True
33,j10_PSP_10,6,33,31,0.06358480453491211,0.006090879440307617,0.18245911598205566,0.0026302337646484375,0.0343480110168457,feasible_and_dc,True
34,j10_PSP_10,7,35,29,0.06358480453491211,0.006090879440307617,0.18245911598205566,0.0027391910552978516,0.0483698844909668,feasible_and_dc,True
35,j10_PSP_10,8,34,33,0.06358480453491211,0.006090879440307617,0.18245911598205566,0.002597808837890625,0.05023527145385742,feasible_and_dc,True
36,j10_PSP_10,9,36,31,0.06358480453491211,0.006090879440307617,0.18245911598205566,0.0026459693908691406,0.03554892539978027,feasible_and_dc,True
37,j10_PSP_11,0,inf,inf,0.03629493713378906,0.005797147750854492,0.18779730796813965,0.0,0,feasible_but_not_dc,
38,j10_PSP_12,0,inf,inf,0.029620885848999023,0.0,0.0,0.0,0,infeasible,
39,j10_PSP_13,0,inf,inf,0.033312082290649414,0.00526118278503418,0.18800687789916992,0.0,0,feasible_but_not_dc,
40,j10_PSP_14,0,inf,inf,0.03634977340698242,0.0,0.0,0.0,0,infeasible,
41,j10_PSP_15,0,inf,inf,0.06479310989379883,0.005341053009033203,0.18998122215270996,0.0,0,feasible_but_not_dc,
42,j10_PSP_16,0,26,26,0.04176592826843262,0.005894184112548828,0.18424391746520996,0.002429962158203125,0.034642934799194336,feasible_and_dc,True
43,j10_PSP_16,1,27,26,0.04176592826843262,0.005894184112548828,0.18424391746520996,0.002306699752807617,0.0337371826171875,feasible_and_dc,True
44,j10_PSP_16,2,28,28,0.04176592826843262,0.005894184112548828,0.18424391746520996,0.0022437572479248047,0.03336977958679199,feasible_and_dc,True
45,j10_PSP_16,3,27,26,0.04176592826843262,0.005894184112548828,0.18424391746520996,0.0023088455200195312,0.03285384178161621,feasible_and_dc,True
46,j10_PSP_16,4,26,26,0.04176592826843262,0.005894184112548828,0.18424391746520996,0.0024030208587646484,0.03237605094909668,feasible_and_dc,True
47,j10_PSP_16,5,32,32,0.04176592826843262,0.005894184112548828,0.18424391746520996,0.0022678375244140625,0.04085206985473633,feasible_and_dc,True
48,j10_PSP_16,6,30,29,0.04176592826843262,0.005894184112548828,0.18424391746520996,0.0022649765014648438,0.03509998321533203,feasible_and_dc,True
49,j10_PSP_16,7,30,28,0.04176592826843262,0.005894184112548828,0.18424391746520996,0.002259969711303711,0.031831979751586914,feasible_and_dc,True
50,j10_PSP_16,8,27,26,0.04176592826843262,0.005894184112548828,0.18424391746520996,0.002274036407470703,0.031675100326538086,feasible_and_dc,True
51,j10_PSP_16,9,28,25,0.04176592826843262,0.005894184112548828,0.18424391746520996,0.0022389888763427734,0.03176712989807129,feasible_and_dc,True
52,j10_PSP_17,0,inf,inf,0.02978205680847168,0.0,0.0,0.0,0,infeasible,
53,j10_PSP_18,0,26,26,0.03232693672180176,0.005049705505371094,0.18679070472717285,0.002427816390991211,0.03424692153930664,feasible_and_dc,True
54,j10_PSP_18,1,28,28,0.03232693672180176,0.005049705505371094,0.18679070472717285,0.002285003662109375,0.034139156341552734,feasible_and_dc,True
55,j10_PSP_18,2,28,27,0.03232693672180176,0.005049705505371094,0.18679070472717285,0.0023088455200195312,0.03340435028076172,feasible_and_dc,True
56,j10_PSP_18,3,28,28,0.03232693672180176,0.005049705505371094,0.18679070472717285,0.0023622512817382812,0.03368496894836426,feasible_and_dc,True
57,j10_PSP_18,4,28,26,0.03232693672180176,0.005049705505371094,0.18679070472717285,0.0023238658905029297,0.0343170166015625,feasible_and_dc,True
58,j10_PSP_18,5,33,28,0.03232693672180176,0.005049705505371094,0.18679070472717285,0.002268075942993164,0.033164024353027344,feasible_and_dc,True
59,j10_PSP_18,6,28,26,0.03232693672180176,0.005049705505371094,0.18679070472717285,0.002232074737548828,0.03237414360046387,feasible_and_dc,True
60,j10_PSP_18,7,27,26,0.03232693672180176,0.005049705505371094,0.18679070472717285,0.00232696533203125,0.03291201591491699,feasible_and_dc,True
61,j10_PSP_18,8,28,27,0.03232693672180176,0.005049705505371094,0.18679070472717285,0.002332925796508789,0.03204989433288574,feasible_and_dc,True
62,j10_PSP_18,9,27,26,0.03232693672180176,0.005049705505371094,0.18679070472717285,0.002279043197631836,0.031139612197875977,feasible_and_dc,True
63,j10_PSP_19,0,inf,inf,0.03197288513183594,0.0052738189697265625,0.1772611141204834,0.0,0,feasible_but_not_dc,
64,j10_PSP_20,0,42,40,0.03610992431640625,0.005192995071411133,0.18753790855407715,0.002218961715698242,0.057572126388549805,feasible_and_dc,True
65,j10_PSP_20,1,41,33,0.03610992431640625,0.005192995071411133,0.18753790855407715,0.002260923385620117,0.03206896781921387,feasible_and_dc,True
66,j10_PSP_20,2,38,36,0.03610992431640625,0.005192995071411133,0.18753790855407715,0.0022530555725097656,0.03201794624328613,feasible_and_dc,True
67,j10_PSP_20,3,33,33,0.03610992431640625,0.005192995071411133,0.18753790855407715,0.002299785614013672,0.03312397003173828,feasible_and_dc,True
68,j10_PSP_20,4,36,35,0.03610992431640625,0.005192995071411133,0.18753790855407715,0.002290964126586914,0.03264212608337402,feasible_and_dc,True
69,j10_PSP_20,5,42,39,0.03610992431640625,0.005192995071411133,0.18753790855407715,0.002332925796508789,0.0346829891204834,feasible_and_dc,True
70,j10_PSP_20,6,40,37,0.03610992431640625,0.005192995071411133,0.18753790855407715,0.0023522377014160156,0.03667902946472168,feasible_and_dc,True
71,j10_PSP_20,7,38,37,0.03610992431640625,0.005192995071411133,0.18753790855407715,0.002298116683959961,0.034661054611206055,feasible_and_dc,True
72,j10_PSP_20,8,39,35,0.03610992431640625,0.005192995071411133,0.18753790855407715,0.0022830963134765625,0.03446817398071289,feasible_and_dc,True
73,j10_PSP_20,9,39,38,0.03610992431640625,0.005192995071411133,0.18753790855407715,0.0023522377014160156,0.03376007080078125,feasible_and_dc,True
74,j10_PSP_21,0,inf,inf,0.03429293632507324,0.005265235900878906,0.18532514572143555,0.0,0,feasible_but_not_dc,
75,j10_PSP_22,0,inf,inf,0.0343470573425293,0.0060999393463134766,0.17830204963684082,0.0,0,feasible_but_not_dc,
76,j10_PSP_23,0,inf,inf,0.033284664154052734,0.004907131195068359,0.1783597469329834,0.0,0,feasible_but_not_dc,
77,j10_PSP_24,0,33,33,0.03432798385620117,0.0053479671478271484,0.18350481986999512,0.0024347305297851562,0.03358006477355957,feasible_and_dc,True
78,j10_PSP_24,1,33,33,0.03432798385620117,0.0053479671478271484,0.18350481986999512,0.0022797584533691406,0.032604217529296875,feasible_and_dc,True
79,j10_PSP_24,2,34,34,0.03432798385620117,0.0053479671478271484,0.18350481986999512,0.0023119449615478516,0.03210282325744629,feasible_and_dc,True
80,j10_PSP_24,3,33,33,0.03432798385620117,0.0053479671478271484,0.18350481986999512,0.002268075942993164,0.031591176986694336,feasible_and_dc,True
81,j10_PSP_24,4,33,33,0.03432798385620117,0.0053479671478271484,0.18350481986999512,0.002271890640258789,0.03158307075500488,feasible_and_dc,True
82,j10_PSP_24,5,33,33,0.03432798385620117,0.0053479671478271484,0.18350481986999512,0.002198934555053711,0.0328519344329834,feasible_and_dc,True
83,j10_PSP_24,6,34,34,0.03432798385620117,0.0053479671478271484,0.18350481986999512,0.0022449493408203125,0.03262805938720703,feasible_and_dc,True
84,j10_PSP_24,7,33,33,0.03432798385620117,0.0053479671478271484,0.18350481986999512,0.002343893051147461,0.0323338508605957,feasible_and_dc,True
85,j10_PSP_24,8,33,33,0.03432798385620117,0.0053479671478271484,0.18350481986999512,0.0023107528686523438,0.03130793571472168,feasible_and_dc,True
86,j10_PSP_24,9,33,33,0.03432798385620117,0.0053479671478271484,0.18350481986999512,0.0023109912872314453,0.0313870906829834,feasible_and_dc,True
87,j10_PSP_25,0,inf,inf,0.03214216232299805,0.0055849552154541016,0.1832890510559082,0.0,0,feasible_but_not_dc,
88,j10_PSP_26,0,inf,inf,0.029495954513549805,0.0,0.0,0.0,0,infeasible,
89,j10_PSP_27,0,inf,inf,0.028734922409057617,0.0,0.0,0.0,0,infeasible,
90,j10_PSP_28,0,33,32,0.031867027282714844,0.005837202072143555,0.1847388744354248,0.002401113510131836,0.03361821174621582,feasible_and_dc,True
91,j10_PSP_28,1,34,32,0.031867027282714844,0.005837202072143555,0.1847388744354248,0.0021932125091552734,0.032379150390625,feasible_and_dc,True
92,j10_PSP_28,2,37,37,0.031867027282714844,0.005837202072143555,0.1847388744354248,0.002233266830444336,0.032920122146606445,feasible_and_dc,True
93,j10_PSP_28,3,35,35,0.031867027282714844,0.005837202072143555,0.1847388744354248,0.0022072792053222656,0.03226113319396973,feasible_and_dc,True
94,j10_PSP_28,4,34,34,0.031867027282714844,0.005837202072143555,0.1847388744354248,0.0023040771484375,0.032462120056152344,feasible_and_dc,True
95,j10_PSP_28,5,35,33,0.031867027282714844,0.005837202072143555,0.1847388744354248,0.002223968505859375,0.032646894454956055,feasible_and_dc,True
96,j10_PSP_28,6,34,32,0.031867027282714844,0.005837202072143555,0.1847388744354248,0.002201080322265625,0.03286910057067871,feasible_and_dc,True
97,j10_PSP_28,7,35,33,0.031867027282714844,0.005837202072143555,0.1847388744354248,0.0021839141845703125,0.031995296478271484,feasible_and_dc,True
98,j10_PSP_28,8,35,33,0.031867027282714844,0.005837202072143555,0.1847388744354248,0.0021789073944091797,0.03143811225891113,feasible_and_dc,True
99,j10_PSP_28,9,33,31,0.031867027282714844,0.005837202072143555,0.1847388744354248,0.002235889434814453,0.03266191482543945,feasible_and_dc,True
100,j10_PSP_29,0,32,29,0.03206181526184082,0.004870891571044922,0.18233919143676758,0.002408742904663086,0.034304141998291016,feasible_and_dc,True
101,j10_PSP_29,1,33,28,0.03206181526184082,0.004870891571044922,0.18233919143676758,0.002325773239135742,0.03271794319152832,feasible_and_dc,True
102,j10_PSP_29,2,33,29,0.03206181526184082,0.004870891571044922,0.18233919143676758,0.0022268295288085938,0.03287792205810547,feasible_and_dc,True
103,j10_PSP_29,3,34,34,0.03206181526184082,0.004870891571044922,0.18233919143676758,0.0022401809692382812,0.039823055267333984,feasible_and_dc,True
104,j10_PSP_29,4,32,32,0.03206181526184082,0.004870891571044922,0.18233919143676758,0.002259969711303711,0.03397989273071289,feasible_and_dc,True
105,j10_PSP_29,5,34,30,0.03206181526184082,0.004870891571044922,0.18233919143676758,0.0024127960205078125,0.03371596336364746,feasible_and_dc,True
106,j10_PSP_29,6,34,32,0.03206181526184082,0.004870891571044922,0.18233919143676758,0.002285003662109375,0.03381609916687012,feasible_and_dc,True
107,j10_PSP_29,7,34,32,0.03206181526184082,0.004870891571044922,0.18233919143676758,0.0022530555725097656,0.03381824493408203,feasible_and_dc,True
108,j10_PSP_29,8,33,33,0.03206181526184082,0.004870891571044922,0.18233919143676758,0.0022711753845214844,0.03393721580505371,feasible_and_dc,True
109,j10_PSP_29,9,34,29,0.03206181526184082,0.004870891571044922,0.18233919143676758,0.0022411346435546875,0.03389620780944824,feasible_and_dc,True
110,j10_PSP_30,0,inf,inf,0.0342860221862793,0.0056760311126708984,0.18639898300170898,0.0,0,feasible_but_not_dc,
111,j10_PSP_31,0,inf,inf,0.031039953231811523,0.0,0.0,0.0,0,infeasible,
112,j10_PSP_32,0,inf,inf,0.03020000457763672,0.0,0.0,0.0,0,infeasible,
113,j10_PSP_33,0,73,73,0.056890010833740234,0.005816936492919922,0.18896198272705078,0.002694845199584961,0.07477307319641113,feasible_and_dc,True
114,j10_PSP_33,1,63,56,0.056890010833740234,0.005816936492919922,0.18896198272705078,0.0026540756225585938,0.035407066345214844,feasible_and_dc,True
115,j10_PSP_33,2,65,60,0.056890010833740234,0.005816936492919922,0.18896198272705078,0.002635955810546875,0.03428912162780762,feasible_and_dc,True
116,j10_PSP_33,3,75,66,0.056890010833740234,0.005816936492919922,0.18896198272705078,0.002540111541748047,0.033483028411865234,feasible_and_dc,True
117,j10_PSP_33,4,64,58,0.056890010833740234,0.005816936492919922,0.18896198272705078,0.002578258514404297,0.03333926200866699,feasible_and_dc,True
118,j10_PSP_33,5,63,63,0.056890010833740234,0.005816936492919922,0.18896198272705078,0.002633810043334961,0.05706501007080078,feasible_and_dc,True
119,j10_PSP_33,6,62,62,0.056890010833740234,0.005816936492919922,0.18896198272705078,0.002630949020385742,0.07215166091918945,feasible_and_dc,True
120,j10_PSP_33,7,77,77,0.056890010833740234,0.005816936492919922,0.18896198272705078,0.0025589466094970703,0.05871891975402832,feasible_and_dc,True
121,j10_PSP_33,8,67,64,0.056890010833740234,0.005816936492919922,0.18896198272705078,0.0026450157165527344,0.05829191207885742,feasible_and_dc,True
122,j10_PSP_33,9,64,61,0.056890010833740234,0.005816936492919922,0.18896198272705078,0.0025649070739746094,0.07481789588928223,feasible_and_dc,True
123,j10_PSP_34,0,inf,inf,0.07664275169372559,0.04148292541503906,0.19097495079040527,0.0,0,feasible_but_not_dc,
124,j10_PSP_35,0,inf,inf,0.05659604072570801,0.006869077682495117,0.1854562759399414,0.0,0,feasible_but_not_dc,
125,j10_PSP_36,0,inf,inf,0.03468799591064453,0.0071353912353515625,0.18633079528808594,0.0,0,feasible_but_not_dc,
126,j10_PSP_37,0,inf,inf,0.04804682731628418,0.006654977798461914,0.18564724922180176,0.0,0,feasible_but_not_dc,
127,j10_PSP_38,0,inf,inf,0.054499149322509766,0.006730318069458008,0.18561697006225586,0.0,0,feasible_but_not_dc,
128,j10_PSP_39,0,inf,inf,0.03586983680725098,0.007297992706298828,0.18892312049865723,0.0,0,feasible_but_not_dc,
129,j10_PSP_40,0,inf,inf,0.030853986740112305,0.0,0.0,0.0,0,infeasible,
130,j10_PSP_41,0,inf,inf,0.029436826705932617,0.0,0.0,0.0,0,infeasible,
131,j10_PSP_42,0,inf,inf,0.029181957244873047,0.0,0.0,0.0,0,infeasible,
132,j10_PSP_43,0,inf,inf,0.03235816955566406,0.006415128707885742,0.18660616874694824,0.0,0,feasible_but_not_dc,
133,j10_PSP_44,0,inf,inf,0.08387994766235352,0.00663304328918457,0.18706417083740234,0.0,0,feasible_but_not_dc,
134,j10_PSP_45,0,inf,inf,0.03382611274719238,0.006504058837890625,0.18543291091918945,0.0,0,feasible_but_not_dc,
135,j10_PSP_46,0,32,32,0.03407883644104004,0.005185127258300781,0.18157291412353516,0.002524852752685547,0.035001277923583984,feasible_and_dc,True
136,j10_PSP_46,1,31,29,0.03407883644104004,0.005185127258300781,0.18157291412353516,0.002385854721069336,0.03411722183227539,feasible_and_dc,True
137,j10_PSP_46,2,36,33,0.03407883644104004,0.005185127258300781,0.18157291412353516,0.0025169849395751953,0.03483009338378906,feasible_and_dc,True
138,j10_PSP_46,3,31,30,0.03407883644104004,0.005185127258300781,0.18157291412353516,0.0023212432861328125,0.034503936767578125,feasible_and_dc,True
139,j10_PSP_46,4,inf,NotImplementedYet,0.03407883644104004,0.005185127258300781,0.18157291412353516,0.0013799667358398438,NotImplementedYet,feasible_and_dc_but_rte_error,
140,j10_PSP_46,5,31,30,0.03407883644104004,0.005185127258300781,0.18157291412353516,0.0023260116577148438,0.03386425971984863,feasible_and_dc,True
141,j10_PSP_46,6,30,28,0.03407883644104004,0.005185127258300781,0.18157291412353516,0.002335071563720703,0.0344698429107666,feasible_and_dc,True
142,j10_PSP_46,7,30,28,0.03407883644104004,0.005185127258300781,0.18157291412353516,0.0023431777954101562,0.033783912658691406,feasible_and_dc,True
143,j10_PSP_46,8,31,28,0.03407883644104004,0.005185127258300781,0.18157291412353516,0.0023119449615478516,0.03313493728637695,feasible_and_dc,True
144,j10_PSP_46,9,34,31,0.03407883644104004,0.005185127258300781,0.18157291412353516,0.002373218536376953,0.03214311599731445,feasible_and_dc,True
145,j10_PSP_47,0,inf,inf,0.04930424690246582,0.0059010982513427734,0.1801600456237793,0.0,0,feasible_but_not_dc,
146,j10_PSP_48,0,inf,inf,0.03148078918457031,0.0,0.0,0.0,0,infeasible,
147,j10_PSP_49,0,28,25,0.03460192680358887,0.04441094398498535,0.19008588790893555,0.0024938583374023438,0.034291982650756836,feasible_and_dc,True
148,j10_PSP_49,1,28,26,0.03460192680358887,0.04441094398498535,0.19008588790893555,0.002302408218383789,0.03334999084472656,feasible_and_dc,True
149,j10_PSP_49,2,25,24,0.03460192680358887,0.04441094398498535,0.19008588790893555,0.002382040023803711,0.03346681594848633,feasible_and_dc,True
150,j10_PSP_49,3,24,24,0.03460192680358887,0.04441094398498535,0.19008588790893555,0.002321958541870117,0.03256702423095703,feasible_and_dc,True
151,j10_PSP_49,4,28,28,0.03460192680358887,0.04441094398498535,0.19008588790893555,0.002359151840209961,0.034004926681518555,feasible_and_dc,True
152,j10_PSP_49,5,27,27,0.03460192680358887,0.04441094398498535,0.19008588790893555,0.0022988319396972656,0.03336310386657715,feasible_and_dc,True
153,j10_PSP_49,6,28,25,0.03460192680358887,0.04441094398498535,0.19008588790893555,0.0023810863494873047,0.03297090530395508,feasible_and_dc,True
154,j10_PSP_49,7,29,29,0.03460192680358887,0.04441094398498535,0.19008588790893555,0.002316713333129883,0.0330348014831543,feasible_and_dc,True
155,j10_PSP_49,8,27,25,0.03460192680358887,0.04441094398498535,0.19008588790893555,0.0024290084838867188,0.03255200386047363,feasible_and_dc,True
156,j10_PSP_49,9,26,24,0.03460192680358887,0.04441094398498535,0.19008588790893555,0.0022978782653808594,0.03229999542236328,feasible_and_dc,True
157,j10_PSP_50,0,inf,inf,0.059580087661743164,0.00600433349609375,0.1856708526611328,0.0,0,feasible_but_not_dc,
158,j10_PSP_51,0,inf,inf,0.03121471405029297,0.0,0.0,0.0,0,infeasible,
159,j10_PSP_52,0,inf,inf,0.03394913673400879,0.005588054656982422,0.18473100662231445,0.0,0,feasible_but_not_dc,
160,j10_PSP_53,0,inf,inf,0.03399825096130371,0.005277872085571289,0.1868729591369629,0.0,0,feasible_but_not_dc,
161,j10_PSP_54,0,inf,inf,0.034529924392700195,0.005631923675537109,0.18636488914489746,0.0,0,feasible_but_not_dc,
162,j10_PSP_55,0,inf,inf,0.03241705894470215,0.0,0.0,0.0,0,infeasible,
163,j10_PSP_56,0,inf,inf,0.03304767608642578,0.005326032638549805,0.18014168739318848,0.0,0,feasible_but_not_dc,
164,j10_PSP_57,0,inf,inf,0.03314399719238281,0.006803989410400391,0.18311214447021484,0.0,0,feasible_but_not_dc,
165,j10_PSP_58,0,19,19,0.0340120792388916,0.006574153900146484,0.18378782272338867,0.002312898635864258,0.0350039005279541,feasible_and_dc,True
166,j10_PSP_58,1,19,19,0.0340120792388916,0.006574153900146484,0.18378782272338867,0.0022039413452148438,0.034607648849487305,feasible_and_dc,True
167,j10_PSP_58,2,19,19,0.0340120792388916,0.006574153900146484,0.18378782272338867,0.002185821533203125,0.03451895713806152,feasible_and_dc,True
168,j10_PSP_58,3,19,19,0.0340120792388916,0.006574153900146484,0.18378782272338867,0.002330780029296875,0.034095048904418945,feasible_and_dc,True
169,j10_PSP_58,4,19,19,0.0340120792388916,0.006574153900146484,0.18378782272338867,0.0021429061889648438,0.034193992614746094,feasible_and_dc,True
170,j10_PSP_58,5,20,19,0.0340120792388916,0.006574153900146484,0.18378782272338867,0.0021932125091552734,0.033367156982421875,feasible_and_dc,True
171,j10_PSP_58,6,19,19,0.0340120792388916,0.006574153900146484,0.18378782272338867,0.0021660327911376953,0.03286099433898926,feasible_and_dc,True
172,j10_PSP_58,7,19,19,0.0340120792388916,0.006574153900146484,0.18378782272338867,0.0021491050720214844,0.0322871208190918,feasible_and_dc,True
173,j10_PSP_58,8,19,19,0.0340120792388916,0.006574153900146484,0.18378782272338867,0.002176046371459961,0.03372001647949219,feasible_and_dc,True
174,j10_PSP_58,9,19,19,0.0340120792388916,0.006574153900146484,0.18378782272338867,0.002141237258911133,0.03194117546081543,feasible_and_dc,True
175,j10_PSP_59,0,inf,inf,0.03283810615539551,0.0056340694427490234,0.18473482131958008,0.0,0,feasible_but_not_dc,
176,j10_PSP_60,0,inf,inf,0.033792734146118164,0.005463123321533203,0.18237090110778809,0.0,0,feasible_but_not_dc,
177,j10_PSP_61,0,inf,inf,0.03255915641784668,0.0,0.0,0.0,0,infeasible,
178,j10_PSP_62,0,inf,inf,0.05702829360961914,0.007818937301635742,0.1862809658050537,0.0,0,feasible_but_not_dc,
179,j10_PSP_63,0,inf,inf,0.06752681732177734,0.006104946136474609,0.18522214889526367,0.0,0,feasible_but_not_dc,
180,j10_PSP_64,0,inf,inf,0.06690382957458496,0.0068280696868896484,0.1932361125946045,0.0,0,feasible_but_not_dc,
181,j10_PSP_65,0,inf,inf,0.15901899337768555,0.00680088996887207,0.19417715072631836,0.0,0,feasible_but_not_dc,
182,j10_PSP_66,0,inf,inf,0.03478097915649414,0.0,0.0,0.0,0,infeasible,
183,j10_PSP_67,0,inf,inf,0.03170013427734375,0.0,0.0,0.0,0,infeasible,
184,j10_PSP_68,0,inf,inf,0.031546831130981445,0.0,0.0,0.0,0,infeasible,
185,j10_PSP_69,0,inf,inf,0.03459286689758301,0.0060231685638427734,0.18502497673034668,0.0,0,feasible_but_not_dc,
186,j10_PSP_70,0,inf,inf,0.0862729549407959,0.006766080856323242,0.18953394889831543,0.0,0,feasible_but_not_dc,
187,j10_PSP_71,0,inf,inf,0.032034873962402344,0.0,0.0,0.0,0,infeasible,
188,j10_PSP_72,0,inf,inf,0.031553030014038086,0.0,0.0,0.0,0,infeasible,
189,j10_PSP_73,0,inf,inf,0.03595995903015137,0.0059468746185302734,0.18383502960205078,0.0,0,feasible_but_not_dc,
190,j10_PSP_74,0,inf,inf,0.03127408027648926,0.0,0.0,0.0,0,infeasible,
191,j10_PSP_75,0,27,26,0.03348183631896973,0.00586700439453125,0.18914198875427246,0.002694845199584961,0.03327202796936035,feasible_and_dc,True
192,j10_PSP_75,1,28,28,0.03348183631896973,0.00586700439453125,0.18914198875427246,0.0024728775024414062,0.032946109771728516,feasible_and_dc,True
193,j10_PSP_75,2,26,25,0.03348183631896973,0.00586700439453125,0.18914198875427246,0.0025207996368408203,0.03273582458496094,feasible_and_dc,True
194,j10_PSP_75,3,26,24,0.03348183631896973,0.00586700439453125,0.18914198875427246,0.0024747848510742188,0.03239703178405762,feasible_and_dc,True
195,j10_PSP_75,4,27,27,0.03348183631896973,0.00586700439453125,0.18914198875427246,0.0025069713592529297,0.032923221588134766,feasible_and_dc,True
196,j10_PSP_75,5,26,25,0.03348183631896973,0.00586700439453125,0.18914198875427246,0.002621173858642578,0.03453803062438965,feasible_and_dc,True
197,j10_PSP_75,6,27,27,0.03348183631896973,0.00586700439453125,0.18914198875427246,0.002635955810546875,0.03462982177734375,feasible_and_dc,True
198,j10_PSP_75,7,25,25,0.03348183631896973,0.00586700439453125,0.18914198875427246,0.0025322437286376953,0.03305697441101074,feasible_and_dc,True
199,j10_PSP_75,8,27,26,0.03348183631896973,0.00586700439453125,0.18914198875427246,0.002586841583251953,0.03313612937927246,feasible_and_dc,True
200,j10_PSP_75,9,25,23,0.03348183631896973,0.00586700439453125,0.18914198875427246,0.002704143524169922,0.03372812271118164,feasible_and_dc,True
201,j10_PSP_76,0,inf,inf,0.030727148056030273,0.0,0.0,0.0,0,infeasible,
202,j10_PSP_77,0,57,51,0.06073284149169922,0.006872653961181641,0.18811821937561035,0.0026869773864746094,0.0676419734954834,feasible_and_dc,True
203,j10_PSP_77,1,56,53,0.06073284149169922,0.006872653961181641,0.18811821937561035,0.0025129318237304688,0.052969932556152344,feasible_and_dc,True
204,j10_PSP_77,2,53,46,0.06073284149169922,0.006872653961181641,0.18811821937561035,0.0024771690368652344,0.05181074142456055,feasible_and_dc,True
205,j10_PSP_77,3,57,51,0.06073284149169922,0.006872653961181641,0.18811821937561035,0.002476930618286133,0.053435325622558594,feasible_and_dc,True
206,j10_PSP_77,4,54,50,0.06073284149169922,0.006872653961181641,0.18811821937561035,0.0025110244750976562,0.08099007606506348,feasible_and_dc,True
207,j10_PSP_77,5,49,45,0.06073284149169922,0.006872653961181641,0.18811821937561035,0.002486705780029297,0.06705904006958008,feasible_and_dc,True
208,j10_PSP_77,6,65,55,0.06073284149169922,0.006872653961181641,0.18811821937561035,0.0025169849395751953,0.06351494789123535,feasible_and_dc,True
209,j10_PSP_77,7,60,55,0.06073284149169922,0.006872653961181641,0.18811821937561035,0.002456188201904297,0.06443500518798828,feasible_and_dc,True
210,j10_PSP_77,8,52,44,0.06073284149169922,0.006872653961181641,0.18811821937561035,0.0024979114532470703,0.046914100646972656,feasible_and_dc,True
211,j10_PSP_77,9,56,51,0.06073284149169922,0.006872653961181641,0.18811821937561035,0.0025777816772460938,0.05343508720397949,feasible_and_dc,True
212,j10_PSP_78,0,28,27,0.03379702568054199,0.0060007572174072266,0.18769407272338867,0.002593994140625,0.03408098220825195,feasible_and_dc,True
213,j10_PSP_78,1,28,26,0.03379702568054199,0.0060007572174072266,0.18769407272338867,0.0024509429931640625,0.03402519226074219,feasible_and_dc,True
214,j10_PSP_78,2,28,27,0.03379702568054199,0.0060007572174072266,0.18769407272338867,0.002507925033569336,0.036360979080200195,feasible_and_dc,True
215,j10_PSP_78,3,28,26,0.03379702568054199,0.0060007572174072266,0.18769407272338867,0.0024690628051757812,0.03423309326171875,feasible_and_dc,True
216,j10_PSP_78,4,29,26,0.03379702568054199,0.0060007572174072266,0.18769407272338867,0.0024819374084472656,0.03423118591308594,feasible_and_dc,True
217,j10_PSP_78,5,28,26,0.03379702568054199,0.0060007572174072266,0.18769407272338867,0.002499103546142578,0.03558611869812012,feasible_and_dc,True
218,j10_PSP_78,6,29,26,0.03379702568054199,0.0060007572174072266,0.18769407272338867,0.0024628639221191406,0.03344607353210449,feasible_and_dc,True
219,j10_PSP_78,7,28,26,0.03379702568054199,0.0060007572174072266,0.18769407272338867,0.0027968883514404297,0.03394269943237305,feasible_and_dc,True
220,j10_PSP_78,8,29,26,0.03379702568054199,0.0060007572174072266,0.18769407272338867,0.002489805221557617,0.033512115478515625,feasible_and_dc,True
221,j10_PSP_78,9,29,26,0.03379702568054199,0.0060007572174072266,0.18769407272338867,0.002519845962524414,0.03360414505004883,feasible_and_dc,True
222,j10_PSP_79,0,30,30,0.03302502632141113,0.005463123321533203,0.1911618709564209,0.0023941993713378906,0.03721308708190918,feasible_and_dc,True
223,j10_PSP_79,1,33,30,0.03302502632141113,0.005463123321533203,0.1911618709564209,0.0022802352905273438,0.03407120704650879,feasible_and_dc,True
224,j10_PSP_79,2,30,30,0.03302502632141113,0.005463123321533203,0.1911618709564209,0.0022649765014648438,0.03381514549255371,feasible_and_dc,True
225,j10_PSP_79,3,30,30,0.03302502632141113,0.005463123321533203,0.1911618709564209,0.002215147018432617,0.03404498100280762,feasible_and_dc,True
226,j10_PSP_79,4,33,30,0.03302502632141113,0.005463123321533203,0.1911618709564209,0.0022830963134765625,0.03472018241882324,feasible_and_dc,True
227,j10_PSP_79,5,32,30,0.03302502632141113,0.005463123321533203,0.1911618709564209,0.002285003662109375,0.034513235092163086,feasible_and_dc,True
228,j10_PSP_79,6,30,30,0.03302502632141113,0.005463123321533203,0.1911618709564209,0.0023779869079589844,0.03346419334411621,feasible_and_dc,True
229,j10_PSP_79,7,30,30,0.03302502632141113,0.005463123321533203,0.1911618709564209,0.002316713333129883,0.0322721004486084,feasible_and_dc,True
230,j10_PSP_79,8,30,30,0.03302502632141113,0.005463123321533203,0.1911618709564209,0.002223968505859375,0.03192615509033203,feasible_and_dc,True
231,j10_PSP_79,9,30,30,0.03302502632141113,0.005463123321533203,0.1911618709564209,0.002215147018432617,0.03229093551635742,feasible_and_dc,True
232,j10_PSP_80,0,inf,inf,0.035067081451416016,0.006604194641113281,0.1930530071258545,0.0,0,feasible_but_not_dc,
233,j10_PSP_81,0,inf,NotImplementedYet,0.03888893127441406,0.006169319152832031,0.18496370315551758,0.001461029052734375,NotImplementedYet,feasible_and_dc_but_rte_error,
234,j10_PSP_81,1,19,17,0.03888893127441406,0.006169319152832031,0.18496370315551758,0.002135753631591797,0.034010887145996094,feasible_and_dc,True
235,j10_PSP_81,2,21,19,0.03888893127441406,0.006169319152832031,0.18496370315551758,0.002176046371459961,0.034874916076660156,feasible_and_dc,True
236,j10_PSP_81,3,20,16,0.03888893127441406,0.006169319152832031,0.18496370315551758,0.0021181106567382812,0.03362607955932617,feasible_and_dc,True
237,j10_PSP_81,4,19,18,0.03888893127441406,0.006169319152832031,0.18496370315551758,0.002134084701538086,0.03350400924682617,feasible_and_dc,True
238,j10_PSP_81,5,18,17,0.03888893127441406,0.006169319152832031,0.18496370315551758,0.0021467208862304688,0.03408098220825195,feasible_and_dc,True
239,j10_PSP_81,6,21,17,0.03888893127441406,0.006169319152832031,0.18496370315551758,0.0021009445190429688,0.035096168518066406,feasible_and_dc,True
240,j10_PSP_81,7,22,21,0.03888893127441406,0.006169319152832031,0.18496370315551758,0.0021648406982421875,0.0358738899230957,feasible_and_dc,True
241,j10_PSP_81,8,23,19,0.03888893127441406,0.006169319152832031,0.18496370315551758,0.0021941661834716797,0.03328585624694824,feasible_and_dc,True
242,j10_PSP_81,9,20,19,0.03888893127441406,0.006169319152832031,0.18496370315551758,0.002079010009765625,0.03310227394104004,feasible_and_dc,True
243,j10_PSP_82,0,inf,inf,0.03232002258300781,0.00632023811340332,0.18282198905944824,0.0,0,feasible_but_not_dc,
244,j10_PSP_83,0,inf,inf,0.03505706787109375,0.007370948791503906,0.18702101707458496,0.0,0,feasible_but_not_dc,
245,j10_PSP_84,0,48,48,0.034461021423339844,0.007565975189208984,0.1743319034576416,0.0024449825286865234,0.03479599952697754,feasible_and_dc,True
246,j10_PSP_84,1,47,47,0.034461021423339844,0.007565975189208984,0.1743319034576416,0.0025091171264648438,0.03346824645996094,feasible_and_dc,True
247,j10_PSP_84,2,49,48,0.034461021423339844,0.007565975189208984,0.1743319034576416,0.002410888671875,0.034150123596191406,feasible_and_dc,True
248,j10_PSP_84,3,49,49,0.034461021423339844,0.007565975189208984,0.1743319034576416,0.0025031566619873047,0.03390312194824219,feasible_and_dc,True
249,j10_PSP_84,4,47,47,0.034461021423339844,0.007565975189208984,0.1743319034576416,0.002457857131958008,0.03625607490539551,feasible_and_dc,True
250,j10_PSP_84,5,47,47,0.034461021423339844,0.007565975189208984,0.1743319034576416,0.0025119781494140625,0.03370523452758789,feasible_and_dc,True
251,j10_PSP_84,6,47,47,0.034461021423339844,0.007565975189208984,0.1743319034576416,0.002427816390991211,0.03364205360412598,feasible_and_dc,True
252,j10_PSP_84,7,47,47,0.034461021423339844,0.007565975189208984,0.1743319034576416,0.0024766921997070312,0.03370785713195801,feasible_and_dc,True
253,j10_PSP_84,8,47,47,0.034461021423339844,0.007565975189208984,0.1743319034576416,0.0024900436401367188,0.03340268135070801,feasible_and_dc,True
254,j10_PSP_84,9,47,47,0.034461021423339844,0.007565975189208984,0.1743319034576416,0.0024170875549316406,0.03455686569213867,feasible_and_dc,True
255,j10_PSP_85,0,inf,inf,0.034327030181884766,0.005276918411254883,0.19627904891967773,0.0,0,feasible_but_not_dc,
256,j10_PSP_86,0,42,41,0.03372311592102051,0.0059010982513427734,0.18581295013427734,0.002634763717651367,0.03683805465698242,feasible_and_dc,True
257,j10_PSP_86,1,41,40,0.03372311592102051,0.0059010982513427734,0.18581295013427734,0.0026121139526367188,0.03624415397644043,feasible_and_dc,True
258,j10_PSP_86,2,43,40,0.03372311592102051,0.0059010982513427734,0.18581295013427734,0.002471923828125,0.03594398498535156,feasible_and_dc,True
259,j10_PSP_86,3,44,41,0.03372311592102051,0.0059010982513427734,0.18581295013427734,0.002457141876220703,0.034707069396972656,feasible_and_dc,True
260,j10_PSP_86,4,46,43,0.03372311592102051,0.0059010982513427734,0.18581295013427734,0.0024271011352539062,0.03669881820678711,feasible_and_dc,True
261,j10_PSP_86,5,47,40,0.03372311592102051,0.0059010982513427734,0.18581295013427734,0.0024781227111816406,0.03501105308532715,feasible_and_dc,True
262,j10_PSP_86,6,48,41,0.03372311592102051,0.0059010982513427734,0.18581295013427734,0.002534151077270508,0.03533482551574707,feasible_and_dc,True
263,j10_PSP_86,7,44,40,0.03372311592102051,0.0059010982513427734,0.18581295013427734,0.002511262893676758,0.034589290618896484,feasible_and_dc,True
264,j10_PSP_86,8,44,41,0.03372311592102051,0.0059010982513427734,0.18581295013427734,0.002519845962524414,0.03506898880004883,feasible_and_dc,True
265,j10_PSP_86,9,42,41,0.03372311592102051,0.0059010982513427734,0.18581295013427734,0.0025780200958251953,0.03488898277282715,feasible_and_dc,True
266,j10_PSP_87,0,inf,inf,0.03450918197631836,0.0063822269439697266,0.18603992462158203,0.0,0,feasible_but_not_dc,
267,j10_PSP_88,0,inf,inf,0.05291390419006348,0.006540060043334961,0.18373608589172363,0.0,0,feasible_but_not_dc,
268,j10_PSP_89,0,inf,inf,0.035472869873046875,0.0072557926177978516,0.18623113632202148,0.0,0,feasible_but_not_dc,
269,j10_PSP_90,0,inf,inf,0.033937931060791016,0.00645899772644043,0.18063712120056152,0.0,0,feasible_but_not_dc,
270,j10_PSP_91,0,inf,inf,0.034440040588378906,0.005450010299682617,0.1796870231628418,0.0,0,feasible_but_not_dc,
271,j10_PSP_92,0,inf,inf,0.03008103370666504,0.0,0.0,0.0,0,infeasible,
272,j10_PSP_93,0,inf,inf,0.029413223266601562,0.0,0.0,0.0,0,infeasible,
273,j10_PSP_94,0,inf,inf,0.032063961029052734,0.004926204681396484,0.18320488929748535,0.0,0,feasible_but_not_dc,
274,j10_PSP_95,0,48,48,0.045858144760131836,0.0054531097412109375,0.18680810928344727,0.0024988651275634766,0.04820871353149414,feasible_and_dc,True
275,j10_PSP_95,1,49,48,0.045858144760131836,0.0054531097412109375,0.18680810928344727,0.0022859573364257812,0.03431820869445801,feasible_and_dc,True
276,j10_PSP_95,2,46,46,0.045858144760131836,0.0054531097412109375,0.18680810928344727,0.002321958541870117,0.05148434638977051,feasible_and_dc,True
277,j10_PSP_95,3,46,46,0.045858144760131836,0.0054531097412109375,0.18680810928344727,0.002395153045654297,0.037854909896850586,feasible_and_dc,True
278,j10_PSP_95,4,45,39,0.045858144760131836,0.0054531097412109375,0.18680810928344727,0.0023369789123535156,0.03635096549987793,feasible_and_dc,True
279,j10_PSP_95,5,42,36,0.045858144760131836,0.0054531097412109375,0.18680810928344727,0.0024566650390625,0.03437614440917969,feasible_and_dc,True
280,j10_PSP_95,6,42,42,0.045858144760131836,0.0054531097412109375,0.18680810928344727,0.0022678375244140625,0.033609867095947266,feasible_and_dc,True
281,j10_PSP_95,7,46,44,0.045858144760131836,0.0054531097412109375,0.18680810928344727,0.002289295196533203,0.048501014709472656,feasible_and_dc,True
282,j10_PSP_95,8,47,42,0.045858144760131836,0.0054531097412109375,0.18680810928344727,0.0023148059844970703,0.03368186950683594,feasible_and_dc,True
283,j10_PSP_95,9,47,46,0.045858144760131836,0.0054531097412109375,0.18680810928344727,0.002373218536376953,0.03293490409851074,feasible_and_dc,True
284,j10_PSP_96,0,49,44,0.04809403419494629,0.00592494010925293,0.18885493278503418,0.0024302005767822266,0.03440213203430176,feasible_and_dc,True
285,j10_PSP_96,1,53,42,0.04809403419494629,0.00592494010925293,0.18885493278503418,0.002315044403076172,0.03413891792297363,feasible_and_dc,True
286,j10_PSP_96,2,49,43,0.04809403419494629,0.00592494010925293,0.18885493278503418,0.0023288726806640625,0.04863405227661133,feasible_and_dc,True
287,j10_PSP_96,3,53,45,0.04809403419494629,0.00592494010925293,0.18885493278503418,0.002274751663208008,0.03340911865234375,feasible_and_dc,True
288,j10_PSP_96,4,54,51,0.04809403419494629,0.00592494010925293,0.18885493278503418,0.0023190975189208984,0.03780817985534668,feasible_and_dc,True
289,j10_PSP_96,5,52,38,0.04809403419494629,0.00592494010925293,0.18885493278503418,0.002328157424926758,0.03198599815368652,feasible_and_dc,True
290,j10_PSP_96,6,48,37,0.04809403419494629,0.00592494010925293,0.18885493278503418,0.0022902488708496094,0.03194999694824219,feasible_and_dc,True
291,j10_PSP_96,7,52,49,0.04809403419494629,0.00592494010925293,0.18885493278503418,0.002271890640258789,0.043222904205322266,feasible_and_dc,True
292,j10_PSP_96,8,48,37,0.04809403419494629,0.00592494010925293,0.18885493278503418,0.002401590347290039,0.033560991287231445,feasible_and_dc,True
293,j10_PSP_96,9,49,42,0.04809403419494629,0.00592494010925293,0.18885493278503418,0.0023169517517089844,0.034957170486450195,feasible_and_dc,True
294,j10_PSP_97,0,inf,inf,0.03696107864379883,0.004943132400512695,0.1844959259033203,0.0,0,feasible_but_not_dc,
295,j10_PSP_98,0,inf,inf,0.030752182006835938,0.0,0.0,0.0,0,infeasible,
296,j10_PSP_99,0,inf,inf,0.03286027908325195,0.006560087203979492,0.18297505378723145,0.0,0,feasible_but_not_dc,
297,j10_PSP_100,0,inf,inf,0.035325050354003906,0.007117033004760742,0.1922597885131836,0.0,0,feasible_but_not_dc,
298,j10_PSP_101,0,inf,inf,0.035594940185546875,0.0066869258880615234,0.18668699264526367,0.0,0,feasible_but_not_dc,
299,j10_PSP_102,0,inf,inf,0.036724090576171875,0.005238771438598633,0.1906752586364746,0.0,0,feasible_but_not_dc,
300,j10_PSP_103,0,20,16,0.03464007377624512,0.00597691535949707,0.18657398223876953,0.0022771358489990234,0.03529095649719238,feasible_and_dc,True
301,j10_PSP_103,1,19,18,0.03464007377624512,0.00597691535949707,0.18657398223876953,0.002177715301513672,0.035092830657958984,feasible_and_dc,True
302,j10_PSP_103,2,18,16,0.03464007377624512,0.00597691535949707,0.18657398223876953,0.002143383026123047,0.033883094787597656,feasible_and_dc,True
303,j10_PSP_103,3,18,17,0.03464007377624512,0.00597691535949707,0.18657398223876953,0.002161741256713867,0.03454995155334473,feasible_and_dc,True
304,j10_PSP_103,4,17,15,0.03464007377624512,0.00597691535949707,0.18657398223876953,0.002115011215209961,0.03463864326477051,feasible_and_dc,True
305,j10_PSP_103,5,19,17,0.03464007377624512,0.00597691535949707,0.18657398223876953,0.0022668838500976562,0.03461503982543945,feasible_and_dc,True
306,j10_PSP_103,6,21,18,0.03464007377624512,0.00597691535949707,0.18657398223876953,0.0021529197692871094,0.03360891342163086,feasible_and_dc,True
307,j10_PSP_103,7,18,17,0.03464007377624512,0.00597691535949707,0.18657398223876953,0.0021839141845703125,0.03376603126525879,feasible_and_dc,True
308,j10_PSP_103,8,17,16,0.03464007377624512,0.00597691535949707,0.18657398223876953,0.002218961715698242,0.035498857498168945,feasible_and_dc,True
309,j10_PSP_103,9,18,18,0.03464007377624512,0.00597691535949707,0.18657398223876953,0.002151012420654297,0.08006596565246582,feasible_and_dc,True
310,j10_PSP_104,0,32,32,0.03551006317138672,0.005474090576171875,0.19313406944274902,0.0022821426391601562,0.03570914268493652,feasible_and_dc,True
311,j10_PSP_104,1,31,31,0.03551006317138672,0.005474090576171875,0.19313406944274902,0.0022068023681640625,0.03412199020385742,feasible_and_dc,True
312,j10_PSP_104,2,31,30,0.03551006317138672,0.005474090576171875,0.19313406944274902,0.0022242069244384766,0.03408169746398926,feasible_and_dc,True
313,j10_PSP_104,3,30,30,0.03551006317138672,0.005474090576171875,0.19313406944274902,0.002233743667602539,0.03576016426086426,feasible_and_dc,True
314,j10_PSP_104,4,33,33,0.03551006317138672,0.005474090576171875,0.19313406944274902,0.0022971630096435547,0.036440134048461914,feasible_and_dc,True
315,j10_PSP_104,5,31,31,0.03551006317138672,0.005474090576171875,0.19313406944274902,0.0022420883178710938,0.03442096710205078,feasible_and_dc,True
316,j10_PSP_104,6,31,31,0.03551006317138672,0.005474090576171875,0.19313406944274902,0.0022161006927490234,0.03400397300720215,feasible_and_dc,True
317,j10_PSP_104,7,31,31,0.03551006317138672,0.005474090576171875,0.19313406944274902,0.0022017955780029297,0.033553361892700195,feasible_and_dc,True
318,j10_PSP_104,8,31,31,0.03551006317138672,0.005474090576171875,0.19313406944274902,0.002190828323364258,0.035034894943237305,feasible_and_dc,True
319,j10_PSP_104,9,31,29,0.03551006317138672,0.005474090576171875,0.19313406944274902,0.0021979808807373047,0.03387808799743652,feasible_and_dc,True
320,j10_PSP_105,0,26,19,0.06386399269104004,0.006680727005004883,0.18862676620483398,0.002429962158203125,0.03452634811401367,feasible_and_dc,True
321,j10_PSP_105,1,26,20,0.06386399269104004,0.006680727005004883,0.18862676620483398,0.0023081302642822266,0.03384089469909668,feasible_and_dc,True
322,j10_PSP_105,2,23,18,0.06386399269104004,0.006680727005004883,0.18862676620483398,0.0022537708282470703,0.036377906799316406,feasible_and_dc,True
323,j10_PSP_105,3,24,24,0.06386399269104004,0.006680727005004883,0.18862676620483398,0.0023398399353027344,0.06638097763061523,feasible_and_dc,True
324,j10_PSP_105,4,26,20,0.06386399269104004,0.006680727005004883,0.18862676620483398,0.0024230480194091797,0.034841060638427734,feasible_and_dc,True
325,j10_PSP_105,5,23,22,0.06386399269104004,0.006680727005004883,0.18862676620483398,0.002315998077392578,0.06274127960205078,feasible_and_dc,True
326,j10_PSP_105,6,23,18,0.06386399269104004,0.006680727005004883,0.18862676620483398,0.0022928714752197266,0.03409695625305176,feasible_and_dc,True
327,j10_PSP_105,7,24,19,0.06386399269104004,0.006680727005004883,0.18862676620483398,0.0023040771484375,0.03467607498168945,feasible_and_dc,True
328,j10_PSP_105,8,24,23,0.06386399269104004,0.006680727005004883,0.18862676620483398,0.0024187564849853516,0.04166388511657715,feasible_and_dc,True
329,j10_PSP_105,9,23,18,0.06386399269104004,0.006680727005004883,0.18862676620483398,0.0024340152740478516,0.03433108329772949,feasible_and_dc,True
330,j10_PSP_106,0,inf,inf,0.03447127342224121,0.005526065826416016,0.1883089542388916,0.0,0,feasible_but_not_dc,
331,j10_PSP_107,0,44,44,0.03386282920837402,0.005338191986083984,0.19040894508361816,0.002360105514526367,0.034668684005737305,feasible_and_dc,True
332,j10_PSP_107,1,44,44,0.03386282920837402,0.005338191986083984,0.19040894508361816,0.0022170543670654297,0.03322887420654297,feasible_and_dc,True
333,j10_PSP_107,2,43,43,0.03386282920837402,0.005338191986083984,0.19040894508361816,0.0022382736206054688,0.033393144607543945,feasible_and_dc,True
334,j10_PSP_107,3,43,43,0.03386282920837402,0.005338191986083984,0.19040894508361816,0.002415895462036133,0.03390693664550781,feasible_and_dc,True
335,j10_PSP_107,4,46,46,0.03386282920837402,0.005338191986083984,0.19040894508361816,0.0023260116577148438,0.03542208671569824,feasible_and_dc,True
336,j10_PSP_107,5,46,46,0.03386282920837402,0.005338191986083984,0.19040894508361816,0.002483844757080078,0.034628868103027344,feasible_and_dc,True
337,j10_PSP_107,6,45,45,0.03386282920837402,0.005338191986083984,0.19040894508361816,0.0024139881134033203,0.034898996353149414,feasible_and_dc,True
338,j10_PSP_107,7,47,47,0.03386282920837402,0.005338191986083984,0.19040894508361816,0.0023081302642822266,0.03349709510803223,feasible_and_dc,True
339,j10_PSP_107,8,47,47,0.03386282920837402,0.005338191986083984,0.19040894508361816,0.0022940635681152344,0.0330357551574707,feasible_and_dc,True
340,j10_PSP_107,9,47,47,0.03386282920837402,0.005338191986083984,0.19040894508361816,0.002276897430419922,0.033479928970336914,feasible_and_dc,True
341,j10_PSP_108,0,inf,inf,0.03126716613769531,0.0,0.0,0.0,0,infeasible,
342,j10_PSP_109,0,inf,inf,0.030118227005004883,0.0,0.0,0.0,0,infeasible,
343,j10_PSP_110,0,inf,inf,0.03506612777709961,0.006793975830078125,0.19593214988708496,0.0,0,feasible_but_not_dc,
344,j10_PSP_111,0,34,30,0.03497314453125,0.006475925445556641,0.18381476402282715,0.002223968505859375,0.035536766052246094,feasible_and_dc,True
345,j10_PSP_111,1,34,30,0.03497314453125,0.006475925445556641,0.18381476402282715,0.0020661354064941406,0.0354001522064209,feasible_and_dc,True
346,j10_PSP_111,2,33,31,0.03497314453125,0.006475925445556641,0.18381476402282715,0.0021860599517822266,0.03683209419250488,feasible_and_dc,True
347,j10_PSP_111,3,31,30,0.03497314453125,0.006475925445556641,0.18381476402282715,0.0020380020141601562,0.03606390953063965,feasible_and_dc,True
348,j10_PSP_111,4,31,30,0.03497314453125,0.006475925445556641,0.18381476402282715,0.0020270347595214844,0.033843040466308594,feasible_and_dc,True
349,j10_PSP_111,5,34,30,0.03497314453125,0.006475925445556641,0.18381476402282715,0.00201416015625,0.03357386589050293,feasible_and_dc,True
350,j10_PSP_111,6,32,30,0.03497314453125,0.006475925445556641,0.18381476402282715,0.0021119117736816406,0.032594919204711914,feasible_and_dc,True
351,j10_PSP_111,7,32,31,0.03497314453125,0.006475925445556641,0.18381476402282715,0.0019991397857666016,0.032469987869262695,feasible_and_dc,True
352,j10_PSP_111,8,34,34,0.03497314453125,0.006475925445556641,0.18381476402282715,0.0019719600677490234,0.03345179557800293,feasible_and_dc,True
353,j10_PSP_111,9,33,30,0.03497314453125,0.006475925445556641,0.18381476402282715,0.002009153366088867,0.03250312805175781,feasible_and_dc,True
354,j10_PSP_112,0,inf,inf,0.03271293640136719,0.0,0.0,0.0,0,infeasible,
355,j10_PSP_113,0,inf,inf,0.03441905975341797,0.005398988723754883,0.18741297721862793,0.0,0,feasible_but_not_dc,
356,j10_PSP_114,0,39,39,0.035730838775634766,0.007308006286621094,0.1996610164642334,0.0023381710052490234,0.03421187400817871,feasible_and_dc,True
357,j10_PSP_114,1,36,36,0.035730838775634766,0.007308006286621094,0.1996610164642334,0.0022928714752197266,0.03594398498535156,feasible_and_dc,True
358,j10_PSP_114,2,38,38,0.035730838775634766,0.007308006286621094,0.1996610164642334,0.002151012420654297,0.03869199752807617,feasible_and_dc,True
359,j10_PSP_114,3,38,38,0.035730838775634766,0.007308006286621094,0.1996610164642334,0.0021038055419921875,0.035833120346069336,feasible_and_dc,True
360,j10_PSP_114,4,39,39,0.035730838775634766,0.007308006286621094,0.1996610164642334,0.0022962093353271484,0.03733515739440918,feasible_and_dc,True
361,j10_PSP_114,5,36,36,0.035730838775634766,0.007308006286621094,0.1996610164642334,0.0021529197692871094,0.03751397132873535,feasible_and_dc,True
362,j10_PSP_114,6,37,37,0.035730838775634766,0.007308006286621094,0.1996610164642334,0.0021719932556152344,0.035346031188964844,feasible_and_dc,True
363,j10_PSP_114,7,38,38,0.035730838775634766,0.007308006286621094,0.1996610164642334,0.0022039413452148438,0.03491091728210449,feasible_and_dc,True
364,j10_PSP_114,8,36,36,0.035730838775634766,0.007308006286621094,0.1996610164642334,0.0021820068359375,0.03439521789550781,feasible_and_dc,True
365,j10_PSP_114,9,40,40,0.035730838775634766,0.007308006286621094,0.1996610164642334,0.0022640228271484375,0.03454470634460449,feasible_and_dc,True
366,j10_PSP_115,0,inf,inf,0.0341649055480957,0.005664825439453125,0.18064093589782715,0.0,0,feasible_but_not_dc,
367,j10_PSP_116,0,17,15,0.03396463394165039,0.004804849624633789,0.18544816970825195,0.0020112991333007812,0.03410816192626953,feasible_and_dc,True
368,j10_PSP_116,1,15,13,0.03396463394165039,0.004804849624633789,0.18544816970825195,0.001950979232788086,0.03342008590698242,feasible_and_dc,True
369,j10_PSP_116,2,19,15,0.03396463394165039,0.004804849624633789,0.18544816970825195,0.0019712448120117188,0.03418993949890137,feasible_and_dc,True
370,j10_PSP_116,3,16,14,0.03396463394165039,0.004804849624633789,0.18544816970825195,0.0019059181213378906,0.0337827205657959,feasible_and_dc,True
371,j10_PSP_116,4,20,16,0.03396463394165039,0.004804849624633789,0.18544816970825195,0.0018999576568603516,0.034073829650878906,feasible_and_dc,True
372,j10_PSP_116,5,16,13,0.03396463394165039,0.004804849624633789,0.18544816970825195,0.0019860267639160156,0.033547163009643555,feasible_and_dc,True
373,j10_PSP_116,6,19,16,0.03396463394165039,0.004804849624633789,0.18544816970825195,0.0018849372863769531,0.03345894813537598,feasible_and_dc,True
374,j10_PSP_116,7,19,15,0.03396463394165039,0.004804849624633789,0.18544816970825195,0.0019259452819824219,0.0339970588684082,feasible_and_dc,True
375,j10_PSP_116,8,15,15,0.03396463394165039,0.004804849624633789,0.18544816970825195,0.0019078254699707031,0.0339350700378418,feasible_and_dc,True
376,j10_PSP_116,9,16,13,0.03396463394165039,0.004804849624633789,0.18544816970825195,0.0019600391387939453,0.0343320369720459,feasible_and_dc,True
377,j10_PSP_117,0,26,23,0.04780220985412598,0.0063550472259521484,0.19135689735412598,0.0022211074829101562,0.0357210636138916,feasible_and_dc,True
378,j10_PSP_117,1,27,24,0.04780220985412598,0.0063550472259521484,0.19135689735412598,0.0021779537200927734,0.034533023834228516,feasible_and_dc,True
379,j10_PSP_117,2,27,25,0.04780220985412598,0.0063550472259521484,0.19135689735412598,0.00222015380859375,0.03546619415283203,feasible_and_dc,True
380,j10_PSP_117,3,26,24,0.04780220985412598,0.0063550472259521484,0.19135689735412598,0.0022802352905273438,0.03508305549621582,feasible_and_dc,True
381,j10_PSP_117,4,29,27,0.04780220985412598,0.0063550472259521484,0.19135689735412598,0.002209901809692383,0.035025835037231445,feasible_and_dc,True
382,j10_PSP_117,5,27,24,0.04780220985412598,0.0063550472259521484,0.19135689735412598,0.0021800994873046875,0.033579111099243164,feasible_and_dc,True
383,j10_PSP_117,6,26,24,0.04780220985412598,0.0063550472259521484,0.19135689735412598,0.002172231674194336,0.03311514854431152,feasible_and_dc,True
384,j10_PSP_117,7,27,24,0.04780220985412598,0.0063550472259521484,0.19135689735412598,0.0022051334381103516,0.03592324256896973,feasible_and_dc,True
385,j10_PSP_117,8,27,22,0.04780220985412598,0.0063550472259521484,0.19135689735412598,0.002312183380126953,0.035300254821777344,feasible_and_dc,True
386,j10_PSP_117,9,26,24,0.04780220985412598,0.0063550472259521484,0.19135689735412598,0.002289295196533203,0.03538775444030762,feasible_and_dc,True
387,j10_PSP_118,0,inf,inf,0.031685829162597656,0.0,0.0,0.0,0,infeasible,
388,j10_PSP_119,0,inf,inf,0.030549049377441406,0.0,0.0,0.0,0,infeasible,
389,j10_PSP_120,0,inf,inf,0.0337369441986084,0.0063512325286865234,0.19260478019714355,0.0,0,feasible_but_not_dc,
390,j10_PSP_121,0,inf,inf,0.05547809600830078,0.006575822830200195,0.18766093254089355,0.0,0,feasible_but_not_dc,
391,j10_PSP_122,0,inf,inf,0.030656099319458008,0.0,0.0,0.0,0,infeasible,
392,j10_PSP_123,0,inf,inf,0.03180289268493652,0.0,0.0,0.0,0,infeasible,
393,j10_PSP_124,0,inf,inf,0.03209066390991211,0.0,0.0,0.0,0,infeasible,
394,j10_PSP_125,0,inf,inf,60.03076195716858,0.0,0.0,0.0,0,infeasible,
395,j10_PSP_126,0,inf,inf,0.0641031265258789,0.00628209114074707,0.2739119529724121,0.0,0,feasible_but_not_dc,
396,j10_PSP_127,0,inf,inf,0.03499293327331543,0.00642085075378418,0.18265700340270996,0.0,0,feasible_but_not_dc,
397,j10_PSP_128,0,inf,inf,0.03436994552612305,0.006307125091552734,0.19118690490722656,0.0,0,feasible_but_not_dc,
398,j10_PSP_129,0,49,43,0.05771183967590332,0.00631403923034668,0.18188118934631348,0.002465963363647461,0.048799991607666016,feasible_and_dc,True
399,j10_PSP_129,1,50,46,0.05771183967590332,0.00631403923034668,0.18188118934631348,0.0024390220642089844,0.052670955657958984,feasible_and_dc,True
400,j10_PSP_129,2,44,41,0.05771183967590332,0.00631403923034668,0.18188118934631348,0.002440929412841797,0.05314373970031738,feasible_and_dc,True
401,j10_PSP_129,3,52,51,0.05771183967590332,0.00631403923034668,0.18188118934631348,0.0024139881134033203,0.052442073822021484,feasible_and_dc,True
402,j10_PSP_129,4,54,52,0.05771183967590332,0.00631403923034668,0.18188118934631348,0.002432107925415039,0.05628323554992676,feasible_and_dc,True
403,j10_PSP_129,5,58,55,0.05771183967590332,0.00631403923034668,0.18188118934631348,0.0024650096893310547,0.058129072189331055,feasible_and_dc,True
404,j10_PSP_129,6,46,43,0.05771183967590332,0.00631403923034668,0.18188118934631348,0.0024721622467041016,0.05608725547790527,feasible_and_dc,True
405,j10_PSP_129,7,52,44,0.05771183967590332,0.00631403923034668,0.18188118934631348,0.0024759769439697266,0.06564092636108398,feasible_and_dc,True
406,j10_PSP_129,8,45,40,0.05771183967590332,0.00631403923034668,0.18188118934631348,0.0024869441986083984,0.047835350036621094,feasible_and_dc,True
407,j10_PSP_129,9,45,45,0.05771183967590332,0.00631403923034668,0.18188118934631348,0.0024378299713134766,0.05130505561828613,feasible_and_dc,True
408,j10_PSP_130,0,44,44,0.033187150955200195,0.006673097610473633,0.17953205108642578,0.0024230480194091797,0.03393983840942383,feasible_and_dc,True
409,j10_PSP_130,1,44,44,0.033187150955200195,0.006673097610473633,0.17953205108642578,0.0028548240661621094,0.03674960136413574,feasible_and_dc,True
410,j10_PSP_130,2,44,44,0.033187150955200195,0.006673097610473633,0.17953205108642578,0.0026493072509765625,0.0344700813293457,feasible_and_dc,True
411,j10_PSP_130,3,44,44,0.033187150955200195,0.006673097610473633,0.17953205108642578,0.002469778060913086,0.034650325775146484,feasible_and_dc,True
412,j10_PSP_130,4,44,44,0.033187150955200195,0.006673097610473633,0.17953205108642578,0.0024340152740478516,0.03386282920837402,feasible_and_dc,True
413,j10_PSP_130,5,44,44,0.033187150955200195,0.006673097610473633,0.17953205108642578,0.0024459362030029297,0.03408217430114746,feasible_and_dc,True
414,j10_PSP_130,6,44,44,0.033187150955200195,0.006673097610473633,0.17953205108642578,0.0024352073669433594,0.033471107482910156,feasible_and_dc,True
415,j10_PSP_130,7,44,44,0.033187150955200195,0.006673097610473633,0.17953205108642578,0.0024039745330810547,0.03190279006958008,feasible_and_dc,True
416,j10_PSP_130,8,44,44,0.033187150955200195,0.006673097610473633,0.17953205108642578,0.00243377685546875,0.032150983810424805,feasible_and_dc,True
417,j10_PSP_130,9,45,45,0.033187150955200195,0.006673097610473633,0.17953205108642578,0.0024251937866210938,0.03244900703430176,feasible_and_dc,True
418,j10_PSP_131,0,46,46,0.03243207931518555,0.0066280364990234375,0.1809990406036377,0.0024139881134033203,0.03399300575256348,feasible_and_dc,True
419,j10_PSP_131,1,48,48,0.03243207931518555,0.0066280364990234375,0.1809990406036377,0.002346038818359375,0.03644680976867676,feasible_and_dc,True
420,j10_PSP_131,2,47,47,0.03243207931518555,0.0066280364990234375,0.1809990406036377,0.0023941993713378906,0.033457040786743164,feasible_and_dc,True
421,j10_PSP_131,3,44,44,0.03243207931518555,0.0066280364990234375,0.1809990406036377,0.002299070358276367,0.032073259353637695,feasible_and_dc,True
422,j10_PSP_131,4,45,45,0.03243207931518555,0.0066280364990234375,0.1809990406036377,0.002318143844604492,0.03271770477294922,feasible_and_dc,True
423,j10_PSP_131,5,46,44,0.03243207931518555,0.0066280364990234375,0.1809990406036377,0.0023758411407470703,0.03296303749084473,feasible_and_dc,True
424,j10_PSP_131,6,47,45,0.03243207931518555,0.0066280364990234375,0.1809990406036377,0.0023441314697265625,0.033406972885131836,feasible_and_dc,True
425,j10_PSP_131,7,46,46,0.03243207931518555,0.0066280364990234375,0.1809990406036377,0.0023839473724365234,0.03233528137207031,feasible_and_dc,True
426,j10_PSP_131,8,47,47,0.03243207931518555,0.0066280364990234375,0.1809990406036377,0.002373933792114258,0.03393721580505371,feasible_and_dc,True
427,j10_PSP_131,9,47,46,0.03243207931518555,0.0066280364990234375,0.1809990406036377,0.002398967742919922,0.07725691795349121,feasible_and_dc,True
428,j10_PSP_132,0,inf,inf,0.03758716583251953,0.0064890384674072266,0.1849358081817627,0.0,0,feasible_but_not_dc,
429,j10_PSP_133,0,inf,inf,0.0348210334777832,0.006245136260986328,0.18233609199523926,0.0,0,feasible_but_not_dc,
430,j10_PSP_134,0,inf,inf,0.03440594673156738,0.005511045455932617,0.1872708797454834,0.0,0,feasible_but_not_dc,
431,j10_PSP_135,0,inf,inf,0.06921100616455078,0.008577108383178711,0.19502902030944824,0.0,0,feasible_but_not_dc,
432,j10_PSP_136,0,inf,inf,0.03150320053100586,0.0,0.0,0.0,0,infeasible,
433,j10_PSP_137,0,inf,inf,0.03555488586425781,0.008313894271850586,0.1954047679901123,0.0,0,feasible_but_not_dc,
434,j10_PSP_138,0,48,44,0.03727293014526367,0.007796049118041992,0.17579889297485352,0.002440929412841797,0.03460502624511719,feasible_and_dc,True
435,j10_PSP_138,1,43,42,0.03727293014526367,0.007796049118041992,0.17579889297485352,0.002485990524291992,0.035964012145996094,feasible_and_dc,True
436,j10_PSP_138,2,42,41,0.03727293014526367,0.007796049118041992,0.17579889297485352,0.002396821975708008,0.03415083885192871,feasible_and_dc,True
437,j10_PSP_138,3,45,42,0.03727293014526367,0.007796049118041992,0.17579889297485352,0.0024597644805908203,0.0515141487121582,feasible_and_dc,True
438,j10_PSP_138,4,43,39,0.03727293014526367,0.007796049118041992,0.17579889297485352,0.002471923828125,0.03473496437072754,feasible_and_dc,True
439,j10_PSP_138,5,42,41,0.03727293014526367,0.007796049118041992,0.17579889297485352,0.0024461746215820312,0.03447294235229492,feasible_and_dc,True
440,j10_PSP_138,6,38,37,0.03727293014526367,0.007796049118041992,0.17579889297485352,0.002499818801879883,0.03390908241271973,feasible_and_dc,True
441,j10_PSP_138,7,48,44,0.03727293014526367,0.007796049118041992,0.17579889297485352,0.0024530887603759766,0.05202198028564453,feasible_and_dc,True
442,j10_PSP_138,8,inf,NotImplementedYet,0.03727293014526367,0.007796049118041992,0.17579889297485352,0.0017192363739013672,NotImplementedYet,feasible_and_dc_but_rte_error,
443,j10_PSP_138,9,37,37,0.03727293014526367,0.007796049118041992,0.17579889297485352,0.0027060508728027344,0.03537702560424805,feasible_and_dc,True
444,j10_PSP_139,0,48,46,0.06670689582824707,0.006923198699951172,0.18467497825622559,0.002512693405151367,0.06840181350708008,feasible_and_dc,True
445,j10_PSP_139,1,46,38,0.06670689582824707,0.006923198699951172,0.18467497825622559,0.002540111541748047,0.03289198875427246,feasible_and_dc,True
446,j10_PSP_139,2,55,43,0.06670689582824707,0.006923198699951172,0.18467497825622559,0.002536773681640625,0.03330516815185547,feasible_and_dc,True
447,j10_PSP_139,3,58,58,0.06670689582824707,0.006923198699951172,0.18467497825622559,0.0024890899658203125,0.07237100601196289,feasible_and_dc,True
448,j10_PSP_139,4,50,41,0.06670689582824707,0.006923198699951172,0.18467497825622559,0.0025229454040527344,0.03492403030395508,feasible_and_dc,True
449,j10_PSP_139,5,51,51,0.06670689582824707,0.006923198699951172,0.18467497825622559,0.002633810043334961,0.06980204582214355,feasible_and_dc,True
450,j10_PSP_139,6,51,47,0.06670689582824707,0.006923198699951172,0.18467497825622559,0.0025331974029541016,0.062005043029785156,feasible_and_dc,True
451,j10_PSP_139,7,59,58,0.06670689582824707,0.006923198699951172,0.18467497825622559,0.0024878978729248047,0.0583951473236084,feasible_and_dc,True
452,j10_PSP_139,8,49,44,0.06670689582824707,0.006923198699951172,0.18467497825622559,0.002780914306640625,0.0459291934967041,feasible_and_dc,True
453,j10_PSP_139,9,52,45,0.06670689582824707,0.006923198699951172,0.18467497825622559,0.002487659454345703,0.0420079231262207,feasible_and_dc,True
454,j10_PSP_140,0,inf,inf,0.031099796295166016,0.0,0.0,0.0,0,infeasible,
455,j10_PSP_141,0,inf,inf,0.0305020809173584,0.0,0.0,0.0,0,infeasible,
456,j10_PSP_142,0,inf,inf,0.048175811767578125,0.0058002471923828125,0.18349909782409668,0.0,0,feasible_but_not_dc,
457,j10_PSP_143,0,40,38,0.033867835998535156,0.006127834320068359,0.18326926231384277,0.0023162364959716797,0.03388094902038574,feasible_and_dc,True
458,j10_PSP_143,1,39,37,0.033867835998535156,0.006127834320068359,0.18326926231384277,0.002398967742919922,0.04495596885681152,feasible_and_dc,True
459,j10_PSP_143,2,37,37,0.033867835998535156,0.006127834320068359,0.18326926231384277,0.002309083938598633,0.033304691314697266,feasible_and_dc,True
460,j10_PSP_143,3,39,36,0.033867835998535156,0.006127834320068359,0.18326926231384277,0.0023109912872314453,0.03351879119873047,feasible_and_dc,True
461,j10_PSP_143,4,37,37,0.033867835998535156,0.006127834320068359,0.18326926231384277,0.002519845962524414,0.03426790237426758,feasible_and_dc,True
462,j10_PSP_143,5,40,38,0.033867835998535156,0.006127834320068359,0.18326926231384277,0.0023660659790039062,0.033833980560302734,feasible_and_dc,True
463,j10_PSP_143,6,38,36,0.033867835998535156,0.006127834320068359,0.18326926231384277,0.0023050308227539062,0.03346705436706543,feasible_and_dc,True
464,j10_PSP_143,7,38,37,0.033867835998535156,0.006127834320068359,0.18326926231384277,0.0022971630096435547,0.03336620330810547,feasible_and_dc,True
465,j10_PSP_143,8,38,35,0.033867835998535156,0.006127834320068359,0.18326926231384277,0.002273082733154297,0.032694101333618164,feasible_and_dc,True
466,j10_PSP_143,9,40,37,0.033867835998535156,0.006127834320068359,0.18326926231384277,0.0023202896118164062,0.03329801559448242,feasible_and_dc,True
467,j10_PSP_144,0,33,31,0.03312993049621582,0.0058100223541259766,0.17946696281433105,0.0020830631256103516,0.0334620475769043,feasible_and_dc,True
468,j10_PSP_144,1,34,31,0.03312993049621582,0.0058100223541259766,0.17946696281433105,0.00214385986328125,0.03329920768737793,feasible_and_dc,True
469,j10_PSP_144,2,34,31,0.03312993049621582,0.0058100223541259766,0.17946696281433105,0.002115011215209961,0.03205728530883789,feasible_and_dc,True
470,j10_PSP_144,3,34,31,0.03312993049621582,0.0058100223541259766,0.17946696281433105,0.002254962921142578,0.03242230415344238,feasible_and_dc,True
471,j10_PSP_144,4,34,31,0.03312993049621582,0.0058100223541259766,0.17946696281433105,0.0020818710327148438,0.03287196159362793,feasible_and_dc,True
472,j10_PSP_144,5,34,31,0.03312993049621582,0.0058100223541259766,0.17946696281433105,0.0020627975463867188,0.033212900161743164,feasible_and_dc,True
473,j10_PSP_144,6,34,31,0.03312993049621582,0.0058100223541259766,0.17946696281433105,0.0020952224731445312,0.033177852630615234,feasible_and_dc,True
474,j10_PSP_144,7,33,31,0.03312993049621582,0.0058100223541259766,0.17946696281433105,0.002045154571533203,0.03255486488342285,feasible_and_dc,True
475,j10_PSP_144,8,34,31,0.03312993049621582,0.0058100223541259766,0.17946696281433105,0.0020589828491210938,0.0319209098815918,feasible_and_dc,True
476,j10_PSP_144,9,33,31,0.03312993049621582,0.0058100223541259766,0.17946696281433105,0.0020499229431152344,0.032798051834106445,feasible_and_dc,True
477,j10_PSP_145,0,inf,inf,0.03077983856201172,0.0,0.0,0.0,0,infeasible,
478,j10_PSP_146,0,inf,inf,0.0327448844909668,0.005106925964355469,0.180678129196167,0.0,0,feasible_but_not_dc,
479,j10_PSP_147,0,44,44,0.033487796783447266,0.005781888961791992,0.18226313591003418,0.002390146255493164,0.0328211784362793,feasible_and_dc,True
480,j10_PSP_147,1,42,42,0.033487796783447266,0.005781888961791992,0.18226313591003418,0.002434253692626953,0.03207230567932129,feasible_and_dc,True
481,j10_PSP_147,2,45,45,0.033487796783447266,0.005781888961791992,0.18226313591003418,0.002410888671875,0.03309202194213867,feasible_and_dc,True
482,j10_PSP_147,3,45,45,0.033487796783447266,0.005781888961791992,0.18226313591003418,0.0024139881134033203,0.03263497352600098,feasible_and_dc,True
483,j10_PSP_147,4,42,42,0.033487796783447266,0.005781888961791992,0.18226313591003418,0.0024111270904541016,0.032778024673461914,feasible_and_dc,True
484,j10_PSP_147,5,44,44,0.033487796783447266,0.005781888961791992,0.18226313591003418,0.0024280548095703125,0.033113718032836914,feasible_and_dc,True
485,j10_PSP_147,6,43,43,0.033487796783447266,0.005781888961791992,0.18226313591003418,0.002451181411743164,0.03376579284667969,feasible_and_dc,True
486,j10_PSP_147,7,44,44,0.033487796783447266,0.005781888961791992,0.18226313591003418,0.002398252487182617,0.03321528434753418,feasible_and_dc,True
487,j10_PSP_147,8,44,44,0.033487796783447266,0.005781888961791992,0.18226313591003418,0.002390146255493164,0.03237795829772949,feasible_and_dc,True
488,j10_PSP_147,9,44,44,0.033487796783447266,0.005781888961791992,0.18226313591003418,0.002438068389892578,0.03312206268310547,feasible_and_dc,True
489,j10_PSP_148,0,inf,inf,0.03322482109069824,0.006782054901123047,0.1816098690032959,0.0,0,feasible_but_not_dc,
490,j10_PSP_149,0,inf,inf,0.035423994064331055,0.007108211517333984,0.18140077590942383,0.0,0,feasible_but_not_dc,
491,j10_PSP_150,0,29,29,0.03387713432312012,0.007439136505126953,0.17895102500915527,0.0023190975189208984,0.034004926681518555,feasible_and_dc,True
492,j10_PSP_150,1,29,28,0.03387713432312012,0.007439136505126953,0.17895102500915527,0.0023889541625976562,0.03371000289916992,feasible_and_dc,True
493,j10_PSP_150,2,26,26,0.03387713432312012,0.007439136505126953,0.17895102500915527,0.002354860305786133,0.03326606750488281,feasible_and_dc,True
494,j10_PSP_150,3,26,26,0.03387713432312012,0.007439136505126953,0.17895102500915527,0.002351045608520508,0.034857988357543945,feasible_and_dc,True
495,j10_PSP_150,4,26,26,0.03387713432312012,0.007439136505126953,0.17895102500915527,0.0024449825286865234,0.03542494773864746,feasible_and_dc,True
496,j10_PSP_150,5,27,27,0.03387713432312012,0.007439136505126953,0.17895102500915527,0.0023272037506103516,0.033699989318847656,feasible_and_dc,True
497,j10_PSP_150,6,26,26,0.03387713432312012,0.007439136505126953,0.17895102500915527,0.0023429393768310547,0.033364057540893555,feasible_and_dc,True
498,j10_PSP_150,7,26,26,0.03387713432312012,0.007439136505126953,0.17895102500915527,0.002317190170288086,0.0327608585357666,feasible_and_dc,True
499,j10_PSP_150,8,26,26,0.03387713432312012,0.007439136505126953,0.17895102500915527,0.002346038818359375,0.032872915267944336,feasible_and_dc,True
500,j10_PSP_150,9,27,27,0.03387713432312012,0.007439136505126953,0.17895102500915527,0.0023488998413085938,0.03325819969177246,feasible_and_dc,True
501,j10_PSP_151,0,inf,inf,0.05838203430175781,0.007241964340209961,0.18312501907348633,0.0,0,feasible_but_not_dc,
502,j10_PSP_152,0,inf,inf,0.03041529655456543,0.0,0.0,0.0,0,infeasible,
503,j10_PSP_153,0,inf,inf,0.04357314109802246,0.007919073104858398,0.18401002883911133,0.0,0,feasible_but_not_dc,
504,j10_PSP_154,0,inf,inf,0.030171871185302734,0.0,0.0,0.0,0,infeasible,
505,j10_PSP_155,0,inf,inf,0.052384376525878906,0.0075571537017822266,0.18237829208374023,0.0,0,feasible_but_not_dc,
506,j10_PSP_156,0,68,58,0.06647706031799316,0.0071222782135009766,0.18117094039916992,0.002468109130859375,0.033603668212890625,feasible_and_dc,True
507,j10_PSP_156,1,63,57,0.06647706031799316,0.0071222782135009766,0.18117094039916992,0.0024938583374023438,0.0329890251159668,feasible_and_dc,True
508,j10_PSP_156,2,64,59,0.06647706031799316,0.0071222782135009766,0.18117094039916992,0.002508878707885742,0.03633308410644531,feasible_and_dc,True
509,j10_PSP_156,3,64,54,0.06647706031799316,0.0071222782135009766,0.18117094039916992,0.002485036849975586,0.03305697441101074,feasible_and_dc,True
510,j10_PSP_156,4,59,54,0.06647706031799316,0.0071222782135009766,0.18117094039916992,0.002493143081665039,0.032479047775268555,feasible_and_dc,True
511,j10_PSP_156,5,69,64,0.06647706031799316,0.0071222782135009766,0.18117094039916992,0.002476215362548828,0.0527338981628418,feasible_and_dc,True
512,j10_PSP_156,6,68,64,0.06647706031799316,0.0071222782135009766,0.18117094039916992,0.002463817596435547,0.057411909103393555,feasible_and_dc,True
513,j10_PSP_156,7,67,60,0.06647706031799316,0.0071222782135009766,0.18117094039916992,0.0025129318237304688,0.03384804725646973,feasible_and_dc,True
514,j10_PSP_156,8,61,56,0.06647706031799316,0.0071222782135009766,0.18117094039916992,0.0024988651275634766,0.032846927642822266,feasible_and_dc,True
515,j10_PSP_156,9,64,56,0.06647706031799316,0.0071222782135009766,0.18117094039916992,0.002553701400756836,0.03367781639099121,feasible_and_dc,True
516,j10_PSP_157,0,inf,inf,0.0558772087097168,0.006451129913330078,0.18226099014282227,0.0,0,feasible_but_not_dc,
517,j10_PSP_158,0,inf,inf,0.05747675895690918,0.006294965744018555,0.18245506286621094,0.0,0,feasible_but_not_dc,
518,j10_PSP_159,0,inf,inf,0.030485153198242188,0.0,0.0,0.0,0,infeasible,
