,instance_name,iteration,makespan_stnu,makespan_lb,time_initial_cp,time_build_stnu,time_dc_checking,time_rte,time_cp_lb
0,j301_1,0,39,38,0.06528496742248535,0.02439117431640625,0.527318000793457,0.04457902908325195,0.06350111961364746
1,j301_1,1,36,34,0.06528496742248535,0.02439117431640625,0.527318000793457,0.042661190032958984,0.07534384727478027
2,j301_1,2,33,32,0.06528496742248535,0.02439117431640625,0.527318000793457,0.0379638671875,0.05966782569885254
3,j301_1,3,34,34,0.06528496742248535,0.02439117431640625,0.527318000793457,0.03875899314880371,0.06892991065979004
4,j301_1,4,41,40,0.06528496742248535,0.02439117431640625,0.527318000793457,0.04342174530029297,0.06849312782287598
5,j301_1,5,35,32,0.06528496742248535,0.02439117431640625,0.527318000793457,0.048439979553222656,0.0769033432006836
6,j301_1,6,41,40,0.06528496742248535,0.02439117431640625,0.527318000793457,0.046878814697265625,0.06204533576965332
7,j301_1,7,42,39,0.06528496742248535,0.02439117431640625,0.527318000793457,0.044809818267822266,0.07190299034118652
8,j301_1,8,38,38,0.06528496742248535,0.02439117431640625,0.527318000793457,0.04350900650024414,0.061962127685546875
9,j301_1,9,39,38,0.06528496742248535,0.02439117431640625,0.527318000793457,0.04188799858093262,0.07149314880371094
10,j301_2,0,41,38,0.07246994972229004,0.024862051010131836,0.4188358783721924,0.03947877883911133,0.05832624435424805
11,j301_2,1,43,42,0.07246994972229004,0.024862051010131836,0.4188358783721924,0.0397491455078125,0.06410002708435059
12,j301_2,2,38,37,0.07246994972229004,0.024862051010131836,0.4188358783721924,0.0397801399230957,0.06108808517456055
13,j301_2,3,47,47,0.07246994972229004,0.024862051010131836,0.4188358783721924,0.044621944427490234,0.07196688652038574
14,j301_2,4,42,37,0.07246994972229004,0.024862051010131836,0.4188358783721924,0.04200124740600586,0.06465411186218262
15,j301_2,5,46,45,0.07246994972229004,0.024862051010131836,0.4188358783721924,0.048130035400390625,0.06699395179748535
16,j301_2,6,43,41,0.07246994972229004,0.024862051010131836,0.4188358783721924,0.04330706596374512,0.06311321258544922
17,j301_2,7,44,42,0.07246994972229004,0.024862051010131836,0.4188358783721924,0.04559803009033203,0.06658482551574707
18,j301_2,8,38,36,0.07246994972229004,0.024862051010131836,0.4188358783721924,0.04165291786193848,0.06337404251098633
19,j301_2,9,41,38,0.07246994972229004,0.024862051010131836,0.4188358783721924,0.041719913482666016,0.06822991371154785
20,j301_3,0,43,43,0.06511878967285156,0.02200794219970703,0.420119047164917,0.03825807571411133,0.06372189521789551
21,j301_3,1,45,43,0.06511878967285156,0.02200794219970703,0.420119047164917,0.038810014724731445,0.06629610061645508
22,j301_3,2,41,40,0.06511878967285156,0.02200794219970703,0.420119047164917,0.03832101821899414,0.06491208076477051
23,j301_3,3,42,42,0.06511878967285156,0.02200794219970703,0.420119047164917,0.03883004188537598,0.0657498836517334
24,j301_3,4,45,39,0.06511878967285156,0.02200794219970703,0.420119047164917,0.04306316375732422,0.06783890724182129
25,j301_3,5,42,40,0.06511878967285156,0.02200794219970703,0.420119047164917,0.04301190376281738,0.08792901039123535
26,j301_3,6,43,40,0.06511878967285156,0.02200794219970703,0.420119047164917,0.04032397270202637,0.06023001670837402
27,j301_3,7,44,44,0.06511878967285156,0.02200794219970703,0.420119047164917,0.04325103759765625,0.07111287117004395
28,j301_3,8,39,37,0.06511878967285156,0.02200794219970703,0.420119047164917,0.04792499542236328,0.06392288208007812
29,j301_3,9,48,48,0.06511878967285156,0.02200794219970703,0.420119047164917,0.03975319862365723,0.06799006462097168
30,j301_4,0,47,47,0.06789088249206543,0.02294611930847168,0.42315006256103516,0.039778947830200195,0.0631401538848877
31,j301_4,1,57,57,0.06789088249206543,0.02294611930847168,0.42315006256103516,0.041005849838256836,0.06992602348327637
32,j301_4,2,48,47,0.06789088249206543,0.02294611930847168,0.42315006256103516,0.04706835746765137,0.07093071937561035
33,j301_4,3,50,46,0.06789088249206543,0.02294611930847168,0.42315006256103516,0.05115199089050293,0.07514190673828125
34,j301_4,4,64,63,0.06789088249206543,0.02294611930847168,0.42315006256103516,0.044605255126953125,0.06943583488464355
35,j301_4,5,48,48,0.06789088249206543,0.02294611930847168,0.42315006256103516,0.03958916664123535,0.07498812675476074
36,j301_4,6,50,50,0.06789088249206543,0.02294611930847168,0.42315006256103516,0.044246673583984375,0.07649612426757812
37,j301_4,7,53,53,0.06789088249206543,0.02294611930847168,0.42315006256103516,0.047799110412597656,0.07307195663452148
38,j301_4,8,48,42,0.06789088249206543,0.02294611930847168,0.42315006256103516,0.0438232421875,0.06882405281066895
39,j301_4,9,43,42,0.06789088249206543,0.02294611930847168,0.42315006256103516,0.04175400733947754,0.18984603881835938
40,j302_1,0,31,30,0.08966708183288574,0.032048940658569336,0.43422794342041016,0.0382382869720459,0.0666048526763916
41,j302_1,1,30,30,0.08966708183288574,0.032048940658569336,0.43422794342041016,0.041996002197265625,0.07838797569274902
42,j302_1,2,38,36,0.08966708183288574,0.032048940658569336,0.43422794342041016,0.04351210594177246,0.06945395469665527
43,j302_1,3,35,35,0.08966708183288574,0.032048940658569336,0.43422794342041016,0.038062095642089844,0.07113504409790039
44,j302_1,4,33,33,0.08966708183288574,0.032048940658569336,0.43422794342041016,0.040205955505371094,0.06312894821166992
45,j302_1,5,33,32,0.08966708183288574,0.032048940658569336,0.43422794342041016,0.03934001922607422,0.07030606269836426
46,j302_1,6,30,30,0.08966708183288574,0.032048940658569336,0.43422794342041016,0.04234886169433594,0.07444405555725098
47,j302_1,7,33,33,0.08966708183288574,0.032048940658569336,0.43422794342041016,0.04598879814147949,0.07741212844848633
48,j302_1,8,31,30,0.08966708183288574,0.032048940658569336,0.43422794342041016,0.04321002960205078,0.06646394729614258
49,j302_1,9,31,31,0.08966708183288574,0.032048940658569336,0.43422794342041016,0.038376808166503906,0.0681300163269043
50,j302_2,0,47,45,0.06755924224853516,0.08819103240966797,0.4268620014190674,0.03607678413391113,0.06464409828186035
51,j302_2,1,48,48,0.06755924224853516,0.08819103240966797,0.4268620014190674,0.03705286979675293,0.07355284690856934
52,j302_2,2,55,51,0.06755924224853516,0.08819103240966797,0.4268620014190674,0.04405975341796875,0.0732882022857666
53,j302_2,3,52,52,0.06755924224853516,0.08819103240966797,0.4268620014190674,0.04470682144165039,0.07600212097167969
54,j302_2,4,49,49,0.06755924224853516,0.08819103240966797,0.4268620014190674,0.04218602180480957,0.07487106323242188
55,j302_2,5,46,46,0.06755924224853516,0.08819103240966797,0.4268620014190674,0.040122032165527344,0.0652627944946289
56,j302_2,6,54,54,0.06755924224853516,0.08819103240966797,0.4268620014190674,0.03800511360168457,0.07957792282104492
57,j302_2,7,51,48,0.06755924224853516,0.08819103240966797,0.4268620014190674,0.04087090492248535,0.07034492492675781
58,j302_2,8,43,43,0.06755924224853516,0.08819103240966797,0.4268620014190674,0.04018282890319824,0.06527996063232422
59,j302_2,9,57,56,0.06755924224853516,0.08819103240966797,0.4268620014190674,0.0413060188293457,0.07311296463012695
60,j302_3,0,42,42,0.06297016143798828,0.02308821678161621,0.4427797794342041,0.04338788986206055,0.06912493705749512
61,j302_3,1,47,46,0.06297016143798828,0.02308821678161621,0.4427797794342041,0.03939199447631836,0.06382894515991211
62,j302_3,2,44,44,0.06297016143798828,0.02308821678161621,0.4427797794342041,0.03777933120727539,0.06228518486022949
63,j302_3,3,41,41,0.06297016143798828,0.02308821678161621,0.4427797794342041,0.04164719581604004,0.07253408432006836
64,j302_3,4,42,42,0.06297016143798828,0.02308821678161621,0.4427797794342041,0.04244375228881836,0.07197213172912598
65,j302_3,5,40,40,0.06297016143798828,0.02308821678161621,0.4427797794342041,0.04465913772583008,0.07389211654663086
66,j302_3,6,43,43,0.06297016143798828,0.02308821678161621,0.4427797794342041,0.04478263854980469,0.07564496994018555
67,j302_3,7,50,50,0.06297016143798828,0.02308821678161621,0.4427797794342041,0.04667019844055176,0.06868982315063477
68,j302_3,8,46,46,0.06297016143798828,0.02308821678161621,0.4427797794342041,0.03745102882385254,0.0638420581817627
69,j302_3,9,38,38,0.06297016143798828,0.02308821678161621,0.4427797794342041,0.040003061294555664,0.07022213935852051
70,j302_4,0,40,40,0.0679771900177002,0.02557682991027832,0.4765162467956543,0.036206960678100586,0.06792187690734863
71,j302_4,1,45,43,0.0679771900177002,0.02557682991027832,0.4765162467956543,0.04069089889526367,0.07578301429748535
72,j302_4,2,40,36,0.0679771900177002,0.02557682991027832,0.4765162467956543,0.04377603530883789,0.06857800483703613
73,j302_4,3,38,36,0.0679771900177002,0.02557682991027832,0.4765162467956543,0.04056811332702637,0.07200217247009277
74,j302_4,4,43,38,0.0679771900177002,0.02557682991027832,0.4765162467956543,0.042095184326171875,0.07077503204345703
75,j302_4,5,39,39,0.0679771900177002,0.02557682991027832,0.4765162467956543,0.04354691505432129,0.0811760425567627
76,j302_4,6,36,36,0.0679771900177002,0.02557682991027832,0.4765162467956543,0.04371809959411621,0.07296586036682129
77,j302_4,7,43,38,0.0679771900177002,0.02557682991027832,0.4765162467956543,0.045456886291503906,0.06908607482910156
78,j302_4,8,33,33,0.0679771900177002,0.02557682991027832,0.4765162467956543,0.0404202938079834,0.06506896018981934
79,j302_4,9,38,38,0.0679771900177002,0.02557682991027832,0.4765162467956543,0.04342174530029297,0.07398223876953125
80,j303_1,0,64,64,0.07399916648864746,0.028132915496826172,0.44278717041015625,0.044229984283447266,0.06680107116699219
81,j303_1,1,65,65,0.07399916648864746,0.028132915496826172,0.44278717041015625,0.04248189926147461,0.0767519474029541
82,j303_1,2,67,67,0.07399916648864746,0.028132915496826172,0.44278717041015625,0.0407109260559082,0.06072402000427246
83,j303_1,3,67,67,0.07399916648864746,0.028132915496826172,0.44278717041015625,0.04153013229370117,0.07357907295227051
84,j303_1,4,61,61,0.07399916648864746,0.028132915496826172,0.44278717041015625,0.04469609260559082,0.07427716255187988
85,j303_1,5,63,61,0.07399916648864746,0.028132915496826172,0.44278717041015625,0.05022120475769043,0.08867812156677246
86,j303_1,6,72,72,0.07399916648864746,0.028132915496826172,0.44278717041015625,0.04734611511230469,0.07746267318725586
87,j303_1,7,66,60,0.07399916648864746,0.028132915496826172,0.44278717041015625,0.04506993293762207,0.06658387184143066
88,j303_1,8,66,66,0.07399916648864746,0.028132915496826172,0.44278717041015625,0.036791086196899414,0.14681315422058105
89,j303_1,9,68,68,0.07399916648864746,0.028132915496826172,0.44278717041015625,0.040719032287597656,0.06569695472717285
90,j303_2,0,38,33,0.06640410423278809,0.026858091354370117,0.4233391284942627,0.035968780517578125,0.06437397003173828
91,j303_2,1,35,32,0.06640410423278809,0.026858091354370117,0.4233391284942627,0.0363919734954834,0.07283902168273926
92,j303_2,2,40,36,0.06640410423278809,0.026858091354370117,0.4233391284942627,0.04494976997375488,0.07350921630859375
93,j303_2,3,42,39,0.06640410423278809,0.026858091354370117,0.4233391284942627,0.04492902755737305,0.08045530319213867
94,j303_2,4,34,32,0.06640410423278809,0.026858091354370117,0.4233391284942627,0.04209613800048828,0.06742095947265625
95,j303_2,5,37,37,0.06640410423278809,0.026858091354370117,0.4233391284942627,0.03986001014709473,0.0669851303100586
96,j303_2,6,32,32,0.06640410423278809,0.026858091354370117,0.4233391284942627,0.03826403617858887,0.06509733200073242
97,j303_2,7,34,29,0.06640410423278809,0.026858091354370117,0.4233391284942627,0.03654217720031738,0.07064604759216309
98,j303_2,8,36,36,0.06640410423278809,0.026858091354370117,0.4233391284942627,0.041069984436035156,0.06273102760314941
99,j303_2,9,35,35,0.06640410423278809,0.026858091354370117,0.4233391284942627,0.03998899459838867,0.07172679901123047
100,j303_3,0,53,52,0.06594395637512207,0.022262096405029297,0.43813133239746094,0.03681588172912598,0.061714887619018555
101,j303_3,1,48,46,0.06594395637512207,0.022262096405029297,0.43813133239746094,0.036763906478881836,0.06751012802124023
102,j303_3,2,58,57,0.06594395637512207,0.022262096405029297,0.43813133239746094,0.03973817825317383,0.06585502624511719
103,j303_3,3,56,53,0.06594395637512207,0.022262096405029297,0.43813133239746094,0.04714202880859375,0.08060288429260254
104,j303_3,4,46,41,0.06594395637512207,0.022262096405029297,0.43813133239746094,0.05111813545227051,0.0872948169708252
105,j303_3,5,47,47,0.06594395637512207,0.022262096405029297,0.43813133239746094,0.057366132736206055,0.08110213279724121
106,j303_3,6,54,52,0.06594395637512207,0.022262096405029297,0.43813133239746094,0.04530191421508789,0.0804901123046875
107,j303_3,7,54,53,0.06594395637512207,0.022262096405029297,0.43813133239746094,0.04817986488342285,0.07838010787963867
108,j303_3,8,54,53,0.06594395637512207,0.022262096405029297,0.43813133239746094,0.04644513130187988,0.08122491836547852
109,j303_3,9,54,54,0.06594395637512207,0.022262096405029297,0.43813133239746094,0.05228614807128906,0.08792662620544434
110,j303_4,0,89,86,0.10025620460510254,0.03133964538574219,0.43825483322143555,0.039813995361328125,0.0626077651977539
111,j303_4,1,89,89,0.10025620460510254,0.03133964538574219,0.43825483322143555,0.038739919662475586,0.07391905784606934
112,j303_4,2,95,95,0.10025620460510254,0.03133964538574219,0.43825483322143555,0.04779219627380371,0.07265996932983398
113,j303_4,3,94,94,0.10025620460510254,0.03133964538574219,0.43825483322143555,0.05745577812194824,0.08863282203674316
114,j303_4,4,93,91,0.10025620460510254,0.03133964538574219,0.43825483322143555,0.04434704780578613,0.07958602905273438
115,j303_4,5,74,73,0.10025620460510254,0.03133964538574219,0.43825483322143555,0.04587984085083008,0.06869125366210938
116,j303_4,6,96,93,0.10025620460510254,0.03133964538574219,0.43825483322143555,0.04349207878112793,0.07327008247375488
117,j303_4,7,84,83,0.10025620460510254,0.03133964538574219,0.43825483322143555,0.052369117736816406,0.08003616333007812
118,j303_4,8,81,81,0.10025620460510254,0.03133964538574219,0.43825483322143555,0.04734206199645996,0.0789651870727539
119,j303_4,9,82,82,0.10025620460510254,0.03133964538574219,0.43825483322143555,0.04787898063659668,0.07700896263122559
120,j304_1,0,45,45,0.06680989265441895,0.023122310638427734,0.4477212429046631,0.03585410118103027,0.07346415519714355
121,j304_1,1,40,40,0.06680989265441895,0.023122310638427734,0.4477212429046631,0.044776201248168945,0.0734410285949707
122,j304_1,2,47,47,0.06680989265441895,0.023122310638427734,0.4477212429046631,0.04291415214538574,0.07910704612731934
123,j304_1,3,45,42,0.06680989265441895,0.023122310638427734,0.4477212429046631,0.04680585861206055,0.07831883430480957
124,j304_1,4,48,48,0.06680989265441895,0.023122310638427734,0.4477212429046631,0.045213937759399414,0.07543301582336426
125,j304_1,5,43,41,0.06680989265441895,0.023122310638427734,0.4477212429046631,0.044584035873413086,0.06574487686157227
126,j304_1,6,41,41,0.06680989265441895,0.023122310638427734,0.4477212429046631,0.03537464141845703,0.0642690658569336
127,j304_1,7,42,41,0.06680989265441895,0.023122310638427734,0.4477212429046631,0.03838491439819336,0.07697081565856934
128,j304_1,8,46,45,0.06680989265441895,0.023122310638427734,0.4477212429046631,0.043205976486206055,0.07830572128295898
129,j304_1,9,49,46,0.06680989265441895,0.023122310638427734,0.4477212429046631,0.05472707748413086,0.08181595802307129
130,j304_2,0,52,51,0.07515692710876465,0.023833036422729492,0.42525482177734375,0.03649091720581055,0.0627431869506836
131,j304_2,1,46,46,0.07515692710876465,0.023833036422729492,0.42525482177734375,0.037132978439331055,0.06597304344177246
132,j304_2,2,56,56,0.07515692710876465,0.023833036422729492,0.42525482177734375,0.038062095642089844,0.06188082695007324
133,j304_2,3,57,57,0.07515692710876465,0.023833036422729492,0.42525482177734375,0.03721904754638672,0.06784725189208984
134,j304_2,4,49,49,0.07515692710876465,0.023833036422729492,0.42525482177734375,0.043917179107666016,0.07292699813842773
135,j304_2,5,58,54,0.07515692710876465,0.023833036422729492,0.42525482177734375,0.04899883270263672,0.08135199546813965
136,j304_2,6,53,50,0.07515692710876465,0.023833036422729492,0.42525482177734375,0.04872298240661621,0.07892012596130371
137,j304_2,7,51,51,0.07515692710876465,0.023833036422729492,0.42525482177734375,0.04559206962585449,0.07142519950866699
138,j304_2,8,47,46,0.07515692710876465,0.023833036422729492,0.42525482177734375,0.036940813064575195,0.06597566604614258
139,j304_2,9,60,60,0.07515692710876465,0.023833036422729492,0.42525482177734375,0.03999781608581543,0.07582306861877441
140,j304_3,0,45,45,0.07412886619567871,0.0281369686126709,0.45865607261657715,0.04379606246948242,0.07680630683898926
141,j304_3,1,43,43,0.07412886619567871,0.0281369686126709,0.45865607261657715,0.04548192024230957,0.06788897514343262
142,j304_3,2,43,43,0.07412886619567871,0.0281369686126709,0.45865607261657715,0.03709101676940918,0.06586909294128418
143,j304_3,3,39,37,0.07412886619567871,0.0281369686126709,0.45865607261657715,0.040770769119262695,0.06942200660705566
144,j304_3,4,46,46,0.07412886619567871,0.0281369686126709,0.45865607261657715,0.04012274742126465,0.06280303001403809
145,j304_3,5,43,43,0.07412886619567871,0.0281369686126709,0.45865607261657715,0.040825843811035156,0.06993412971496582
146,j304_3,6,45,45,0.07412886619567871,0.0281369686126709,0.45865607261657715,0.040679931640625,0.06791400909423828
147,j304_3,7,43,43,0.07412886619567871,0.0281369686126709,0.45865607261657715,0.04316210746765137,0.07034420967102051
148,j304_3,8,37,37,0.07412886619567871,0.0281369686126709,0.45865607261657715,0.039402008056640625,0.06715512275695801
149,j304_3,9,41,41,0.07412886619567871,0.0281369686126709,0.45865607261657715,0.042732954025268555,0.0675656795501709
150,j304_4,0,56,52,0.06558108329772949,0.022855758666992188,0.4660038948059082,0.03584885597229004,0.05906820297241211
151,j304_4,1,56,55,0.06558108329772949,0.022855758666992188,0.4660038948059082,0.0333101749420166,0.06806588172912598
152,j304_4,2,58,57,0.06558108329772949,0.022855758666992188,0.4660038948059082,0.03990006446838379,0.07318305969238281
153,j304_4,3,49,49,0.06558108329772949,0.022855758666992188,0.4660038948059082,0.04432988166809082,0.07763409614562988
154,j304_4,4,57,54,0.06558108329772949,0.022855758666992188,0.4660038948059082,0.043502092361450195,0.07047820091247559
155,j304_4,5,53,52,0.06558108329772949,0.022855758666992188,0.4660038948059082,0.041152000427246094,0.06790328025817871
156,j304_4,6,52,52,0.06558108329772949,0.022855758666992188,0.4660038948059082,0.03857588768005371,0.06676816940307617
157,j304_4,7,52,49,0.06558108329772949,0.022855758666992188,0.4660038948059082,0.04583001136779785,0.07723808288574219
158,j304_4,8,45,45,0.06558108329772949,0.022855758666992188,0.4660038948059082,0.04264497756958008,0.07808804512023926
159,j304_4,9,53,53,0.06558108329772949,0.022855758666992188,0.4660038948059082,0.04436302185058594,0.07480788230895996
160,j601_1,0,74,74,0.07119393348693848,0.1436910629272461,0.5309467315673828,0.25695228576660156,0.06944894790649414
161,j601_1,1,64,63,0.07119393348693848,0.1436910629272461,0.5309467315673828,0.4216489791870117,0.11004209518432617
162,j601_1,2,73,61,0.07119393348693848,0.1436910629272461,0.5309467315673828,0.3115520477294922,0.08771800994873047
163,j601_1,3,72,72,0.07119393348693848,0.1436910629272461,0.5309467315673828,0.28710174560546875,0.07063817977905273
164,j601_1,4,69,65,0.07119393348693848,0.1436910629272461,0.5309467315673828,0.29375362396240234,0.0806279182434082
165,j601_1,5,75,75,0.07119393348693848,0.1436910629272461,0.5309467315673828,0.25180506706237793,0.06861686706542969
166,j601_1,6,61,58,0.07119393348693848,0.1436910629272461,0.5309467315673828,0.25815296173095703,0.06813907623291016
167,j601_1,7,73,66,0.07119393348693848,0.1436910629272461,0.5309467315673828,0.2778191566467285,0.07333588600158691
168,j601_1,8,74,73,0.07119393348693848,0.1436910629272461,0.5309467315673828,0.2457442283630371,0.06754422187805176
169,j601_1,9,63,59,0.07119393348693848,0.1436910629272461,0.5309467315673828,0.2613060474395752,0.06821584701538086
170,j601_2,0,68,65,0.22429895401000977,0.05545496940612793,0.5114443302154541,0.27613282203674316,0.2002880573272705
171,j601_2,1,67,64,0.22429895401000977,0.05545496940612793,0.5114443302154541,0.2878849506378174,0.13559484481811523
172,j601_2,2,69,67,0.22429895401000977,0.05545496940612793,0.5114443302154541,0.6380221843719482,0.27738499641418457
173,j601_2,3,64,61,0.22429895401000977,0.05545496940612793,0.5114443302154541,0.310499906539917,0.24009299278259277
174,j601_2,4,79,77,0.22429895401000977,0.05545496940612793,0.5114443302154541,0.3031449317932129,0.5811970233917236
175,j601_2,5,70,64,0.22429895401000977,0.05545496940612793,0.5114443302154541,0.5173771381378174,0.20746898651123047
176,j601_2,6,63,63,0.22429895401000977,0.05545496940612793,0.5114443302154541,0.2692983150482178,0.2910172939300537
177,j601_2,7,69,63,0.22429895401000977,0.05545496940612793,0.5114443302154541,0.26964831352233887,0.25342607498168945
178,j601_2,8,71,67,0.22429895401000977,0.05545496940612793,0.5114443302154541,0.2739830017089844,0.24741291999816895
179,j601_2,9,70,67,0.22429895401000977,0.05545496940612793,0.5114443302154541,0.27135515213012695,0.1909010410308838
180,j601_3,0,70,66,0.22659015655517578,0.05961799621582031,0.4870626926422119,0.26473402976989746,0.12976670265197754
181,j601_3,1,68,61,0.22659015655517578,0.05961799621582031,0.4870626926422119,0.2628159523010254,0.13429999351501465
182,j601_3,2,62,59,0.22659015655517578,0.05961799621582031,0.4870626926422119,0.24976682662963867,0.11361289024353027
183,j601_3,3,67,65,0.22659015655517578,0.05961799621582031,0.4870626926422119,0.28616809844970703,0.1170799732208252
184,j601_3,4,71,64,0.22659015655517578,0.05961799621582031,0.4870626926422119,0.24616384506225586,0.06914281845092773
185,j601_3,5,72,68,0.22659015655517578,0.05961799621582031,0.4870626926422119,0.3003041744232178,0.10201215744018555
186,j601_3,6,74,71,0.22659015655517578,0.05961799621582031,0.4870626926422119,0.2692227363586426,0.11291694641113281
187,j601_3,7,75,72,0.22659015655517578,0.05961799621582031,0.4870626926422119,0.2565929889678955,0.21338796615600586
188,j601_3,8,71,66,0.22659015655517578,0.05961799621582031,0.4870626926422119,0.24939990043640137,0.10802292823791504
189,j601_3,9,68,61,0.22659015655517578,0.05961799621582031,0.4870626926422119,0.24639201164245605,0.0928950309753418
190,j601_4,0,79,77,0.0657191276550293,0.05498909950256348,0.5836391448974609,0.34273386001586914,0.07012677192687988
191,j601_4,1,81,76,0.0657191276550293,0.05498909950256348,0.5836391448974609,0.2396378517150879,0.07439208030700684
192,j601_4,2,82,82,0.0657191276550293,0.05498909950256348,0.5836391448974609,0.24056196212768555,0.07210612297058105
193,j601_4,3,79,74,0.0657191276550293,0.05498909950256348,0.5836391448974609,0.22144174575805664,0.06388211250305176
194,j601_4,4,71,70,0.0657191276550293,0.05498909950256348,0.5836391448974609,0.2405681610107422,0.07012104988098145
195,j601_4,5,76,76,0.0657191276550293,0.05498909950256348,0.5836391448974609,0.22601079940795898,0.0632162094116211
196,j601_4,6,71,70,0.0657191276550293,0.05498909950256348,0.5836391448974609,0.22433209419250488,0.06710386276245117
197,j601_4,7,77,75,0.0657191276550293,0.05498909950256348,0.5836391448974609,0.2318108081817627,0.06824517250061035
198,j601_4,8,79,77,0.0657191276550293,0.05498909950256348,0.5836391448974609,0.2207190990447998,0.06810712814331055
199,j601_4,9,77,76,0.0657191276550293,0.05498909950256348,0.5836391448974609,0.23631000518798828,0.06632709503173828
200,j602_1,0,63,63,0.06002998352050781,0.043444156646728516,0.4712820053100586,0.22158408164978027,0.06291604042053223
201,j602_1,1,61,56,0.06002998352050781,0.043444156646728516,0.4712820053100586,0.21471810340881348,0.06529903411865234
202,j602_1,2,65,65,0.06002998352050781,0.043444156646728516,0.4712820053100586,0.22048306465148926,0.06637001037597656
203,j602_1,3,60,60,0.06002998352050781,0.043444156646728516,0.4712820053100586,0.25884413719177246,0.08074188232421875
204,j602_1,4,60,60,0.06002998352050781,0.043444156646728516,0.4712820053100586,0.23604893684387207,0.06302499771118164
205,j602_1,5,58,56,0.06002998352050781,0.043444156646728516,0.4712820053100586,0.24237275123596191,0.13901424407958984
206,j602_1,6,62,60,0.06002998352050781,0.043444156646728516,0.4712820053100586,0.644935131072998,0.10869216918945312
207,j602_1,7,60,58,0.06002998352050781,0.043444156646728516,0.4712820053100586,0.26134395599365234,0.06539225578308105
208,j602_1,8,57,53,0.06002998352050781,0.043444156646728516,0.4712820053100586,0.23197007179260254,0.0672602653503418
209,j602_1,9,64,62,0.06002998352050781,0.043444156646728516,0.4712820053100586,0.39798498153686523,0.09237194061279297
210,j602_2,0,81,77,0.07337713241577148,0.1089332103729248,0.8277440071105957,0.28165197372436523,0.08365416526794434
211,j602_2,1,74,68,0.07337713241577148,0.1089332103729248,0.8277440071105957,0.25621581077575684,0.0998079776763916
212,j602_2,2,84,81,0.07337713241577148,0.1089332103729248,0.8277440071105957,0.22867679595947266,0.06812405586242676
213,j602_2,3,83,82,0.07337713241577148,0.1089332103729248,0.8277440071105957,0.22588491439819336,0.06619787216186523
214,j602_2,4,84,80,0.07337713241577148,0.1089332103729248,0.8277440071105957,0.387286901473999,0.1526329517364502
215,j602_2,5,82,80,0.07337713241577148,0.1089332103729248,0.8277440071105957,0.2133500576019287,0.06433510780334473
216,j602_2,6,77,76,0.07337713241577148,0.1089332103729248,0.8277440071105957,0.21178269386291504,0.35471105575561523
217,j602_2,7,85,82,0.07337713241577148,0.1089332103729248,0.8277440071105957,0.2754969596862793,0.0643918514251709
218,j602_2,8,80,77,0.07337713241577148,0.1089332103729248,0.8277440071105957,0.33347296714782715,0.12124085426330566
219,j602_2,9,83,79,0.07337713241577148,0.1089332103729248,0.8277440071105957,0.26851606369018555,0.061547040939331055
220,j602_3,0,69,67,0.059816837310791016,0.046871185302734375,0.40717315673828125,0.25853395462036133,0.0708160400390625
221,j602_3,1,69,69,0.059816837310791016,0.046871185302734375,0.40717315673828125,0.21336984634399414,0.06317710876464844
222,j602_3,2,70,67,0.059816837310791016,0.046871185302734375,0.40717315673828125,0.47913169860839844,0.061673879623413086
223,j602_3,3,71,62,0.059816837310791016,0.046871185302734375,0.40717315673828125,0.21495890617370605,0.06189990043640137
224,j602_3,4,73,68,0.059816837310791016,0.046871185302734375,0.40717315673828125,0.20023131370544434,0.06676793098449707
225,j602_3,5,64,57,0.059816837310791016,0.046871185302734375,0.40717315673828125,0.24427223205566406,0.07924938201904297
226,j602_3,6,75,68,0.059816837310791016,0.046871185302734375,0.40717315673828125,0.270068883895874,0.06972813606262207
227,j602_3,7,75,75,0.059816837310791016,0.046871185302734375,0.40717315673828125,0.2178041934967041,0.06653070449829102
228,j602_3,8,68,66,0.059816837310791016,0.046871185302734375,0.40717315673828125,0.23441195487976074,0.06968307495117188
229,j602_3,9,74,69,0.059816837310791016,0.046871185302734375,0.40717315673828125,0.24418306350708008,0.0660543441772461
230,j602_4,0,67,62,0.06150984764099121,0.04559898376464844,0.4715569019317627,0.22336483001708984,0.06423807144165039
231,j602_4,1,70,64,0.06150984764099121,0.04559898376464844,0.4715569019317627,0.2304990291595459,0.07641196250915527
232,j602_4,2,76,68,0.06150984764099121,0.04559898376464844,0.4715569019317627,0.30497097969055176,0.06905221939086914
233,j602_4,3,67,65,0.06150984764099121,0.04559898376464844,0.4715569019317627,0.22653603553771973,0.06499791145324707
234,j602_4,4,74,65,0.06150984764099121,0.04559898376464844,0.4715569019317627,0.2414839267730713,0.06956291198730469
235,j602_4,5,66,53,0.06150984764099121,0.04559898376464844,0.4715569019317627,0.24621081352233887,0.07884693145751953
236,j602_4,6,70,62,0.06150984764099121,0.04559898376464844,0.4715569019317627,0.2337646484375,0.06184577941894531
237,j602_4,7,73,68,0.06150984764099121,0.04559898376464844,0.4715569019317627,0.3388199806213379,0.12346315383911133
238,j602_4,8,73,68,0.06150984764099121,0.04559898376464844,0.4715569019317627,0.49052906036376953,0.10479164123535156
239,j602_4,9,71,71,0.06150984764099121,0.04559898376464844,0.4715569019317627,0.5967152118682861,0.11229181289672852
240,j603_1,0,62,52,0.09293079376220703,0.06262087821960449,0.46856212615966797,0.2611961364746094,0.07757210731506348
241,j603_1,1,53,50,0.09293079376220703,0.06262087821960449,0.46856212615966797,0.24837398529052734,0.07490992546081543
242,j603_1,2,59,58,0.09293079376220703,0.06262087821960449,0.46856212615966797,0.25323486328125,0.07267093658447266
243,j603_1,3,54,53,0.09293079376220703,0.06262087821960449,0.46856212615966797,0.23865914344787598,0.06671595573425293
244,j603_1,4,51,50,0.09293079376220703,0.06262087821960449,0.46856212615966797,0.2563199996948242,0.06848812103271484
245,j603_1,5,48,48,0.09293079376220703,0.06262087821960449,0.46856212615966797,0.23853802680969238,0.06554722785949707
246,j603_1,6,52,50,0.09293079376220703,0.06262087821960449,0.46856212615966797,0.2346041202545166,0.08824706077575684
247,j603_1,7,49,47,0.09293079376220703,0.06262087821960449,0.46856212615966797,0.27355480194091797,0.10609006881713867
248,j603_1,8,52,50,0.09293079376220703,0.06262087821960449,0.46856212615966797,0.3354482650756836,0.06682419776916504
249,j603_1,9,58,58,0.09293079376220703,0.06262087821960449,0.46856212615966797,0.20717191696166992,0.0777740478515625
250,j603_2,0,65,58,0.07285594940185547,0.18223834037780762,0.47553515434265137,0.22083306312561035,0.060526132583618164
251,j603_2,1,66,64,0.07285594940185547,0.18223834037780762,0.47553515434265137,0.21081018447875977,0.06962299346923828
252,j603_2,2,60,58,0.07285594940185547,0.18223834037780762,0.47553515434265137,0.26618218421936035,0.07507014274597168
253,j603_2,3,67,65,0.07285594940185547,0.18223834037780762,0.47553515434265137,0.28473806381225586,0.07453107833862305
254,j603_2,4,66,64,0.07285594940185547,0.18223834037780762,0.47553515434265137,0.4069938659667969,0.07370114326477051
255,j603_2,5,66,66,0.07285594940185547,0.18223834037780762,0.47553515434265137,0.2297530174255371,0.07225394248962402
256,j603_2,6,68,66,0.07285594940185547,0.18223834037780762,0.47553515434265137,0.4034898281097412,0.06845879554748535
257,j603_2,7,67,62,0.07285594940185547,0.18223834037780762,0.47553515434265137,0.20075011253356934,0.06554079055786133
258,j603_2,8,61,59,0.07285594940185547,0.18223834037780762,0.47553515434265137,0.21524500846862793,0.06355404853820801
259,j603_2,9,68,68,0.07285594940185547,0.18223834037780762,0.47553515434265137,0.22317886352539062,0.0722649097442627
260,j603_3,0,95,92,0.07149481773376465,0.07343792915344238,0.5073988437652588,0.26458072662353516,0.07695412635803223
261,j603_3,1,88,84,0.07149481773376465,0.07343792915344238,0.5073988437652588,0.2590451240539551,0.0638880729675293
262,j603_3,2,86,86,0.07149481773376465,0.07343792915344238,0.5073988437652588,0.22716379165649414,0.06099891662597656
263,j603_3,3,97,91,0.07149481773376465,0.07343792915344238,0.5073988437652588,0.30806398391723633,0.09685182571411133
264,j603_3,4,92,90,0.07149481773376465,0.07343792915344238,0.5073988437652588,0.26163196563720703,0.0640249252319336
265,j603_3,5,91,90,0.07149481773376465,0.07343792915344238,0.5073988437652588,0.2519400119781494,0.06908798217773438
266,j603_3,6,94,89,0.07149481773376465,0.07343792915344238,0.5073988437652588,0.2489461898803711,0.0682077407836914
267,j603_3,7,95,90,0.07149481773376465,0.07343792915344238,0.5073988437652588,0.23543286323547363,0.0647728443145752
268,j603_3,8,88,86,0.07149481773376465,0.07343792915344238,0.5073988437652588,0.2391190528869629,0.1719188690185547
269,j603_3,9,95,89,0.07149481773376465,0.07343792915344238,0.5073988437652588,0.30063509941101074,0.0764319896697998
270,j603_4,0,77,74,0.07825779914855957,0.052575111389160156,0.5272259712219238,0.2927238941192627,0.08535289764404297
271,j603_4,1,69,68,0.07825779914855957,0.052575111389160156,0.5272259712219238,0.28646087646484375,0.07342410087585449
272,j603_4,2,73,66,0.07825779914855957,0.052575111389160156,0.5272259712219238,0.24625205993652344,0.07317781448364258
273,j603_4,3,68,65,0.07825779914855957,0.052575111389160156,0.5272259712219238,0.24376797676086426,0.07378697395324707
274,j603_4,4,72,72,0.07825779914855957,0.052575111389160156,0.5272259712219238,0.28589916229248047,0.07544803619384766
275,j603_4,5,79,75,0.07825779914855957,0.052575111389160156,0.5272259712219238,0.23726296424865723,0.08341097831726074
276,j603_4,6,69,68,0.07825779914855957,0.052575111389160156,0.5272259712219238,0.28740811347961426,0.07116413116455078
277,j603_4,7,70,66,0.07825779914855957,0.052575111389160156,0.5272259712219238,0.25478100776672363,0.07326483726501465
278,j603_4,8,66,61,0.07825779914855957,0.052575111389160156,0.5272259712219238,0.2566530704498291,0.0668480396270752
279,j603_4,9,76,72,0.07825779914855957,0.052575111389160156,0.5272259712219238,0.24329495429992676,0.07657814025878906
280,j604_1,0,69,66,0.06948614120483398,0.16268706321716309,0.5113949775695801,0.22303199768066406,0.0636749267578125
281,j604_1,1,79,77,0.06948614120483398,0.16268706321716309,0.5113949775695801,0.22782611846923828,0.06807899475097656
282,j604_1,2,76,74,0.06948614120483398,0.16268706321716309,0.5113949775695801,0.28422021865844727,0.0769352912902832
283,j604_1,3,81,77,0.06948614120483398,0.16268706321716309,0.5113949775695801,0.23890399932861328,0.07006001472473145
284,j604_1,4,76,70,0.06948614120483398,0.16268706321716309,0.5113949775695801,0.23713111877441406,0.06907224655151367
285,j604_1,5,75,69,0.06948614120483398,0.16268706321716309,0.5113949775695801,0.22620534896850586,0.0699930191040039
286,j604_1,6,78,78,0.06948614120483398,0.16268706321716309,0.5113949775695801,0.22478389739990234,0.0697779655456543
287,j604_1,7,79,77,0.06948614120483398,0.16268706321716309,0.5113949775695801,0.22711181640625,0.06829094886779785
288,j604_1,8,75,73,0.06948614120483398,0.16268706321716309,0.5113949775695801,0.23169302940368652,0.0687260627746582
289,j604_1,9,80,78,0.06948614120483398,0.16268706321716309,0.5113949775695801,0.2225489616394043,0.06851410865783691
290,j604_2,0,60,53,0.06348514556884766,0.04341387748718262,0.4582347869873047,0.22411608695983887,0.07688403129577637
291,j604_2,1,60,55,0.06348514556884766,0.04341387748718262,0.4582347869873047,0.26619386672973633,0.07944703102111816
292,j604_2,2,61,51,0.06348514556884766,0.04341387748718262,0.4582347869873047,0.2584381103515625,0.16749000549316406
293,j604_2,3,58,54,0.06348514556884766,0.04341387748718262,0.4582347869873047,0.23316526412963867,0.07216715812683105
294,j604_2,4,55,54,0.06348514556884766,0.04341387748718262,0.4582347869873047,0.267183780670166,0.07135391235351562
295,j604_2,5,58,51,0.06348514556884766,0.04341387748718262,0.4582347869873047,0.2339327335357666,0.07075190544128418
296,j604_2,6,59,54,0.06348514556884766,0.04341387748718262,0.4582347869873047,0.2679018974304199,0.07497715950012207
297,j604_2,7,59,53,0.06348514556884766,0.04341387748718262,0.4582347869873047,0.25787997245788574,0.08925294876098633
298,j604_2,8,51,44,0.06348514556884766,0.04341387748718262,0.4582347869873047,0.2833232879638672,0.07018327713012695
299,j604_2,9,55,49,0.06348514556884766,0.04341387748718262,0.4582347869873047,0.24654579162597656,0.06967806816101074
300,j604_3,0,53,53,0.07130908966064453,0.051527976989746094,0.5088093280792236,0.3044772148132324,0.08408522605895996
301,j604_3,1,52,49,0.07130908966064453,0.051527976989746094,0.5088093280792236,0.3051469326019287,0.0758199691772461
302,j604_3,2,52,43,0.07130908966064453,0.051527976989746094,0.5088093280792236,0.32537126541137695,0.08577418327331543
303,j604_3,3,49,49,0.07130908966064453,0.051527976989746094,0.5088093280792236,0.24051618576049805,0.07381415367126465
304,j604_3,4,48,48,0.07130908966064453,0.051527976989746094,0.5088093280792236,0.265805721282959,0.07485795021057129
305,j604_3,5,53,53,0.07130908966064453,0.051527976989746094,0.5088093280792236,0.27394986152648926,0.08746600151062012
306,j604_3,6,50,49,0.07130908966064453,0.051527976989746094,0.5088093280792236,0.30339527130126953,0.08355188369750977
307,j604_3,7,55,52,0.07130908966064453,0.051527976989746094,0.5088093280792236,0.27437591552734375,0.07107901573181152
308,j604_3,8,53,51,0.07130908966064453,0.051527976989746094,0.5088093280792236,0.24195384979248047,0.08090591430664062
309,j604_3,9,55,53,0.07130908966064453,0.051527976989746094,0.5088093280792236,0.36342668533325195,0.0697329044342041
310,j604_4,0,60,60,0.07829403877258301,0.053362369537353516,0.5347750186920166,0.2613260746002197,0.06883788108825684
311,j604_4,1,58,57,0.07829403877258301,0.053362369537353516,0.5347750186920166,0.25284886360168457,0.08733010292053223
312,j604_4,2,62,58,0.07829403877258301,0.053362369537353516,0.5347750186920166,0.31505584716796875,0.08988523483276367
313,j604_4,3,59,59,0.07829403877258301,0.053362369537353516,0.5347750186920166,0.32562994956970215,0.07776379585266113
314,j604_4,4,57,55,0.07829403877258301,0.053362369537353516,0.5347750186920166,0.2509918212890625,0.07067179679870605
315,j604_4,5,60,59,0.07829403877258301,0.053362369537353516,0.5347750186920166,0.26022791862487793,0.06928610801696777
316,j604_4,6,63,61,0.07829403877258301,0.053362369537353516,0.5347750186920166,0.2542228698730469,0.07601094245910645
317,j604_4,7,72,61,0.07829403877258301,0.053362369537353516,0.5347750186920166,0.30640625953674316,0.07669615745544434
318,j604_4,8,68,62,0.07829403877258301,0.053362369537353516,0.5347750186920166,0.29616212844848633,0.08130717277526855
319,j604_4,9,57,55,0.07829403877258301,0.053362369537353516,0.5347750186920166,0.29285192489624023,0.07889986038208008
320,j901_1,0,70,61,0.8139119148254395,0.1070559024810791,0.6426119804382324,0.9548318386077881,0.4673500061035156
321,j901_1,1,75,71,0.8139119148254395,0.1070559024810791,0.6426119804382324,0.8477523326873779,0.34761500358581543
322,j901_1,2,72,63,0.8139119148254395,0.1070559024810791,0.6426119804382324,0.7804579734802246,0.12903714179992676
323,j901_1,3,78,65,0.8139119148254395,0.1070559024810791,0.6426119804382324,0.7759227752685547,0.33495116233825684
324,j901_1,4,76,70,0.8139119148254395,0.1070559024810791,0.6426119804382324,0.7578861713409424,0.08510994911193848
325,j901_1,5,73,73,0.8139119148254395,0.1070559024810791,0.6426119804382324,0.7691349983215332,0.3366389274597168
326,j901_1,6,71,65,0.8139119148254395,0.1070559024810791,0.6426119804382324,0.799685001373291,0.11111807823181152
327,j901_1,7,73,63,0.8139119148254395,0.1070559024810791,0.6426119804382324,0.8181049823760986,0.3093099594116211
328,j901_1,8,77,68,0.8139119148254395,0.1070559024810791,0.6426119804382324,0.7700250148773193,0.12408900260925293
329,j901_1,9,78,68,0.8139119148254395,0.1070559024810791,0.6426119804382324,0.7885539531707764,0.14486193656921387
330,j901_2,0,83,80,0.07574295997619629,0.20253682136535645,0.5620400905609131,0.8564200401306152,0.07958412170410156
331,j901_2,1,82,75,0.07574295997619629,0.20253682136535645,0.5620400905609131,0.9528439044952393,0.21951913833618164
332,j901_2,2,83,81,0.07574295997619629,0.20253682136535645,0.5620400905609131,1.0546276569366455,0.05991196632385254
333,j901_2,3,83,78,0.07574295997619629,0.20253682136535645,0.5620400905609131,0.6013298034667969,0.06674671173095703
334,j901_2,4,87,87,0.07574295997619629,0.20253682136535645,0.5620400905609131,0.6225237846374512,0.05957293510437012
335,j901_2,5,76,68,0.07574295997619629,0.20253682136535645,0.5620400905609131,0.9435179233551025,0.1098318099975586
336,j901_2,6,81,76,0.07574295997619629,0.20253682136535645,0.5620400905609131,0.7311649322509766,0.05955815315246582
337,j901_2,7,80,72,0.07574295997619629,0.20253682136535645,0.5620400905609131,0.7826259136199951,0.06787109375
338,j901_2,8,80,76,0.07574295997619629,0.20253682136535645,0.5620400905609131,0.991692066192627,0.06470298767089844
339,j901_2,9,83,73,0.07574295997619629,0.20253682136535645,0.5620400905609131,0.6690349578857422,0.14553213119506836
340,j901_3,0,65,58,0.4493868350982666,0.17154288291931152,0.5057430267333984,0.7239418029785156,0.3055109977722168
341,j901_3,1,68,60,0.4493868350982666,0.17154288291931152,0.5057430267333984,0.5882461071014404,0.32787299156188965
342,j901_3,2,69,64,0.4493868350982666,0.17154288291931152,0.5057430267333984,0.5879731178283691,0.38030481338500977
343,j901_3,3,68,62,0.4493868350982666,0.17154288291931152,0.5057430267333984,0.8541302680969238,0.37529706954956055
344,j901_3,4,66,60,0.4493868350982666,0.17154288291931152,0.5057430267333984,0.5975208282470703,0.31449294090270996
345,j901_3,5,69,65,0.4493868350982666,0.17154288291931152,0.5057430267333984,0.5709567070007324,0.24728918075561523
346,j901_3,6,65,59,0.4493868350982666,0.17154288291931152,0.5057430267333984,0.5756490230560303,0.37403106689453125
347,j901_3,7,68,59,0.4493868350982666,0.17154288291931152,0.5057430267333984,0.6478431224822998,0.2825338840484619
348,j901_3,8,71,65,0.4493868350982666,0.17154288291931152,0.5057430267333984,0.5751039981842041,0.3188652992248535
349,j901_3,9,69,67,0.4493868350982666,0.17154288291931152,0.5057430267333984,0.5710458755493164,0.23715782165527344
350,j901_4,0,89,80,1.1235201358795166,0.08730101585388184,0.41420698165893555,0.7347681522369385,0.32927489280700684
351,j901_4,1,93,91,1.1235201358795166,0.08730101585388184,0.41420698165893555,0.8534951210021973,1.5326552391052246
352,j901_4,2,93,83,1.1235201358795166,0.08730101585388184,0.41420698165893555,0.5956940650939941,0.47142601013183594
353,j901_4,3,86,77,1.1235201358795166,0.08730101585388184,0.41420698165893555,0.6010251045227051,0.9116387367248535
354,j901_4,4,93,86,1.1235201358795166,0.08730101585388184,0.41420698165893555,1.0504589080810547,2.068125009536743
355,j901_4,5,89,86,1.1235201358795166,0.08730101585388184,0.41420698165893555,0.839141845703125,1.0675089359283447
356,j901_4,6,100,91,1.1235201358795166,0.08730101585388184,0.41420698165893555,1.1089520454406738,0.7701990604400635
357,j901_4,7,87,82,1.1235201358795166,0.08730101585388184,0.41420698165893555,0.9303810596466064,0.8788201808929443
358,j901_4,8,91,80,1.1235201358795166,0.08730101585388184,0.41420698165893555,0.6745567321777344,0.6680140495300293
359,j901_4,9,86,84,1.1235201358795166,0.08730101585388184,0.41420698165893555,0.7237167358398438,1.1194419860839844
360,j902_1,0,84,74,0.06376504898071289,0.07483196258544922,0.8309729099273682,0.6440458297729492,0.06029796600341797
361,j902_1,1,91,84,0.06376504898071289,0.07483196258544922,0.8309729099273682,0.8472089767456055,0.07237410545349121
362,j902_1,2,89,83,0.06376504898071289,0.07483196258544922,0.8309729099273682,1.0124809741973877,0.07115316390991211
363,j902_1,3,88,83,0.06376504898071289,0.07483196258544922,0.8309729099273682,0.9764120578765869,0.06064414978027344
364,j902_1,4,90,87,0.06376504898071289,0.07483196258544922,0.8309729099273682,0.8586008548736572,0.5116710662841797
365,j902_1,5,93,83,0.06376504898071289,0.07483196258544922,0.8309729099273682,0.7671442031860352,0.061498165130615234
366,j902_1,6,84,75,0.06376504898071289,0.07483196258544922,0.8309729099273682,0.5720300674438477,0.07056498527526855
367,j902_1,7,91,84,0.06376504898071289,0.07483196258544922,0.8309729099273682,0.6253209114074707,0.06953907012939453
368,j902_1,8,86,86,0.06376504898071289,0.07483196258544922,0.8309729099273682,0.6488072872161865,0.0634450912475586
369,j902_1,9,98,87,0.06376504898071289,0.07483196258544922,0.8309729099273682,0.5578839778900146,0.06373715400695801
370,j902_2,0,108,103,0.05896711349487305,0.07554197311401367,0.41573095321655273,0.6098191738128662,0.07450699806213379
371,j902_2,1,103,100,0.05896711349487305,0.07554197311401367,0.41573095321655273,0.83125901222229,0.08150887489318848
372,j902_2,2,104,104,0.05896711349487305,0.07554197311401367,0.41573095321655273,1.008734941482544,0.07132506370544434
373,j902_2,3,108,104,0.05896711349487305,0.07554197311401367,0.41573095321655273,0.8647229671478271,0.06127214431762695
374,j902_2,4,104,102,0.05896711349487305,0.07554197311401367,0.41573095321655273,0.7417910099029541,0.06784582138061523
375,j902_2,5,106,101,0.05896711349487305,0.07554197311401367,0.41573095321655273,0.6929190158843994,0.07119894027709961
376,j902_2,6,111,110,0.05896711349487305,0.07554197311401367,0.41573095321655273,0.7524778842926025,0.0695650577545166
377,j902_2,7,100,93,0.05896711349487305,0.07554197311401367,0.41573095321655273,0.7844290733337402,0.07934689521789551
378,j902_2,8,103,100,0.05896711349487305,0.07554197311401367,0.41573095321655273,0.7481541633605957,0.06962084770202637
379,j902_2,9,105,101,0.05896711349487305,0.07554197311401367,0.41573095321655273,0.727154016494751,0.059689998626708984
380,j902_3,0,69,66,0.06059598922729492,0.1808762550354004,0.5206718444824219,0.7341198921203613,0.06977176666259766
381,j902_3,1,65,57,0.06059598922729492,0.1808762550354004,0.5206718444824219,0.7037107944488525,0.0661170482635498
382,j902_3,2,72,69,0.06059598922729492,0.1808762550354004,0.5206718444824219,0.6040456295013428,0.0865480899810791
383,j902_3,3,70,67,0.06059598922729492,0.1808762550354004,0.5206718444824219,0.8705661296844482,0.060743093490600586
384,j902_3,4,65,60,0.06059598922729492,0.1808762550354004,0.5206718444824219,0.6798830032348633,0.07396411895751953
385,j902_3,5,68,67,0.06059598922729492,0.1808762550354004,0.5206718444824219,0.7095611095428467,0.07875204086303711
386,j902_3,6,66,66,0.06059598922729492,0.1808762550354004,0.5206718444824219,0.7646782398223877,0.07155919075012207
387,j902_3,7,67,57,0.06059598922729492,0.1808762550354004,0.5206718444824219,0.7491710186004639,0.07473897933959961
388,j902_3,8,69,67,0.06059598922729492,0.1808762550354004,0.5206718444824219,0.6540029048919678,0.06458806991577148
389,j902_3,9,72,66,0.06059598922729492,0.1808762550354004,0.5206718444824219,0.6155400276184082,0.06979918479919434
390,j902_4,0,71,61,0.06278181076049805,0.2507436275482178,0.860637903213501,0.9930510520935059,0.075714111328125
391,j902_4,1,74,72,0.06278181076049805,0.2507436275482178,0.860637903213501,0.8954119682312012,0.07160615921020508
392,j902_4,2,67,60,0.06278181076049805,0.2507436275482178,0.860637903213501,1.7120609283447266,0.07793593406677246
393,j902_4,3,66,63,0.06278181076049805,0.2507436275482178,0.860637903213501,1.5957081317901611,0.07204484939575195
394,j902_4,4,64,58,0.06278181076049805,0.2507436275482178,0.860637903213501,0.9337029457092285,0.06704211235046387
395,j902_4,5,68,56,0.06278181076049805,0.2507436275482178,0.860637903213501,1.4173927307128906,0.06815290451049805
396,j902_4,6,63,55,0.06278181076049805,0.2507436275482178,0.860637903213501,0.8246309757232666,0.05891084671020508
397,j902_4,7,74,71,0.06278181076049805,0.2507436275482178,0.860637903213501,0.5922548770904541,0.0588679313659668
398,j902_4,8,69,56,0.06278181076049805,0.2507436275482178,0.860637903213501,0.7205467224121094,0.09391498565673828
399,j902_4,9,68,68,0.06278181076049805,0.2507436275482178,0.860637903213501,0.7388081550598145,0.07696795463562012
400,j903_1,0,72,65,0.20223093032836914,0.08833503723144531,0.4968578815460205,0.7554948329925537,0.07016229629516602
401,j903_1,1,73,65,0.20223093032836914,0.08833503723144531,0.4968578815460205,0.6179029941558838,0.1596970558166504
402,j903_1,2,77,77,0.20223093032836914,0.08833503723144531,0.4968578815460205,0.6714909076690674,0.07356858253479004
403,j903_1,3,69,63,0.20223093032836914,0.08833503723144531,0.4968578815460205,0.6175541877746582,0.05844521522521973
404,j903_1,4,71,64,0.20223093032836914,0.08833503723144531,0.4968578815460205,0.60697340965271,0.06173396110534668
405,j903_1,5,79,67,0.20223093032836914,0.08833503723144531,0.4968578815460205,0.639613151550293,0.06521821022033691
406,j903_1,6,69,63,0.20223093032836914,0.08833503723144531,0.4968578815460205,0.5779709815979004,0.0579679012298584
407,j903_1,7,69,59,0.20223093032836914,0.08833503723144531,0.4968578815460205,0.6545019149780273,0.08278393745422363
408,j903_1,8,75,70,0.20223093032836914,0.08833503723144531,0.4968578815460205,0.714033842086792,0.06520700454711914
409,j903_1,9,74,60,0.20223093032836914,0.08833503723144531,0.4968578815460205,0.5856997966766357,0.060904741287231445
410,j903_2,0,79,71,0.05912590026855469,0.06707000732421875,0.4212479591369629,0.5848381519317627,0.06429076194763184
411,j903_2,1,75,72,0.05912590026855469,0.06707000732421875,0.4212479591369629,0.5633141994476318,0.06392693519592285
412,j903_2,2,75,69,0.05912590026855469,0.06707000732421875,0.4212479591369629,0.6265242099761963,0.061109066009521484
413,j903_2,3,84,83,0.05912590026855469,0.06707000732421875,0.4212479591369629,0.5489888191223145,0.058773040771484375
414,j903_2,4,69,67,0.05912590026855469,0.06707000732421875,0.4212479591369629,0.544583797454834,0.05947613716125488
415,j903_2,5,68,66,0.05912590026855469,0.06707000732421875,0.4212479591369629,0.6844120025634766,0.06145000457763672
416,j903_2,6,75,74,0.05912590026855469,0.06707000732421875,0.4212479591369629,0.581658124923706,0.10994505882263184
417,j903_2,7,74,70,0.05912590026855469,0.06707000732421875,0.4212479591369629,1.6687471866607666,0.1016530990600586
418,j903_2,8,86,82,0.05912590026855469,0.06707000732421875,0.4212479591369629,1.3073861598968506,0.12228035926818848
419,j903_2,9,78,75,0.05912590026855469,0.06707000732421875,0.4212479591369629,0.6899890899658203,0.06053018569946289
420,j903_3,0,63,58,0.06514668464660645,0.07122516632080078,0.38145923614501953,0.5922398567199707,0.05930066108703613
421,j903_3,1,68,59,0.06514668464660645,0.07122516632080078,0.38145923614501953,0.5520119667053223,0.1877288818359375
422,j903_3,2,69,64,0.06514668464660645,0.07122516632080078,0.38145923614501953,0.600884199142456,0.06775403022766113
423,j903_3,3,73,73,0.06514668464660645,0.07122516632080078,0.38145923614501953,0.6038930416107178,0.06355810165405273
424,j903_3,4,69,67,0.06514668464660645,0.07122516632080078,0.38145923614501953,0.7201697826385498,0.0968937873840332
425,j903_3,5,60,59,0.06514668464660645,0.07122516632080078,0.38145923614501953,0.7436749935150146,0.06565690040588379
426,j903_3,6,63,57,0.06514668464660645,0.07122516632080078,0.38145923614501953,0.551455020904541,0.05935215950012207
427,j903_3,7,66,58,0.06514668464660645,0.07122516632080078,0.38145923614501953,0.5816061496734619,0.06666707992553711
428,j903_3,8,70,62,0.06514668464660645,0.07122516632080078,0.38145923614501953,0.6588621139526367,0.06236529350280762
429,j903_3,9,61,61,0.06514668464660645,0.07122516632080078,0.38145923614501953,0.6709811687469482,0.0957801342010498
430,j903_4,0,98,95,0.07211709022521973,0.08583402633666992,0.4622619152069092,0.6977570056915283,0.07265686988830566
431,j903_4,1,102,102,0.07211709022521973,0.08583402633666992,0.4622619152069092,0.5699472427368164,0.05910825729370117
432,j903_4,2,95,88,0.07211709022521973,0.08583402633666992,0.4622619152069092,0.5627000331878662,0.060726165771484375
433,j903_4,3,96,92,0.07211709022521973,0.08583402633666992,0.4622619152069092,0.5617051124572754,0.05883002281188965
434,j903_4,4,94,90,0.07211709022521973,0.08583402633666992,0.4622619152069092,0.6481218338012695,0.09360074996948242
435,j903_4,5,96,95,0.07211709022521973,0.08583402633666992,0.4622619152069092,1.192086935043335,0.0771629810333252
436,j903_4,6,92,85,0.07211709022521973,0.08583402633666992,0.4622619152069092,0.7443170547485352,0.06968021392822266
437,j903_4,7,92,90,0.07211709022521973,0.08583402633666992,0.4622619152069092,0.5630989074707031,0.05879020690917969
438,j903_4,8,96,95,0.07211709022521973,0.08583402633666992,0.4622619152069092,0.5638349056243896,0.05892205238342285
439,j903_4,9,95,90,0.07211709022521973,0.08583402633666992,0.4622619152069092,0.586838960647583,0.05885887145996094
440,j904_1,0,81,71,0.05924201011657715,0.0687251091003418,0.3826758861541748,0.5806319713592529,0.06049704551696777
441,j904_1,1,90,86,0.05924201011657715,0.0687251091003418,0.3826758861541748,0.5617096424102783,0.061781883239746094
442,j904_1,2,80,78,0.05924201011657715,0.0687251091003418,0.3826758861541748,0.6554009914398193,0.07141590118408203
443,j904_1,3,84,71,0.05924201011657715,0.0687251091003418,0.3826758861541748,0.5993390083312988,0.05939316749572754
444,j904_1,4,90,78,0.05924201011657715,0.0687251091003418,0.3826758861541748,0.8448188304901123,0.07522821426391602
445,j904_1,5,84,80,0.05924201011657715,0.0687251091003418,0.3826758861541748,0.5474789142608643,0.05967116355895996
446,j904_1,6,92,87,0.05924201011657715,0.0687251091003418,0.3826758861541748,0.5529899597167969,0.06552815437316895
447,j904_1,7,84,77,0.05924201011657715,0.0687251091003418,0.3826758861541748,0.6538629531860352,0.07097196578979492
448,j904_1,8,84,82,0.05924201011657715,0.0687251091003418,0.3826758861541748,0.7646670341491699,0.07201528549194336
449,j904_1,9,88,78,0.05924201011657715,0.0687251091003418,0.3826758861541748,0.7951900959014893,0.17507004737854004
450,j904_2,0,83,76,0.06290006637573242,0.0755620002746582,0.389157772064209,0.5699708461761475,0.05954790115356445
451,j904_2,1,91,86,0.06290006637573242,0.0755620002746582,0.389157772064209,0.563835859298706,0.05857706069946289
452,j904_2,2,92,79,0.06290006637573242,0.0755620002746582,0.389157772064209,0.5904397964477539,0.06000781059265137
453,j904_2,3,90,87,0.06290006637573242,0.0755620002746582,0.389157772064209,0.5656561851501465,0.059121131896972656
454,j904_2,4,86,81,0.06290006637573242,0.0755620002746582,0.389157772064209,0.566058874130249,0.0591278076171875
455,j904_2,5,84,83,0.06290006637573242,0.0755620002746582,0.389157772064209,0.5811879634857178,0.05819511413574219
456,j904_2,6,91,91,0.06290006637573242,0.0755620002746582,0.389157772064209,0.5622589588165283,0.16421985626220703
457,j904_2,7,83,79,0.06290006637573242,0.0755620002746582,0.389157772064209,0.5820751190185547,0.06401705741882324
458,j904_2,8,86,78,0.06290006637573242,0.0755620002746582,0.389157772064209,0.5646378993988037,0.06027102470397949
459,j904_2,9,88,84,0.06290006637573242,0.0755620002746582,0.389157772064209,0.5757138729095459,0.06059908866882324
460,j904_3,0,65,59,0.06484389305114746,0.10545897483825684,0.8164880275726318,0.5367841720581055,0.06001091003417969
461,j904_3,1,67,60,0.06484389305114746,0.10545897483825684,0.8164880275726318,0.5382559299468994,0.05891776084899902
462,j904_3,2,61,60,0.06484389305114746,0.10545897483825684,0.8164880275726318,0.5417542457580566,0.05876278877258301
463,j904_3,3,60,59,0.06484389305114746,0.10545897483825684,0.8164880275726318,0.5359609127044678,0.059504032135009766
464,j904_3,4,61,61,0.06484389305114746,0.10545897483825684,0.8164880275726318,0.5376091003417969,0.07793688774108887
465,j904_3,5,68,58,0.06484389305114746,0.10545897483825684,0.8164880275726318,0.5649149417877197,0.06543326377868652
466,j904_3,6,64,56,0.06484389305114746,0.10545897483825684,0.8164880275726318,0.5346369743347168,0.05965709686279297
467,j904_3,7,60,58,0.06484389305114746,0.10545897483825684,0.8164880275726318,0.5484921932220459,0.06325888633728027
468,j904_3,8,60,52,0.06484389305114746,0.10545897483825684,0.8164880275726318,0.5428249835968018,0.059992074966430664
469,j904_3,9,65,60,0.06484389305114746,0.10545897483825684,0.8164880275726318,0.5358841419219971,0.062433719635009766
470,j904_4,0,88,84,0.05895662307739258,0.17783093452453613,0.3912851810455322,0.5523958206176758,0.05931282043457031
471,j904_4,1,94,92,0.05895662307739258,0.17783093452453613,0.3912851810455322,0.5517759323120117,0.058984994888305664
472,j904_4,2,93,83,0.05895662307739258,0.17783093452453613,0.3912851810455322,0.5868678092956543,0.07385396957397461
473,j904_4,3,81,78,0.05895662307739258,0.17783093452453613,0.3912851810455322,0.6395058631896973,0.06225299835205078
474,j904_4,4,84,75,0.05895662307739258,0.17783093452453613,0.3912851810455322,0.5863399505615234,0.06990408897399902
475,j904_4,5,91,82,0.05895662307739258,0.17783093452453613,0.3912851810455322,0.6232256889343262,0.05880284309387207
476,j904_4,6,90,90,0.05895662307739258,0.17783093452453613,0.3912851810455322,0.55682373046875,0.05810093879699707
477,j904_4,7,96,93,0.05895662307739258,0.17783093452453613,0.3912851810455322,0.5659189224243164,0.06676101684570312
478,j904_4,8,86,81,0.05895662307739258,0.17783093452453613,0.3912851810455322,0.6585290431976318,0.06185102462768555
479,j904_4,9,85,85,0.05895662307739258,0.17783093452453613,0.3912851810455322,0.5509390830993652,0.058969974517822266
480,j1201_1,0,107,94,1.1375999450683594,0.25020313262939453,0.4173550605773926,2.106907844543457,0.7086169719696045
481,j1201_1,1,103,94,1.1375999450683594,0.25020313262939453,0.4173550605773926,1.9119479656219482,0.9146850109100342
482,j1201_1,2,104,91,1.1375999450683594,0.25020313262939453,0.4173550605773926,1.669778823852539,1.2604100704193115
483,j1201_1,3,107,101,1.1375999450683594,0.25020313262939453,0.4173550605773926,1.7880890369415283,1.3902668952941895
484,j1201_1,4,105,95,1.1375999450683594,0.25020313262939453,0.4173550605773926,1.4676077365875244,1.448592185974121
485,j1201_1,5,110,97,1.1375999450683594,0.25020313262939453,0.4173550605773926,1.4958901405334473,0.7864091396331787
486,j1201_1,6,113,103,1.1375999450683594,0.25020313262939453,0.4173550605773926,1.4112980365753174,0.8005261421203613
487,j1201_1,7,110,100,1.1375999450683594,0.25020313262939453,0.4173550605773926,1.3999052047729492,0.8067007064819336
488,j1201_1,8,105,94,1.1375999450683594,0.25020313262939453,0.4173550605773926,1.379744052886963,0.6565020084381104
489,j1201_1,9,113,103,1.1375999450683594,0.25020313262939453,0.4173550605773926,1.4752147197723389,0.736860990524292
490,j1201_2,0,106,97,3.3035030364990234,0.2505669593811035,0.5426292419433594,1.4382200241088867,1.990549087524414
491,j1201_2,1,106,96,3.3035030364990234,0.2505669593811035,0.5426292419433594,1.6043992042541504,1.1647238731384277
492,j1201_2,2,106,94,3.3035030364990234,0.2505669593811035,0.5426292419433594,2.0328359603881836,1.1784908771514893
493,j1201_2,3,112,98,3.3035030364990234,0.2505669593811035,0.5426292419433594,1.8614861965179443,1.0007319450378418
494,j1201_2,4,108,98,3.3035030364990234,0.2505669593811035,0.5426292419433594,1.4180011749267578,1.7045869827270508
495,j1201_2,5,104,95,3.3035030364990234,0.2505669593811035,0.5426292419433594,1.3987178802490234,1.0890393257141113
496,j1201_2,6,112,98,3.3035030364990234,0.2505669593811035,0.5426292419433594,1.4704499244689941,1.7958598136901855
497,j1201_2,7,106,92,3.3035030364990234,0.2505669593811035,0.5426292419433594,1.3788909912109375,1.3188328742980957
498,j1201_2,8,108,96,3.3035030364990234,0.2505669593811035,0.5426292419433594,1.3767151832580566,4.035467863082886
499,j1201_2,9,101,96,3.3035030364990234,0.2505669593811035,0.5426292419433594,1.3784537315368652,1.6606128215789795
500,j1201_3,0,128,114,60.05510091781616,0.13695192337036133,0.541633129119873,1.3984301090240479,60.0502290725708
501,j1201_3,1,122,104,60.05510091781616,0.13695192337036133,0.541633129119873,1.792508840560913,60.05744194984436
502,j1201_3,2,114,103,60.05510091781616,0.13695192337036133,0.541633129119873,1.4283621311187744,59.323662996292114
503,j1201_3,3,125,94,60.05510091781616,0.13695192337036133,0.541633129119873,1.5296287536621094,2.333822011947632
504,j1201_3,4,118,104,60.05510091781616,0.13695192337036133,0.541633129119873,1.615527868270874,21.361329078674316
