;Fermenter;Enzyme name;Equipment_type;Machine;Start use;End use;Claim time;Release time;Duration use;Duration claim
23;4;13133;Fermenter;Fermenter_4;16938.0;17034.0;16938.0;17044.0;96.0;106.0
24;4;13133;Harvesting tanks B;Harv_b_1;17034.0;17082.704873;17024.4;17082.704873;48.70487299999877;58.304872999997315
25;4;13133;Harvesting tanks B;Harv_b_2;17034.0;17091.964556;17024.4;17091.964556;57.96455599999899;67.56455599999754
26;4;13133;Filters A;Filt_a_1;17055.999999;17082.704873;17055.199999;17082.704873;26.70487399999911;27.50487399999838
27;4;13133;Filters A;Filt_a_2;17056.0;17091.964556;17055.2;17091.964556;35.96455599999899;36.764555999998265
28;4;13133;Microfilter;Microfilter_4;17059.551658;17092.118972;17055.999999;17092.118972;32.5673139999999;36.11897300000055
29;4;13133;Buffer tanks;Buffer_1;17055.999999;17092.118972;17055.199999;17092.118972;36.11897300000055;36.91897299999982
30;4;13133;Microfilter;Microfilter_1;17059.551658;17092.118974;17056.0;17092.118974;32.567316000000574;36.11897400000089
31;4;13133;Buffer tanks;Buffer_2;17056.0;17092.118974;17055.2;17092.118974;36.11897400000089;36.91897400000016
32;4;13133;Microfilter;Microfilter_2;17068.707631;17101.274946;17066.678112;17101.274946;32.567315000000235;34.596833999999944
33;4;13133;Buffer tanks;Buffer_3;17066.678112;17101.274946;17066.677835;17101.274946;34.596833999999944;34.59711100000277
34;4;13133;Microfilter;Microfilter_3;17070.229772;17102.797087;17066.678113;17102.797087;32.567315000000235;36.11897399999725
35;4;13133;Buffer tanks;Buffer_4;17066.678113;17102.797087;17066.677835;17102.797087;36.11897399999725;36.119252000000415
36;4;13133;Stabilization tanks;Stab_1;17066.678113;17190.797079;17066.678113;17191.797078;124.11896599999818;125.11896499999784
144;3;4584;Harvesting tanks B;Harv_b_1;16969.0;17019.839599;16964.0;17019.839599;50.839598999999;55.839598999999
145;3;4584;Filters A;Filt_a_1;17000.999999;17051.839906;17000.199999;17051.839906;50.8399070000014;51.639907000000676
146;3;4584;Harvesting tanks A;Harv_a_1;16964.0;17025.0;16964.0;17025.0;61.0;61.0
147;3;4584;Buffer tanks;Buffer_1;17000.999999;17063.775525;17000.199999;17063.775525;62.775526000001264;63.575526000000536
148;3;4584;Harvesting tanks B;Harv_b_2;17025.0;17051.839906;16964.0;17051.839906;26.839906000001065;87.83990600000106
149;3;4584;Harvesting tanks B;Harv_b_3;17029.0;17074.970657;17018.0;17074.970657;45.970657000001665;56.970657000001665
150;3;4584;Microfilter;Microfilter_4;17005.34817;17093.869116;17000.999999;17093.869116;88.52094600000055;92.869117000002
151;3;4584;Buffer tanks;Buffer_2;17033.0;17093.869116;17032.2;17093.869116;60.86911600000167;61.66911600000094
152;3;4584;Fermenter;Fermenter_3;16919.0;17029.0;16919.0;17036.0;110.0;117.0
153;3;4584;Filters A;Filt_a_2;17037.0;17074.970657;17036.2;17074.970657;37.970657000001665;38.77065700000094
154;3;4584;Microfilter;Microfilter_1;17039.280741;17069.374332;17034.932569;17069.374332;30.093591000000742;34.4417629999989
155;3;4584;Buffer tanks;Buffer_3;17037.0;17069.374332;17036.2;17069.374332;32.37433199999941;33.174331999998685
156;3;4584;Stabilization tanks;Stab_1;17032.642358;17185.869113;17032.642358;17186.869113;153.22675499999968;154.22675499999968
248;2;17235;Fermenter;Fermenter_2;16814.0;16893.0;16814.0;16916.0;79.0;102.0
249;2;17235;Harvesting tanks B;Harv_b_5;16893.0;16971.877523;16885.1;16971.877523;78.8775229999992;86.77752300000066
250;2;17235;Filters A;Filt_a_1;16932.999998;16971.877523;16930.999998;16971.877523;38.87752499999988;40.87752499999988
251;2;17235;Microfilter;Microfilter_4;16937.540175;16961.514255;16932.999998;16961.514255;23.974079999999958;28.514256999998906
252;2;17235;Buffer tanks;Buffer_1;16932.999998;16961.514255;16930.999998;16961.514255;28.514256999998906;30.514256999998906
253;2;17235;Microfilter;Microfilter_1;16950.499442;16974.473523;16945.959265;16974.473523;23.974081000000297;28.514257999999245
254;2;17235;Buffer tanks;Buffer_2;16945.959265;16974.473523;16945.958988;16974.473523;28.514257999999245;28.51453500000207
255;2;17235;Microfilter;Microfilter_2;16961.51292;16985.487;16958.918533;16985.487;23.974079999999958;26.568467000000965
256;2;17235;Buffer tanks;Buffer_3;16958.918533;16985.487;16958.918255;16985.487;26.568467000000965;26.56874500000049
257;2;17235;Stabilization tanks;Stab_1;16961.514255;17077.486991;16961.514255;17078.486991;115.97273600000335;116.97273600000335
290;4;11901;Microfilter;Microfilter_2;17104.567873;17161.989744;17102.488379;17161.989744;57.421870999998646;59.50136500000008
291;4;11901;Buffer tanks;Buffer_4;17112.488379;17161.989744;17112.488101;17161.989744;49.50136500000008;49.5016429999996
294;1;27115;Fermenter;Fermenter_1;16801.0;16930.0;16801.0;16945.0;129.0;144.0
295;1;27115;Harvesting tanks B;Harv_b_1;16930.0;16978.379014;16917.1;16978.379014;48.37901399999828;61.279013999999734
296;1;27115;Filters A;Filt_a_1;16949.999998;16978.379014;16947.999998;16978.379014;28.379015999998956;30.379015999998956
297;1;27115;Microfilter;Microfilter_4;16955.369663;16992.864086;16949.999998;16992.864086;37.4944230000001;42.864088000002084
298;1;27115;Buffer tanks;Buffer_1;16949.999998;16992.864086;16947.999998;16992.864086;42.864088000002084;44.864088000002084
299;1;27115;Microfilter;Microfilter_1;16969.55931;17007.053733;16964.189645;17007.053733;37.4944230000001;42.864088000002084
300;1;27115;Buffer tanks;Buffer_2;16964.189645;17007.053733;16964.189367;17007.053733;42.864088000002084;42.86436600000161
301;1;27115;Stabilization tanks;Stab_1;16992.864086;17095.053724;16992.864086;17096.053724;102.18963799999983;103.18963799999983
310;3;4631;Harvesting tanks A;Harv_a_2;16976.0;16980.1;16960.0;16980.1;4.099999999998545;20.099999999998545
311;3;4631;Harvesting tanks B;Harv_b_1;17014.0;17091.47538;16960.0;17091.47538;77.47537999999986;131.47537999999986
312;3;4631;Harvesting tanks A;Harv_a_1;16960.0;17014.0;16960.0;17014.0;54.0;54.0
313;3;4631;Filters B;Filt_b_1;17014.0;17091.47538;17014.0;17091.47538;77.47537999999986;77.47537999999986
314;3;4631;Microfilter;Microfilter_4;17019.039596;17108.513989;17014.0;17108.513989;89.47439300000042;94.51398899999913
315;3;4631;Buffer tanks;Buffer_1;17014.0;17088.075014;17014.0;17088.075014;74.07501399999819;74.07501399999819
316;3;4631;Fermenter;Fermenter_3;16919.0;17042.798665;16919.0;17053.798665;123.79866499999844;134.79866499999844
317;3;4631;Microfilter;Microfilter_1;17027.039261;17077.915521;17021.999665;17077.915521;50.876259999997274;55.91585599999962
318;3;4631;Buffer tanks;Buffer_2;17021.999665;17108.513989;17021.999387;17108.513989;86.51432399999976;86.51460199999929
319;3;4631;Microfilter;Microfilter_2;17032.879099;17088.075014;17029.99933;17088.075014;55.1959149999966;58.075683999999455
320;3;4631;Buffer tanks;Buffer_3;17029.99933;17077.915521;17029.999052;17077.915521;47.91619100000025;47.91646899999978
321;3;4631;Buffer tanks;Buffer_4;17037.998994;17096.074679;17037.998717;17096.074679;58.075684999999794;58.07596200000262
322;3;4631;Microfilter;Microfilter_3;17042.79861;17096.074679;17037.998994;17096.074679;53.27606899999955;58.075684999999794
323;3;4631;Stabilization tanks;Stab_1;17037.998994;17188.074674;17037.998994;17189.074674;150.0756799999981;151.0756799999981
324;3;4631;Stabilization tanks;Stab_2;17072.875925;17188.074674;17072.875925;17189.074674;115.19874899999922;116.19874899999922
325;3;4631;Stabilization tanks;Stab_3;17108.513989;17200.513984;17108.513989;17201.513984;91.99999500000195;92.99999500000195
404;1;23888;Harvesting tanks B;Harv_b_5;16905.0;16936.775478;16894.6;16936.775478;31.775477999999566;42.17547800000102
405;1;23888;Fermenter;Fermenter_1;16801.0;16905.0;16801.0;16913.0;104.0;112.0
406;1;23888;Filters A;Filt_a_1;16914.999999;16936.775478;16913.999999;16936.775478;21.775478999999905;22.775478999999905
407;1;23888;Microfilter;Microfilter_4;16919.502185;16939.53532;16914.999999;16939.53532;20.033134999997856;24.535320999999385
408;1;23888;Buffer tanks;Buffer_1;16914.999999;16939.53532;16913.999999;16939.53532;24.535320999999385;25.535320999999385
409;1;23888;Microfilter;Microfilter_1;16930.390064;16950.423198;16925.887877;16950.423198;20.033134000001155;24.535320999999385
410;1;23888;Buffer tanks;Buffer_2;16925.887877;16950.423198;16925.8876;16950.423198;24.535320999999385;24.53559800000221
411;1;23888;Stabilization tanks;Stab_1;16939.53532;17042.423189;16939.53532;17043.423189;102.88786900000196;103.88786900000196
412;1;9938;Harvesting tanks A;Harv_a_2;16907.0;16923.1;16859.0;16923.1;16.099999999998545;64.09999999999854
413;1;9938;Harvesting tanks A;Harv_a_1;16859.0;16971.0;16859.0;16971.0;112.0;112.0
414;1;9938;Harvesting tanks B;Harv_b_5;16971.0;16995.13535;16859.0;16995.13535;24.13535000000047;136.13535000000047
415;1;9938;Harvesting tanks B;Harv_b_1;16975.0;16999.135352;16957.6;16999.135352;24.13535200000115;41.535352000002604
416;1;9938;Fermenter;Fermenter_1;16801.0;16975.0;16801.0;16982.0;174.0;181.0
417;1;9938;Filters A;Filt_a_1;16977.999999;16995.13535;16977.299999;16995.13535;17.13535100000081;17.835351000001538
418;1;9938;Filters A;Filt_a_2;16981.999999;16999.135352;16981.3;16999.135352;17.135353000001487;17.835352000001876
419;1;9938;Microfilter;Microfilter_4;16982.54966;17010.513172;16977.999999;17010.513172;27.963511999998445;32.51317299999937
420;1;9938;Buffer tanks;Buffer_1;16977.999999;17010.513172;16977.299999;17010.513172;32.51317299999937;33.2131730000001
421;1;9938;Microfilter;Microfilter_1;16986.549661;17014.513173;16981.999999;17014.513173;27.963511999998445;32.51317399999971
422;1;9938;Buffer tanks;Buffer_2;16981.999999;17014.513173;16981.3;17014.513173;32.51317399999971;33.2131730000001
423;1;9938;Stabilization tanks;Stab_1;17010.513172;17106.513164;17010.513172;17107.513164;95.99999200000093;96.99999200000093
486;2;4625;Harvesting tanks B;Harv_b_5;16873.0;16899.052963;16867.9;16899.052963;26.05296299999827;31.152962999996817
487;2;4625;Fermenter;Fermenter_2;16822.0;16873.0;16814.0;16880.0;51.0;66.0
488;2;4625;Filters A;Filt_a_1;16878.0;16899.052963;16878.0;16899.052963;21.05296299999827;21.05296299999827
489;2;4625;Microfilter;Microfilter_4;16881.878116;16909.374496;16878.0;16909.374496;27.4963800000005;31.374496000000363
490;2;4625;Buffer tanks;Buffer_1;16878.0;16909.374496;16878.0;16909.374496;31.374496000000363;31.374496000000363
491;2;4625;Microfilter;Microfilter_1;16892.404736;16919.901116;16888.52662;16919.901116;27.4963800000005;31.374496000000363
492;2;4625;Buffer tanks;Buffer_2;16888.52662;16919.901116;16888.526342;16919.901116;31.374496000000363;31.37477399999989
493;2;4625;Stabilization tanks;Stab_1;16909.374496;17007.901107;16909.374496;17008.901107;98.52661100000114;99.52661100000114
494;3;9973;Fermenter;Fermenter_3;16919.0;17030.0;16919.0;17038.0;111.0;119.0
495;3;9973;Harvesting tanks B;Harv_b_1;17030.0;17079.333358;17018.9;17079.333358;49.33335799999986;60.43335799999841
496;3;9973;Harvesting tanks B;Harv_b_2;17030.0;17079.33336;17018.9;17079.33336;49.33336000000054;60.433359999999084
497;3;9973;Filters A;Filt_a_1;17053.0;17079.333358;17053.0;17079.333358;26.333357999999862;26.333357999999862
498;3;9973;Filters A;Filt_a_2;17053.0;17079.33336;17053.0;17079.33336;26.33336000000054;26.33336000000054
499;3;9973;Microfilter;Microfilter_4;17059.14035;17107.172347;17053.0;17107.172347;48.03199699999823;54.17234699999972
500;3;9973;Buffer tanks;Buffer_1;17053.0;17107.172347;17053.0;17107.172347;54.17234699999972;54.17234699999972
501;3;9973;Microfilter;Microfilter_1;17059.14035;17107.172349;17053.0;17107.172349;48.031998999998905;54.172349000000395
502;3;9973;Buffer tanks;Buffer_2;17053.0;17107.172349;17053.0;17107.172349;54.172349000000395;54.172349000000395
503;3;9973;Stabilization tanks;Stab_1;17107.172347;17195.17234;17107.172347;17196.17234;87.99999300000127;88.99999300000127
541;3;4614;Harvesting tanks B;Harv_b_1;16978.0;17030.947393;16973.0;17030.947393;52.947392999998556;57.947392999998556
542;3;4614;Filters A;Filt_a_1;17011.999999;17091.571455;17010.999999;17091.571455;79.57145600000149;80.57145600000149
543;3;4614;Harvesting tanks A;Harv_a_1;16973.0;17034.0;16973.0;17034.0;61.0;61.0
544;3;4614;Buffer tanks;Buffer_1;17011.999999;17066.045112;17010.999999;17066.045112;54.04511300000013;55.04511300000013
545;3;4614;Harvesting tanks B;Harv_b_2;17034.0;17091.571455;16973.0;17091.571455;57.57145500000115;118.57145500000115
546;3;4614;Fermenter;Fermenter_3;16919.0;17038.0;16919.0;17044.0;119.0;125.0
547;3;4614;Harvesting tanks B;Harv_b_3;17038.0;17064.91732;17026.1;17064.91732;26.917320000000473;38.81732000000193
548;3;4614;Harvesting tanks B;Harv_b_4;17038.0;17079.947395;17026.1;17079.947395;41.94739499999923;53.84739500000069
549;3;4614;Filters A;Filt_a_2;17048.0;17064.91732;17047.0;17064.91732;16.917320000000473;17.917320000000473
550;3;4614;Microfilter;Microfilter_4;17015.571427;17066.045112;17011.999999;17066.045112;50.47368500000084;54.04511300000013
551;3;4614;Buffer tanks;Buffer_2;17048.0;17075.255638;17047.0;17075.255638;27.255637999998726;28.255637999998726
552;3;4614;Filters A;Filt_a_3;17048.0;17079.947395;17047.0;17079.947395;31.947394999999233;32.94739499999923
553;3;4614;Buffer tanks;Buffer_3;17048.0;17088.518796;17047.0;17088.518796;40.51879600000029;41.51879600000029
554;3;4614;Microfilter;Microfilter_1;17051.571428;17096.571427;17048.0;17096.571427;44.99999899999966;48.57142699999895
555;3;4614;Buffer tanks;Buffer_4;17057.195793;17096.571427;17057.195515;17096.571427;39.37563399999999;39.375911999999516
556;3;4614;Stabilization tanks;Stab_1;17042.097742;17188.571425;17042.097742;17189.571425;146.47368299999653;147.47368299999653
571;4;9973;Fermenter;Fermenter_4;16938.0;17049.0;16938.0;17057.0;111.0;119.0
572;4;9973;Harvesting tanks B;Harv_b_1;17049.0;17098.333358;17037.9;17098.333358;49.33335799999986;60.43335799999841
573;4;9973;Harvesting tanks B;Harv_b_2;17049.0;17098.33336;17037.9;17098.33336;49.33336000000054;60.433359999999084
574;4;9973;Filters A;Filt_a_1;17072.0;17098.333358;17072.0;17098.333358;26.333357999999862;26.333357999999862
575;4;9973;Filters A;Filt_a_2;17072.0;17098.33336;17072.0;17098.33336;26.33336000000054;26.33336000000054
576;4;9973;Microfilter;Microfilter_4;17078.14035;17126.172347;17072.0;17126.172347;48.03199699999823;54.17234699999972
577;4;9973;Buffer tanks;Buffer_1;17072.0;17126.172347;17072.0;17126.172347;54.17234699999972;54.17234699999972
578;4;9973;Microfilter;Microfilter_1;17078.14035;17126.172349;17072.0;17126.172349;48.031998999998905;54.172349000000395
579;4;9973;Buffer tanks;Buffer_2;17072.0;17126.172349;17072.0;17126.172349;54.172349000000395;54.172349000000395
580;4;9973;Stabilization tanks;Stab_1;17126.172347;17218.172344;17126.172347;17219.172344;91.99999699999898;92.99999699999898
581;4;9973;Stabilization tanks;Stab_2;17126.172347;17218.172344;17126.172347;17219.172344;91.99999699999898;92.99999699999898
627;1;14469;Harvesting tanks B;Harv_b_1;16955.0;16985.202629;16939.6;16985.202629;30.202628999999433;45.60262900000089
628;1;14469;Fermenter;Fermenter_1;16801.0;16955.0;16801.0;16963.0;154.0;162.0
629;1;14469;Filters B;Filt_b_1;16955.0;16985.202629;16955.0;16985.202629;30.202628999999433;30.202628999999433
630;1;14469;Microfilter;Microfilter_4;16957.974341;17008.028686;16955.0;17008.028686;50.05434500000047;53.02868600000147
631;1;14469;Buffer tanks;Buffer_1;16955.0;17008.028686;16955.0;17008.028686;53.02868600000147;53.02868600000147
632;1;14469;Stabilization tanks;Stab_1;17008.028686;17100.028676;17008.028686;17101.028676;91.99999000000025;92.99999000000025
652;1;10998;Harvesting tanks A;Harv_a_2;16863.0;16868.1;16828.0;16868.1;5.099999999998545;40.099999999998545
653;1;10998;Harvesting tanks A;Harv_a_1;16828.0;16896.0;16828.0;16896.0;68.0;68.0
654;1;10998;Fermenter;Fermenter_1;16801.0;16909.4;16801.0;16924.4;108.40000000000146;123.40000000000146
655;1;10998;Harvesting tanks B;Harv_b_5;16868.1;16941.092397;16828.0;16941.092397;72.9923970000018;113.09239700000035
656;1;10998;Filters A;Filt_a_1;16919.999998;16941.092397;16917.599998;16941.092397;21.092399000001024;23.49239899999884
657;1;10998;Harvesting tanks B;Harv_b_2;16909.4;16948.867848;16909.4;16948.867848;39.46784800000023;39.46784800000023
658;1;10998;Filters A;Filt_a_2;16933.399999;16948.867848;16930.999999;16948.867848;15.46784900000057;17.867849000002025
659;1;10998;Microfilter;Microfilter_4;16924.423098;16954.39885;16919.999998;16954.39885;29.975752000002103;34.39885200000208
660;1;10998;Buffer tanks;Buffer_1;16919.999998;16954.39885;16917.599998;16954.39885;34.39885200000208;36.7988519999999
661;1;10998;Buffer tanks;Buffer_3;16932.18683;16956.619674;16932.186553;16956.619674;24.43284400000266;24.433121000001847
662;1;10998;Microfilter;Microfilter_1;16934.714317;16964.690069;16932.18683;16964.690069;29.975751999998465;32.503239000001486
663;1;10998;Buffer tanks;Buffer_4;16945.586832;16964.690069;16945.586554;16964.690069;19.103236999999353;19.10351499999888
664;1;10998;Microfilter;Microfilter_2;16937.8231;16967.798853;16933.399999;16967.798853;29.975752999998804;34.39885399999912
665;1;10998;Buffer tanks;Buffer_2;16933.399999;16967.798853;16930.999999;16967.798853;34.39885399999912;36.798854000000574
666;1;10998;Stabilization tanks;Stab_1;16954.39885;17055.798848;16954.39885;17056.798848;101.39999799999714;102.39999799999714
688;3;17510;Harvesting tanks A;Harv_a_2;16977.0;16985.1;16961.0;16985.1;8.099999999998545;24.099999999998545
689;3;17510;Harvesting tanks B;Harv_b_1;17019.0;17128.072124;16961.0;17128.072124;109.07212399999844;167.07212399999844
690;3;17510;Harvesting tanks A;Harv_a_1;16961.0;17019.0;16961.0;17019.0;58.0;58.0
691;3;17510;Filters B;Filt_b_1;17019.0;17128.072124;17019.0;17128.072124;109.07212399999844;109.07212399999844
692;3;17510;Microfilter;Microfilter_4;17024.345012;17144.176238;17019.0;17144.176238;119.83122599999842;125.17623800000001
693;3;17510;Buffer tanks;Buffer_1;17019.0;17144.176238;17019.0;17144.176238;125.17623800000001;125.17623800000001
694;3;17510;Fermenter;Fermenter_3;16919.0;17058.004366;16919.0;17069.004366;139.00436600000103;150.00436600000103
695;3;17510;Microfilter;Microfilter_1;17034.690927;17154.522153;17029.345915;17154.522153;119.83122600000206;125.17623800000001
696;3;17510;Buffer tanks;Buffer_2;17029.345915;17154.522153;17029.345637;17154.522153;125.17623800000001;125.17651600000318
697;3;17510;Microfilter;Microfilter_2;17042.746122;17123.629104;17039.691829;17123.629104;80.88298199999917;83.93727500000023
698;3;17510;Buffer tanks;Buffer_3;17039.691829;17110.992469;17039.691552;17110.992469;71.3006400000013;71.30091700000048
699;3;17510;Buffer tanks;Buffer_4;17050.037744;17123.629104;17050.037466;17123.629104;73.59135999999853;73.59163799999806
700;3;17510;Microfilter;Microfilter_3;17055.382757;17086.833409;17050.037744;17086.833409;31.450651999999536;36.795664999997825
701;3;17510;Stabilization tanks;Stab_1;17050.037744;17197.647452;17050.037744;17198.647452;147.60970799999996;148.60970799999996
702;3;17510;Stabilization tanks;Stab_2;17110.992469;17246.522148;17110.992469;17247.522148;135.5296789999993;136.5296789999993
788;4;4584;Harvesting tanks B;Harv_b_1;16988.0;17038.839599;16983.0;17038.839599;50.839598999999;55.839598999999
789;4;4584;Filters A;Filt_a_1;17019.999999;17070.839906;17019.199999;17070.839906;50.8399070000014;51.639907000000676
790;4;4584;Harvesting tanks A;Harv_a_1;16983.0;17044.0;16983.0;17044.0;61.0;61.0
791;4;4584;Buffer tanks;Buffer_1;17019.999999;17082.775525;17019.199999;17082.775525;62.775526000001264;63.575526000000536
792;4;4584;Harvesting tanks B;Harv_b_2;17044.0;17070.839906;16983.0;17070.839906;26.839906000001065;87.83990600000106
793;4;4584;Harvesting tanks B;Harv_b_3;17048.0;17093.970657;17037.0;17093.970657;45.970657000001665;56.970657000001665
794;4;4584;Microfilter;Microfilter_4;17024.34817;17112.869116;17019.999999;17112.869116;88.52094600000055;92.869117000002
795;4;4584;Buffer tanks;Buffer_2;17052.0;17112.869116;17051.2;17112.869116;60.86911600000167;61.66911600000094
796;4;4584;Fermenter;Fermenter_4;16938.0;17048.0;16938.0;17055.0;110.0;117.0
797;4;4584;Filters A;Filt_a_2;17056.0;17093.970657;17055.2;17093.970657;37.970657000001665;38.77065700000094
798;4;4584;Microfilter;Microfilter_1;17058.280741;17088.374332;17053.932569;17088.374332;30.093591000000742;34.4417629999989
799;4;4584;Buffer tanks;Buffer_3;17056.0;17088.374332;17055.2;17088.374332;32.37433199999941;33.174331999998685
800;4;4584;Stabilization tanks;Stab_1;17051.642358;17204.869113;17051.642358;17205.869113;153.22675499999968;154.22675499999968
801;5;26773;Harvesting tanks B;Harv_b_1;17061.0;17072.497526;17046.3;17072.497526;11.497525999999198;26.197525999999925
802;5;26773;Filters B;Filt_b_1;17061.0;17072.497526;17061.0;17072.497526;11.497525999999198;11.497525999999198
803;5;26773;Fermenter;Fermenter_5;16914.0;17061.0;16914.0;17076.0;147.0;162.0
804;5;26773;Microfilter;Microfilter_4;17064.992187;17102.792182;17061.0;17102.792182;37.79999500000122;41.79218200000105
805;5;26773;Buffer tanks;Buffer_1;17061.0;17102.792182;17061.0;17102.792182;41.79218200000105;41.79218200000105
806;5;26773;Stabilization tanks;Stab_1;17102.792182;17190.792173;17102.792182;17191.792173;87.99999100000059;88.99999100000059
807;5;4740;Harvesting tanks B;Harv_b_1;17004.0;17016.096096;16995.0;17016.096096;12.096096000001126;21.096096000001126
808;5;4740;Fermenter;Fermenter_5;16914.0;17004.0;16914.0;17010.0;90.0;96.0
809;5;4740;Filters A;Filt_a_1;17004.0;17016.096096;17004.0;17016.096096;12.096096000001126;12.096096000001126
810;5;4740;Microfilter;Microfilter_4;17007.5993;17032.804159;17004.0;17032.804159;25.20485899999767;28.804158999999345
811;5;4740;Buffer tanks;Buffer_1;17004.0;17032.804159;17004.0;17032.804159;28.804158999999345;28.804158999999345
812;5;4740;Stabilization tanks;Stab_1;17032.804159;17120.80415;17032.804159;17121.80415;87.99999100000059;88.99999100000059
852;1;25004;Harvesting tanks B;Harv_b_5;16898.0;16913.409375;16888.3;16913.409375;15.409374999999272;25.109375
853;1;25004;Filters B;Filt_b_1;16898.0;16913.409375;16898.0;16913.409375;15.409374999999272;15.409374999999272
854;1;25004;Fermenter;Fermenter_1;16801.0;16898.0;16801.0;16913.0;97.0;112.0
855;1;25004;Microfilter;Microfilter_4;16900.017291;16916.673289;16898.0;16916.673289;16.655997999998363;18.673288999998476
856;1;25004;Buffer tanks;Buffer_1;16898.0;16916.673289;16898.0;16916.673289;18.673288999998476;18.673288999998476
857;1;25004;Microfilter;Microfilter_1;16904.817596;16921.473594;16902.800305;16921.473594;16.655997999998363;18.673288999998476
858;1;25004;Buffer tanks;Buffer_2;16902.800305;16921.473594;16902.800027;16921.473594;18.673288999998476;18.673566999998002
859;1;25004;Microfilter;Microfilter_2;16908.753348;16925.409346;16907.60061;16925.409346;16.655998000002;17.808735999999044
860;1;25004;Buffer tanks;Buffer_3;16907.60061;16925.409346;16907.600332;16925.409346;17.808735999999044;17.80901399999857
861;1;25004;Stabilization tanks;Stab_1;16916.673289;17013.409338;16916.673289;17014.409338;96.73604900000282;97.73604900000282
889;2;4564;Harvesting tanks B;Harv_b_5;16908.0;16949.04593;16898.6;16949.04593;41.045930000000226;50.44593000000168
890;2;4564;Fermenter;Fermenter_2;16814.0;16908.0;16814.0;16926.0;94.0;112.0
891;2;4564;Filters A;Filt_a_1;16908.0;16949.04593;16908.0;16949.04593;41.045930000000226;41.045930000000226
892;2;4564;Microfilter;Microfilter_4;16913.112369;16973.278533;16908.0;16973.278533;60.16616400000203;65.2785330000006
893;2;4564;Buffer tanks;Buffer_1;16908.0;16973.278533;16908.0;16973.278533;65.2785330000006;65.2785330000006
894;2;4564;Stabilization tanks;Stab_1;16973.278533;17065.278524;16973.278533;17066.278524;91.99999100000059;92.99999100000059
895;2;20322;Fermenter;Fermenter_2;16814.0;16867.0;16814.0;16875.0;53.0;61.0
896;2;20322;Harvesting tanks B;Harv_b_5;16867.0;16913.302534;16861.7;16913.302534;46.30253399999856;51.60253399999783
897;2;20322;Filters A;Filt_a_1;16897.999998;16913.302534;16895.799998;16913.302534;15.302535999999236;17.502535999999964
898;2;20322;Microfilter;Microfilter_4;16899.179163;16917.678589;16897.999998;16917.678589;18.499425999998493;19.67859099999987
899;2;20322;Buffer tanks;Buffer_1;16897.999998;16917.678589;16895.799998;16917.678589;19.67859099999987;21.878591000000597
900;2;20322;Microfilter;Microfilter_1;16906.83057;16925.329996;16905.651405;16925.329996;18.49942600000213;19.67859099999987
901;2;20322;Buffer tanks;Buffer_2;16905.651405;16925.329996;16905.651127;16925.329996;19.67859099999987;19.678868999999395
902;2;20322;Stabilization tanks;Stab_1;16917.678589;17013.329987;16917.678589;17014.329987;95.65139800000179;96.65139800000179
903;2;10998;Harvesting tanks A;Harv_a_2;16864.0;16872.1;16844.0;16872.1;8.099999999998545;28.099999999998545
904;2;10998;Harvesting tanks A;Harv_a_1;16844.0;16916.0;16844.0;16916.0;72.0;72.0
905;2;10998;Fermenter;Fermenter_2;16814.0;16921.0;16814.0;16936.0;107.0;122.0
906;2;10998;Harvesting tanks B;Harv_b_5;16916.0;16972.412579;16844.0;16972.412579;56.41257899999982;128.41257899999982
907;2;10998;Harvesting tanks B;Harv_b_2;16921.0;16966.326756;16910.3;16966.326756;45.32675599999857;56.026755999999295
908;2;10998;Filters A;Filt_a_1;16939.999998;16972.412579;16937.599998;16972.412579;32.4125810000005;34.81258099999832
909;2;10998;Filters A;Filt_a_2;16944.999999;16966.326756;16942.599999;16966.326756;21.326756999998906;23.72675700000036
910;2;10998;Microfilter;Microfilter_4;16944.423098;16986.389151;16939.999998;16986.389151;41.9660530000001;46.38915300000008
911;2;10998;Buffer tanks;Buffer_1;16939.999998;16986.389151;16937.599998;16986.389151;46.38915300000008;48.789152999997896
912;2;10998;Buffer tanks;Buffer_3;16957.061441;16991.063467;16957.061163;16991.063467;34.002025999998295;34.00230400000146
913;2;10998;Microfilter;Microfilter_1;16949.4231;16991.389154;16944.999999;16991.389154;41.96605400000044;46.389155000000756
914;2;10998;Buffer tanks;Buffer_2;16944.999999;16991.389154;16942.599999;16991.389154;46.389155000000756;48.78915500000221
915;2;10998;Microfilter;Microfilter_2;16959.588927;17001.554981;16957.061441;17001.554981;41.96605400000044;44.493539999999484
916;2;10998;Buffer tanks;Buffer_4;16962.061443;17001.554981;16962.061166;17001.554981;39.493538000002445;39.49381500000163
917;2;10998;Stabilization tanks;Stab_1;16986.389151;17089.554976;16986.389151;17090.554976;103.16582500000004;104.16582500000004
918;2;15015;Fermenter;Fermenter_2;16814.0;16996.4;16814.0;17013.4;182.40000000000146;199.40000000000146
919;2;15015;Harvesting tanks A;Harv_a_2;16929.4;16938.5;16909.4;16938.5;9.099999999998545;29.099999999998545
920;2;15015;Harvesting tanks B;Harv_b_2;16938.4;16987.236387;16909.4;16987.236387;48.83638699999938;77.83638699999938
921;2;15015;Harvesting tanks A;Harv_a_1;16909.4;16981.4;16909.4;16981.4;72.0;72.0
922;2;15015;Filters A;Filt_a_1;16972.399998;17024.206077;16969.999998;17024.206077;51.806078999998135;54.20607899999959
923;2;15015;Harvesting tanks B;Harv_b_5;16959.4;17024.206077;16909.4;17024.206077;64.80607699999746;114.80607699999746
924;2;15015;Buffer tanks;Buffer_1;16972.399998;17057.441372;16969.999998;17057.441372;85.04137400000036;87.44137400000182
925;2;15015;Microfilter;Microfilter_4;16976.37727;17084.100037;16972.399998;17084.100037;107.7227669999993;111.70003899999938
926;2;15015;Buffer tanks;Buffer_2;17005.399999;17084.100037;17002.999999;17084.100037;78.70003799999904;81.1000380000005
927;2;15015;Harvesting tanks B;Harv_b_1;16996.4;17052.596915;16948.4;17052.596915;56.19691499999681;104.1969149999968
928;2;15015;Filters A;Filt_a_2;17020.399999;17052.596915;17017.999999;17052.596915;32.196915999997145;34.5969159999986
929;2;15015;Buffer tanks;Buffer_3;17006.430607;17042.207849;17006.430329;17042.207849;35.777242000000115;35.77751999999964
930;2;15015;Microfilter;Microfilter_1;17015.549184;17057.441372;17015.549184;17057.441372;41.892188000001624;41.892188000001624
931;2;15015;Stabilization tanks;Stab_1;17015.549184;17172.100034;17015.549184;17173.100034;156.55084999999963;157.55084999999963
932;2;4762;Harvesting tanks A;Harv_a_2;16908.0;16913.1;16898.0;16913.1;5.099999999998545;15.099999999998545
933;2;4762;Harvesting tanks A;Harv_a_1;16898.0;16983.0;16898.0;16983.0;85.0;85.0
934;2;4762;Harvesting tanks B;Harv_b_5;16983.0;17015.17332;16898.0;17015.17332;32.173320000001695;117.1733200000017
935;2;4762;Fermenter;Fermenter_2;16814.0;16991.0;16814.0;17001.0;177.0;187.0
936;2;4762;Harvesting tanks B;Harv_b_1;16991.0;17015.487387;16973.3;17015.487387;24.487387000001036;42.18738700000176
937;2;4762;Filters A;Filt_a_1;16996.999998;17015.17332;16995.599999;17015.17332;18.173322000002372;19.57332100000349
938;2;4762;Filters A;Filt_a_2;17004.999999;17015.487387;17003.599999;17015.487387;10.487388000001374;11.88738800000283
939;2;4762;Microfilter;Microfilter_4;16998.79338;17023.760484;16996.999998;17023.760484;24.96710399999938;26.76048599999922
940;2;4762;Buffer tanks;Buffer_1;16996.999998;17023.760484;16995.599999;17023.760484;26.76048599999922;28.160485000000335
941;2;4762;Buffer tanks;Buffer_2;17004.999999;17026.584378;17003.599999;17026.584378;21.5843789999999;22.984379000001354
942;2;4762;Microfilter;Microfilter_1;17006.793381;17031.760486;17004.999999;17031.760486;24.96710499999972;26.760486999999557
943;2;4762;Buffer tanks;Buffer_3;17012.663771;17031.760486;17012.663493;17031.760486;19.096714999999676;19.096992999999202
944;2;4762;Stabilization tanks;Stab_1;17023.760484;17119.760481;17023.760484;17120.760481;95.99999700000262;96.99999700000262
945;2;4635;Harvesting tanks B;Harv_b_5;16880.0;16905.250026;16873.4;16905.250026;25.250026000001526;31.85002600000007
946;2;4635;Fermenter;Fermenter_2;16814.0;16880.0;16814.0;16896.0;66.0;82.0
947;2;4635;Filters A;Filt_a_1;16889.0;16905.250026;16888.6;16905.250026;16.250026000001526;16.65002600000298
948;2;4635;Microfilter;Microfilter_4;16892.902347;16930.936165;16889.0;16930.936165;38.03381799999988;41.936164999999164
949;2;4635;Buffer tanks;Buffer_1;16889.0;16930.936165;16888.6;16930.936165;41.936164999999164;42.33616500000062
950;2;4635;Stabilization tanks;Stab_1;16930.936165;17022.936155;16930.936165;17023.936155;91.99999000000025;92.99999000000025
994;3;4589;Harvesting tanks B;Harv_b_1;17019.0;17079.315705;17009.0;17079.315705;60.31570500000089;70.31570500000089
995;3;4589;Harvesting tanks A;Harv_a_1;17009.0;17033.0;17009.0;17033.0;24.0;24.0
996;3;4589;Filters A;Filt_a_1;17033.0;17079.315705;17033.0;17079.315705;46.31570500000089;46.31570500000089
997;3;4589;Buffer tanks;Buffer_1;17033.0;17076.994811;17033.0;17076.994811;43.99481100000048;43.99481100000048
998;3;4589;Microfilter;Microfilter_4;17036.997039;17076.994811;17033.0;17076.994811;39.997771999998804;43.99481100000048
999;3;4589;Fermenter;Fermenter_3;16919.0;17055.0;16919.0;17078.0;136.0;159.0
1000;3;4589;Microfilter;Microfilter_1;17067.233197;17102.371703;17063.236157;17102.371703;35.138505999999325;39.13554600000134
1001;3;4589;Buffer tanks;Buffer_2;17063.236157;17102.371703;17063.235879;17102.371703;39.13554600000134;39.135824000000866
1002;3;4589;Stabilization tanks;Stab_1;17054.137773;17190.371699;17054.137773;17191.371699;136.2339260000008;137.2339260000008
1031;3;10244;Harvesting tanks A;Harv_a_1;16919.0;17000.0;16919.0;17000.0;81.0;81.0
1032;3;10244;Harvesting tanks B;Harv_b_1;17009.0;17045.681261;17000.0;17045.681261;36.68126100000154;45.68126100000154
1033;3;10244;Harvesting tanks B;Harv_b_2;17009.0;17036.873617;17000.0;17036.873617;27.873617000001104;36.873617000001104
1034;3;10244;Fermenter;Fermenter_3;16919.0;17009.0;16919.0;17017.0;90.0;98.0
1035;3;10244;Filters A;Filt_a_2;17009.0;17036.873617;17009.0;17036.873617;27.873617000001104;27.873617000001104
1036;3;10244;Filters A;Filt_a_1;17009.0;17045.681261;17009.0;17045.681261;36.68126100000154;36.68126100000154
1037;3;10244;Buffer tanks;Buffer_2;17009.0;17056.942396;17009.0;17056.942396;47.94239599999855;47.94239599999855
1038;3;10244;Microfilter;Microfilter_4;17012.558299;17062.691629;17009.0;17062.691629;50.13333000000057;53.69162900000083
1039;3;10244;Buffer tanks;Buffer_1;17009.0;17062.691629;17009.0;17062.691629;53.69162900000083;53.69162900000083
1040;3;10244;Microfilter;Microfilter_1;17012.558299;17062.691631;17009.0;17062.691631;50.133332000001246;53.69163100000151
1041;3;10244;Buffer tanks;Buffer_3;17042.62313;17062.691631;17042.622852;17062.691631;20.06850100000156;20.068779000001086
1042;3;10244;Stabilization tanks;Stab_1;17056.942396;17150.691622;17056.942396;17151.691622;93.74922599999991;94.74922599999991
1085;4;14469;Harvesting tanks B;Harv_b_1;17092.0;17126.70752;17076.6;17126.70752;34.70751999999993;50.10752000000139
1086;4;14469;Harvesting tanks B;Harv_b_2;17092.0;17161.415068;17076.6;17161.415068;69.41506799999843;84.81506799999988
1087;4;14469;Fermenter;Fermenter_4;16938.0;17092.0;16938.0;17100.0;154.0;162.0
1088;4;14469;Filters B;Filt_b_1;17092.0;17161.415068;17092.0;17161.415068;69.41506799999843;69.41506799999843
1089;4;14469;Microfilter;Microfilter_4;17094.974341;17149.533577;17092.0;17149.533577;54.55923599999733;57.53357699999833
1090;4;14469;Buffer tanks;Buffer_1;17092.0;17149.533577;17092.0;17149.533577;57.53357699999833;57.53357699999833
1091;4;14469;Microfilter;Microfilter_1;17129.681889;17184.241126;17126.707548;17184.241126;54.5592370000013;57.53357800000231
1092;4;14469;Buffer tanks;Buffer_2;17126.707548;17184.241126;17126.707548;17184.241126;57.53357800000231;57.53357800000231
1093;4;14469;Stabilization tanks;Stab_1;17149.533577;17276.241117;17149.533577;17277.241117;126.70754000000306;127.70754000000306
1110;4;4611;Harvesting tanks A;Harv_a_1;17010.0;17070.0;17010.0;17070.0;60.0;60.0
1111;4;4611;Harvesting tanks B;Harv_b_1;17020.0;17108.924713;17010.0;17108.924713;88.92471300000034;98.92471300000034
1112;4;4611;Fermenter;Fermenter_4;16938.0;17088.0;16938.0;17096.0;150.0;158.0
1113;4;4611;Harvesting tanks B;Harv_b_2;17088.0;17141.38639;17073.0;17141.38639;53.386389999999665;68.38638999999966
1114;4;4611;Filters A;Filt_a_1;17089.999998;17108.924713;17087.999998;17108.924713;18.924715000001015;20.924715000001015
1115;4;4611;Filters A;Filt_a_2;17107.999999;17141.38639;17105.999999;17141.38639;33.386391;35.386391
1116;4;4611;Buffer tanks;Buffer_1;17089.999998;17119.977201;17087.999998;17119.977201;29.97720300000219;31.97720300000219
1117;4;4611;Microfilter;Microfilter_4;17095.185859;17128.240982;17089.999998;17128.240982;33.055122999998275;38.240984000000026
1118;4;4611;Buffer tanks;Buffer_2;17107.999999;17128.240982;17105.999999;17128.240982;20.240982999999687;22.240982999999687
1119;4;4611;Microfilter;Microfilter_1;17119.977201;17153.032324;17119.977201;17153.032324;33.055122999998275;33.055122999998275
1120;4;4611;Buffer tanks;Buffer_3;17114.308534;17153.032324;17114.308256;17153.032324;38.72379000000001;38.724067999999534
1121;4;4611;Stabilization tanks;Stab_1;17119.977201;17241.03232;17119.977201;17242.03232;121.05511899999692;122.05511899999692
1122;4;13106;Harvesting tanks B;Harv_b_1;17089.0;17118.536974;17073.9;17118.536974;29.536973999998736;44.63697399999728
1123;4;13106;Fermenter;Fermenter_4;16938.0;17089.0;16938.0;17096.0;151.0;158.0
1124;4;13106;Filters A;Filt_a_1;17089.0;17118.536974;17089.0;17118.536974;29.536973999998736;29.536973999998736
1125;4;13106;Microfilter;Microfilter_4;17092.96389;17117.036253;17089.0;17117.036253;24.072362999999314;28.036252999998396
1126;4;13106;Buffer tanks;Buffer_1;17089.0;17117.036253;17089.0;17117.036253;28.036252999998396;28.036252999998396
1127;4;13106;Microfilter;Microfilter_1;17107.732516;17131.804879;17103.768626;17131.804879;24.072362999999314;28.036252999998396
1128;4;13106;Buffer tanks;Buffer_2;17103.768626;17131.804879;17103.768348;17131.804879;28.036252999998396;28.03653099999792
1129;4;13106;Stabilization tanks;Stab_1;17117.036253;17223.80487;17117.036253;17224.80487;106.76861700000154;107.76861700000154
1130;4;4778;Harvesting tanks A;Harv_a_2;17036.0;17054.1;17013.0;17054.1;18.099999999998545;41.099999999998545
1131;4;4778;Harvesting tanks A;Harv_a_1;17013.0;17094.0;17013.0;17094.0;81.0;81.0
1132;4;4778;Harvesting tanks B;Harv_b_1;17094.0;17129.922761;17013.0;17129.922761;35.92276100000163;116.92276100000163
1133;4;4778;Fermenter;Fermenter_4;16938.0;17110.0;16938.0;17118.0;172.0;180.0
1134;4;4778;Harvesting tanks B;Harv_b_2;17110.0;17182.097897;17092.8;17182.097897;72.09789699999965;89.29789700000038
1135;4;4778;Harvesting tanks B;Harv_b_3;17110.0;17163.035744;17092.8;17163.035744;53.035744000000705;70.23574400000143
1136;4;4778;Filters A;Filt_a_1;17107.999998;17129.922761;17106.599999;17129.922761;21.922763000002305;23.322762000003422
1137;4;4778;Filters A;Filt_a_2;17123.999999;17182.097897;17122.599999;17182.097897;58.09789799999999;59.49789800000144
1138;4;4778;Buffer tanks;Buffer_1;17107.999998;17142.845809;17106.599999;17142.845809;34.84581099999923;36.24581000000035
1139;4;4778;Microfilter;Microfilter_4;17110.875348;17154.435101;17107.999998;17154.435101;43.55975299999773;46.4351029999998
1140;4;4778;Buffer tanks;Buffer_2;17123.999999;17154.435101;17122.599999;17154.435101;30.43510199999946;31.835102000000916
1141;4;4778;Filters A;Filt_a_3;17123.999999;17163.035744;17122.599999;17163.035744;39.03574500000104;40.4357450000025
1142;4;4778;Buffer tanks;Buffer_3;17123.999999;17170.420331;17122.599999;17170.420331;46.42033200000151;47.82033200000296
1143;4;4778;Microfilter;Microfilter_1;17142.845809;17186.405562;17142.845809;17186.405562;43.559753000001365;43.559753000001365
1144;4;4778;Buffer tanks;Buffer_4;17131.736065;17186.405562;17131.735787;17186.405562;54.669496999998955;54.66977499999848
1145;4;4778;Stabilization tanks;Stab_1;17142.845809;17274.405559;17142.845809;17275.405559;131.55975000000035;132.55975000000035
1146;1;20348;Fermenter;Fermenter_1;16801.0;16859.0;16801.0;16877.0;58.0;76.0
1147;1;20348;Harvesting tanks B;Harv_b_5;16859.0;16921.779258;16853.2;16921.779258;62.77925799999866;68.57925799999794
1148;1;20348;Filters A;Filt_a_1;16895.999997;16921.779258;16892.599997;16921.779258;25.77926099999968;29.179260999997496
1149;1;20348;Microfilter;Microfilter_4;16900.68713;16945.80079;16895.999997;16945.80079;45.11366000000271;49.80079300000216
1150;1;20348;Buffer tanks;Buffer_1;16895.999997;16945.80079;16892.599997;16945.80079;49.80079300000216;53.200792999999976
1151;1;20348;Stabilization tanks;Stab_1;16945.80079;17037.800781;16945.80079;17038.800781;91.99999100000059;92.99999100000059
1152;1;4558;Harvesting tanks A;Harv_a_2;16883.0;16888.1;16863.0;16888.1;5.099999999998545;25.099999999998545
1153;1;4558;Harvesting tanks B;Harv_b_5;16958.0;16973.046153;16863.0;16973.046153;15.046152999999322;110.04615299999932
1154;1;4558;Harvesting tanks A;Harv_a_1;16863.0;16958.0;16863.0;16958.0;95.0;95.0
1155;1;4558;Harvesting tanks B;Harv_b_1;16964.0;16975.284393;16947.7;16975.284393;11.284393000001728;27.584393000001
1156;1;4558;Filters A;Filt_a_1;16958.0;16973.046153;16958.0;16973.046153;15.046152999999322;15.046152999999322
1157;1;4558;Fermenter;Fermenter_1;16801.0;16964.0;16801.0;16970.0;163.0;169.0
1158;1;4558;Filters A;Filt_a_2;16964.0;16975.284393;16964.0;16975.284393;11.284393000001728;11.284393000001728
1159;1;4558;Microfilter;Microfilter_4;16960.799594;16983.311903;16958.0;16983.311903;22.51230900000155;25.31190300000162
1160;1;4558;Buffer tanks;Buffer_1;16958.0;16983.311903;16958.0;16983.311903;25.31190300000162;25.31190300000162
1161;1;4558;Buffer tanks;Buffer_2;16964.0;16986.09586;16964.0;16986.09586;22.095860000001267;22.095860000001267
1162;1;4558;Microfilter;Microfilter_1;16966.799594;16989.311904;16964.0;16989.311904;22.51230999999825;25.31190399999832
1163;1;4558;Buffer tanks;Buffer_3;16971.165398;16989.311904;16971.16512;16989.311904;18.146505999997316;18.146783999996842
1164;1;4558;Stabilization tanks;Stab_1;16983.311903;17077.3119;16983.311903;17078.3119;93.99999699999898;94.99999699999898
1165;1;10996;Fermenter;Fermenter_1;16801.0;16877.0;16801.0;16894.0;76.0;93.0
1166;1;10996;Harvesting tanks B;Harv_b_5;16877.0;16951.842149;16869.4;16951.842149;74.84214900000006;82.44214899999861
1167;1;10996;Filters A;Filt_a_1;16916.999998;16951.842149;16914.999998;16951.842149;34.84215100000074;36.84215100000074
1168;1;10996;Microfilter;Microfilter_4;16921.624733;16986.032935;16916.999998;16986.032935;64.40820199999871;69.03293699999995
1169;1;10996;Buffer tanks;Buffer_1;16916.999998;16986.032935;16914.999998;16986.032935;69.03293699999995;71.03293699999995
1170;1;10996;Stabilization tanks;Stab_1;16986.032935;17074.032926;16986.032935;17075.032926;87.99999100000059;88.99999100000059
1171;1;24455;Harvesting tanks A;Harv_a_2;16857.0;16865.1;16833.0;16865.1;8.099999999998545;32.099999999998545
1172;1;24455;Harvesting tanks A;Harv_a_1;16833.0;16896.0;16833.0;16896.0;63.0;63.0
1173;1;24455;Harvesting tanks B;Harv_b_5;16865.1;16944.000328;16833.0;16944.000328;78.90032799999972;111.00032799999826
1174;1;24455;Fermenter;Fermenter_1;16801.0;16911.0;16801.0;16926.0;110.0;125.0
1175;1;24455;Filters A;Filt_a_1;16919.999998;16944.000328;16917.599998;16944.000328;24.00032999999894;26.400329999996757
1176;1;24455;Harvesting tanks B;Harv_b_2;16911.0;16951.800331;16909.4;16951.800331;40.80033099999855;42.400330999997095
1177;1;24455;Filters A;Filt_a_2;16934.999999;16951.800331;16932.599999;16951.800331;16.80033199999889;19.200332000000344
1178;1;24455;Microfilter;Microfilter_4;16925.602238;16955.593764;16919.999998;16955.593764;29.991526000001613;35.59376600000178
1179;1;24455;Buffer tanks;Buffer_1;16919.999998;16955.593764;16917.599998;16955.593764;35.59376600000178;37.993765999999596
1180;1;24455;Buffer tanks;Buffer_3;16933.600302;16959.736279;16933.600024;16959.736279;26.13597700000173;26.136255000001256
1181;1;24455;Microfilter;Microfilter_1;16936.801582;16966.793109;16933.600302;16966.793109;29.991526999998314;33.19280699999945
1182;1;24455;Buffer tanks;Buffer_4;16948.600304;16966.793109;16948.600026;16966.793109;18.19280499999877;18.193082999998296
1183;1;24455;Microfilter;Microfilter_2;16940.602239;16970.593767;16934.999999;16970.593767;29.991527999998652;35.59376799999882
1184;1;24455;Buffer tanks;Buffer_2;16934.999999;16970.593767;16932.599999;16970.593767;35.59376799999882;37.99376800000027
1185;1;24455;Stabilization tanks;Stab_1;16955.593764;17058.593762;16955.593764;17059.593762;102.99999799999932;103.99999799999932
1186;1;17272;Harvesting tanks A;Harv_a_1;16801.0;16866.7;16801.0;16866.7;65.70000000000073;65.70000000000073
1187;1;17272;Fermenter;Fermenter_1;16801.0;16874.0;16801.0;16892.0;73.0;91.0
1188;1;17272;Harvesting tanks B;Harv_b_5;16874.0;16925.598919;16866.7;16925.598919;51.59891900000002;58.898918999999296
1189;1;17272;Filters A;Filt_a_1;16897.999998;16925.598919;16895.599998;16925.598919;27.5989210000007;29.998920999998518
1190;1;17272;Microfilter;Microfilter_4;16904.426886;16950.517039;16897.999998;16950.517039;46.09015299999737;52.51704099999915
1191;1;17272;Buffer tanks;Buffer_1;16897.999998;16950.517039;16895.599998;16950.517039;52.51704099999915;54.91704099999697
1192;1;17272;Stabilization tanks;Stab_1;16950.517039;17038.517031;16950.517039;17039.517031;87.99999200000093;88.99999200000093
1193;2;21132;Fermenter;Fermenter_2;16814.0;16893.0;16814.0;16916.0;79.0;102.0
1194;2;21132;Harvesting tanks B;Harv_b_5;16893.0;17005.807926;16885.1;17005.807926;112.80792600000132;120.70792600000277
1195;2;21132;Filters A;Filt_a_1;16944.999997;17005.807926;16942.499998;17005.807926;60.80792900000233;63.30792800000199
1196;2;21132;Microfilter;Microfilter_4;16954.611024;16999.692455;16944.999997;16999.692455;45.0814309999987;54.69245800000135
1197;2;21132;Buffer tanks;Buffer_1;16944.999997;16999.692455;16942.499998;16999.692455;54.69245800000135;57.19245700000101
1198;2;21132;Microfilter;Microfilter_1;16985.015127;17030.096558;16975.4041;17030.096558;45.08143100000234;54.69245800000135
1199;2;21132;Buffer tanks;Buffer_2;16975.4041;17030.096558;16975.403823;17030.096558;54.69245800000135;54.69273500000054
1200;2;21132;Stabilization tanks;Stab_1;16999.692455;17118.096549;16999.692455;17119.096549;118.40409400000135;119.40409400000135
1201;2;109980;Harvesting tanks A;Harv_a_2;16876.0;16881.1;16841.0;16881.1;5.099999999998545;40.099999999998545
1202;2;109980;Harvesting tanks A;Harv_a_1;16841.0;16909.0;16841.0;16909.0;68.0;68.0
1203;2;109980;Harvesting tanks B;Harv_b_5;16881.1;16954.092397;16841.0;16954.092397;72.9923970000018;113.09239700000035
1204;2;109980;Fermenter;Fermenter_2;16814.0;16921.0;16814.0;16936.0;107.0;122.0
1205;2;109980;Harvesting tanks B;Harv_b_2;16921.0;16960.467848;16910.3;16960.467848;39.46784800000023;50.16784800000096
1206;2;109980;Filters A;Filt_a_1;16932.999998;16954.092397;16930.599998;16954.092397;21.092399000001024;23.49239899999884
1207;2;109980;Filters A;Filt_a_2;16944.999999;16960.467848;16942.599999;16960.467848;15.46784900000057;17.867849000002025
1208;2;109980;Microfilter;Microfilter_4;16937.423098;16967.39885;16932.999998;16967.39885;29.975752000002103;34.39885200000208
1209;2;109980;Buffer tanks;Buffer_1;16932.999998;16967.39885;16930.599998;16967.39885;34.39885200000208;36.7988519999999
1210;2;109980;Buffer tanks;Buffer_3;16945.18683;16969.619674;16945.186553;16969.619674;24.43284400000266;24.433121000001847
1211;2;109980;Microfilter;Microfilter_2;16947.714317;16977.690069;16945.18683;16977.690069;29.975751999998465;32.503239000001486
1212;2;109980;Buffer tanks;Buffer_4;16957.186832;16977.690069;16957.186554;16977.690069;20.50323700000081;20.503515000000334
1213;2;109980;Microfilter;Microfilter_1;16949.4231;16979.398852;16944.999999;16979.398852;29.975751999998465;34.39885299999878
1214;2;109980;Buffer tanks;Buffer_2;16944.999999;16979.398852;16942.599999;16979.398852;34.39885299999878;36.798853000000236
1215;2;109980;Stabilization tanks;Stab_1;16967.39885;17067.398848;16967.39885;17068.398848;99.99999799999932;100.99999799999932
1216;2;4631;Harvesting tanks B;Harv_b_5;16875.1;16961.210085;16855.0;16961.210085;86.11008500000025;106.2100849999988
1217;2;4631;Harvesting tanks A;Harv_a_1;16855.0;16909.0;16855.0;16909.0;54.0;54.0
1218;2;4631;Filters B;Filt_b_1;16909.0;16961.210085;16909.0;16961.210085;52.2100849999988;52.2100849999988
1219;2;4631;Fermenter;Fermenter_2;16814.0;16927.719167;16814.0;16938.719167;113.71916699999929;124.71916699999929
1220;2;4631;Buffer tanks;Buffer_3;16927.49449;16928.280667;16927.494212;16928.280667;0.7861769999981334;0.7864549999976589
1221;2;4631;Microfilter;Microfilter_4;16914.039596;16970.872819;16909.0;16970.872819;56.83322300000145;61.87281900000016
1222;2;4631;Buffer tanks;Buffer_1;16909.0;16970.872819;16909.0;16970.872819;61.87281900000016;61.87281900000016
1223;2;4631;Microfilter;Microfilter_1;16923.286841;16980.120064;16918.247245;16980.120064;56.833222999997815;61.87281900000016
1224;2;4631;Buffer tanks;Buffer_2;16918.247245;16980.120064;16918.246967;16980.120064;61.87281900000016;61.87309699999969
1225;2;4631;Microfilter;Microfilter_2;16927.719112;16955.314558;16927.49449;16955.314558;27.595445999999356;27.820067999997264
1226;2;4631;Buffer tanks;Buffer_4;16927.719167;16955.314558;16927.719167;16955.314558;27.595390999998926;27.595390999998926
1227;2;4631;Stabilization tanks;Stab_1;16928.280667;17062.872814;16928.280667;17063.872814;134.5921469999994;135.5921469999994
1228;2;4631;Stabilization tanks;Stab_2;16980.120064;17072.12006;16980.120064;17073.120059;91.99999600000228;92.99999500000195
1229;2;4643;Harvesting tanks B;Harv_b_1;16976.0;17022.30543;16960.6;17022.30543;46.30543000000034;61.7054300000018
1230;2;4643;Fermenter;Fermenter_2;16822.0;16976.0;16814.0;16985.0;154.0;171.0
1231;2;4643;Filters A;Filt_a_1;16986.0;17022.30543;16986.0;17022.30543;36.30543000000034;36.30543000000034
1232;2;4643;Microfilter;Microfilter_4;16989.729752;17029.724879;16986.0;17029.724879;39.99512700000196;43.72487900000124
1233;2;4643;Buffer tanks;Buffer_1;16986.0;17029.724879;16986.0;17029.724879;43.72487900000124;43.72487900000124
1234;2;4643;Microfilter;Microfilter_1;17007.882606;17047.877733;17004.152854;17047.877733;39.99512700000196;43.72487900000124
1235;2;4643;Buffer tanks;Buffer_2;17004.152854;17047.877733;17004.152576;17047.877733;43.72487900000124;43.72515700000076
1236;2;4643;Stabilization tanks;Stab_1;17029.724879;17135.877724;17029.724879;17136.877724;106.15284500000053;107.15284500000053
1237;2;4625;Harvesting tanks B;Harv_b_5;16873.0;16899.052963;16867.9;16899.052963;26.05296299999827;31.152962999996817
1238;2;4625;Fermenter;Fermenter_2;16822.0;16873.0;16814.0;16880.0;51.0;66.0
1239;2;4625;Filters A;Filt_a_1;16878.0;16899.052963;16878.0;16899.052963;21.05296299999827;21.05296299999827
1240;2;4625;Microfilter;Microfilter_4;16881.878116;16909.374496;16878.0;16909.374496;27.4963800000005;31.374496000000363
1241;2;4625;Buffer tanks;Buffer_1;16878.0;16909.374496;16878.0;16909.374496;31.374496000000363;31.374496000000363
1242;2;4625;Microfilter;Microfilter_1;16892.404736;16919.901116;16888.52662;16919.901116;27.4963800000005;31.374496000000363
1243;2;4625;Buffer tanks;Buffer_2;16888.52662;16919.901116;16888.526342;16919.901116;31.374496000000363;31.37477399999989
1244;2;4625;Stabilization tanks;Stab_1;16909.374496;17011.901107;16909.374496;17012.901107;102.52661100000114;103.52661100000114
1245;3;26696;Harvesting tanks B;Harv_b_1;17069.0;17167.216371;17054.0;17167.216371;98.21637099999862;113.21637099999862
1246;3;26696;Fermenter;Fermenter_3;16919.0;17069.0;16919.0;17084.0;150.0;165.0
1247;3;26696;Filters B;Filt_b_1;17069.0;17167.216371;17069.0;17167.216371;98.21637099999862;98.21637099999862
1248;3;26696;Microfilter;Microfilter_4;17071.39071;17193.466341;17069.0;17193.466341;122.0756309999997;124.46634099999937
1249;3;26696;Buffer tanks;Buffer_1;17069.0;17193.466341;17069.0;17193.466341;124.46634099999937;124.46634099999937
1250;3;26696;Stabilization tanks;Stab_1;17193.466341;17281.466332;17193.466341;17282.466332;87.99999100000059;88.99999100000059
1265;3;17235;Fermenter;Fermenter_3;16919.0;16998.0;16919.0;17021.0;79.0;102.0
1266;3;17235;Harvesting tanks B;Harv_b_1;16998.0;17077.046225;16990.1;17077.046225;79.04622499999823;86.94622499999969
1267;3;17235;Harvesting tanks B;Harv_b_2;16998.0;17068.647177;16990.1;17068.647177;70.64717699999892;78.54717700000037
1268;3;17235;Filters A;Filt_a_1;17037.999998;17077.046225;17035.999998;17077.046225;39.04622699999891;41.04622699999891
1269;3;17235;Filters A;Filt_a_2;17037.999999;17068.647177;17035.999999;17068.647177;30.647177999999258;32.64717799999926
1270;3;17235;Microfilter;Microfilter_4;17042.540175;17091.877636;17037.999998;17091.877636;49.337461000002804;53.87763800000175
1271;3;17235;Buffer tanks;Buffer_1;17037.999998;17091.877636;17035.999998;17091.877636;53.87763800000175;55.87763800000175
1272;3;17235;Microfilter;Microfilter_1;17042.540176;17064.938805;17037.999999;17064.938805;22.398629000002984;26.938806000001932
1273;3;17235;Buffer tanks;Buffer_2;17037.999999;17064.938805;17035.999999;17064.938805;26.938806000001932;28.938806000001932
1274;3;17235;Microfilter;Microfilter_2;17052.702056;17075.100685;17050.10767;17075.100685;22.398629000002984;24.993015000000014
1275;3;17235;Buffer tanks;Buffer_3;17050.10767;17075.100685;17050.107392;17075.100685;24.993015000000014;24.99329299999954
1276;3;17235;Microfilter;Microfilter_3;17054.647848;17077.046477;17050.107671;17077.046477;22.398628999999346;26.938805999998294
1277;3;17235;Buffer tanks;Buffer_4;17050.107671;17077.046477;17050.107393;17077.046477;26.938805999998294;26.939084000001458
1278;3;17235;Stabilization tanks;Stab_1;17050.107671;17183.877631;17050.107671;17184.877631;133.7699599999978;134.7699599999978
1279;3;13133;Fermenter;Fermenter_3;16919.0;17015.0;16919.0;17025.0;96.0;106.0
1280;3;13133;Harvesting tanks B;Harv_b_1;17015.0;17063.704873;17005.4;17063.704873;48.70487299999877;58.304872999997315
1281;3;13133;Harvesting tanks B;Harv_b_2;17015.0;17072.964556;17005.4;17072.964556;57.96455599999899;67.56455599999754
1282;3;13133;Filters A;Filt_a_1;17036.999999;17063.704873;17036.199999;17063.704873;26.70487399999911;27.50487399999838
1283;3;13133;Filters A;Filt_a_2;17037.0;17072.964556;17036.2;17072.964556;35.96455599999899;36.764555999998265
1284;3;13133;Microfilter;Microfilter_4;17040.551658;17073.118972;17036.999999;17073.118972;32.5673139999999;36.11897300000055
1285;3;13133;Buffer tanks;Buffer_1;17036.999999;17073.118972;17036.199999;17073.118972;36.11897300000055;36.91897299999982
1286;3;13133;Microfilter;Microfilter_1;17040.551658;17073.118974;17037.0;17073.118974;32.567316000000574;36.11897400000089
1287;3;13133;Buffer tanks;Buffer_2;17037.0;17073.118974;17036.2;17073.118974;36.11897400000089;36.91897400000016
1288;3;13133;Microfilter;Microfilter_2;17049.707631;17082.274946;17047.678112;17082.274946;32.567315000000235;34.596833999999944
1289;3;13133;Buffer tanks;Buffer_3;17047.678112;17082.274946;17047.677835;17082.274946;34.596833999999944;34.59711100000277
1290;3;13133;Microfilter;Microfilter_3;17051.229772;17083.797087;17047.678113;17083.797087;32.567315000000235;36.11897399999725
1291;3;13133;Buffer tanks;Buffer_4;17047.678113;17083.797087;17047.677835;17083.797087;36.11897399999725;36.119252000000415
1292;3;13133;Stabilization tanks;Stab_1;17047.678113;17171.797079;17047.678113;17172.797078;124.11896599999818;125.11896499999784
1293;4;9973;Fermenter;Fermenter_4;16938.0;17049.0;16938.0;17057.0;111.0;119.0
1294;4;9973;Harvesting tanks B;Harv_b_1;17049.0;17098.333358;17037.9;17098.333358;49.33335799999986;60.43335799999841
1295;4;9973;Harvesting tanks B;Harv_b_2;17049.0;17098.33336;17037.9;17098.33336;49.33336000000054;60.433359999999084
1296;4;9973;Filters A;Filt_a_1;17072.0;17098.333358;17072.0;17098.333358;26.333357999999862;26.333357999999862
1297;4;9973;Filters A;Filt_a_2;17072.0;17098.33336;17072.0;17098.33336;26.33336000000054;26.33336000000054
1298;4;9973;Microfilter;Microfilter_4;17078.14035;17126.172347;17072.0;17126.172347;48.03199699999823;54.17234699999972
1299;4;9973;Buffer tanks;Buffer_1;17072.0;17126.172347;17072.0;17126.172347;54.17234699999972;54.17234699999972
1300;4;9973;Microfilter;Microfilter_1;17078.14035;17126.172349;17072.0;17126.172349;48.031998999998905;54.172349000000395
1301;4;9973;Buffer tanks;Buffer_2;17072.0;17126.172349;17072.0;17126.172349;54.172349000000395;54.172349000000395
1302;4;9973;Stabilization tanks;Stab_1;17126.172347;17214.17234;17126.172347;17215.17234;87.99999300000127;88.99999300000127
1303;4;11901;Harvesting tanks A;Harv_a_2;17030.0;17040.1;17010.0;17040.1;10.099999999998545;30.099999999998545
1304;4;11901;Harvesting tanks A;Harv_a_1;17010.0;17080.0;17010.0;17080.0;70.0;70.0
1305;4;11901;Harvesting tanks B;Harv_b_1;17080.0;17112.979359;17010.0;17112.979359;32.97935900000084;102.97935900000084
1306;4;11901;Harvesting tanks B;Harv_b_2;17090.0;17180.258809;17074.8;17180.258809;90.25880899999902;105.45880899999975
1307;4;11901;Filters A;Filt_a_1;17086.999999;17112.979359;17086.299999;17112.979359;25.97936000000118;26.679360000001907
1308;4;11901;Fermenter;Fermenter_4;16938.0;17090.0;16938.0;17105.0;152.0;167.0
1309;4;11901;Filters A;Filt_a_2;17097.0;17180.258809;17096.3;17180.258809;83.25880899999902;83.95880899999975
1310;4;11901;Buffer tanks;Buffer_3;17102.488379;17206.300446;17102.488101;17206.300446;103.81206700000257;103.8123450000021
1311;4;11901;Microfilter;Microfilter_4;17090.639115;17148.060985;17086.999999;17148.060985;57.42186999999831;61.06098600000041
1312;4;11901;Buffer tanks;Buffer_1;17086.999999;17148.060985;17086.299999;17148.060985;61.06098600000041;61.76098600000114
1313;4;11901;Microfilter;Microfilter_1;17100.639115;17158.060988;17097.0;17158.060988;57.42187299999932;61.06098800000109
1314;4;11901;Buffer tanks;Buffer_2;17097.0;17158.060988;17096.3;17158.060988;61.06098800000109;61.76098800000182
1315;4;11901;Microfilter;Microfilter_2;17104.567873;17161.989745;17102.488379;17161.989745;57.421871999998984;59.50136600000042
1316;4;11901;Buffer tanks;Buffer_4;17112.488379;17161.989745;17112.488101;17161.989745;49.50136600000042;49.50164399999994
1317;4;11901;Microfilter;Microfilter_3;17148.878573;17206.300446;17146.799079;17206.300446;57.42187299999932;59.501367000000755
1318;4;11901;Stabilization tanks;Stab_1;17139.020996;17298.300442;17139.020996;17299.300441;159.27944600000046;160.27944500000012
1319;4;4681;Harvesting tanks A;Harv_a_2;17002.0;17007.1;16990.0;17007.1;5.099999999998545;17.099999999998545
1320;4;4681;Harvesting tanks B;Harv_b_1;17024.0;17083.455576;16990.0;17083.455576;59.45557600000029;93.45557600000029
1321;4;4681;Filters A;Filt_a_1;17024.0;17063.227955;17024.0;17063.227955;39.227954999998474;39.227954999998474
1322;4;4681;Buffer tanks;Buffer_2;17037.246895;17083.846361;17037.246617;17083.846361;46.599465999999666;46.59974399999919
1323;4;4681;Microfilter;Microfilter_4;17027.386884;17083.846361;17024.0;17083.846361;56.459477000000334;59.84636099999989
1324;4;4681;Buffer tanks;Buffer_1;17024.0;17093.791798;17024.0;17093.791798;69.79179799999838;69.79179799999838
1325;4;4681;Harvesting tanks B;Harv_b_2;17031.0;17063.227955;16990.0;17063.227955;32.227954999998474;73.22795499999847
1326;4;4681;Harvesting tanks A;Harv_a_1;16990.0;17051.0;16990.0;17051.0;61.0;61.0
1327;4;4681;Buffer tanks;Buffer_3;17061.18999;17066.42681;17061.189712;17066.42681;5.236820000001899;5.237098000001424
1328;4;4681;Fermenter;Fermenter_4;16938.0;17059.0;16938.0;17066.0;121.0;128.0
1329;4;4681;Microfilter;Microfilter_1;17040.3038;17070.894174;17037.246895;17070.894174;30.59037399999943;33.64727900000071
1330;4;4681;Filters A;Filt_a_2;17059.0;17083.455576;17059.0;17083.455576;24.455576000000292;24.455576000000292
1331;4;4681;Microfilter;Microfilter_2;17063.125353;17093.791798;17061.18999;17093.791798;30.66644499999893;32.60180799999944
1332;4;4681;Stabilization tanks;Stab_1;17045.255986;17181.791795;17045.255986;17182.791795;136.53580900000088;137.53580900000088