,simulator,instance,method,init,objective,stop_criterium,time,budget,seed,sequence,makespan,tardiness,average_tardiness,fitness,lambda 1 ,lambda 2
0,simulator_3,120_1_factory_1,rolling_horizon_k=40_m=20_local_search,random,l1=0.75_l2=0.25,Budget,607,1200.0,0,"[1, 7, 3, 15, 20, 6, 2, 17, 16, 12, 10, 18, 9, 14, 4, 13, 8, 11, 19, 5, 39, 22, 31, 24, 25, 23, 38, 45, 29, 30, 26, 27, 33, 32, 21, 37, 35, 34, 36, 40, 51, 55, 52, 44, 28, 46, 47, 48, 49, 42, 41, 59, 53, 54, 43, 56, 57, 58, 50, 60, 61, 62, 63, 64, 65, 66, 67, 68, 74, 70, 71, 72, 73, 79, 77, 76, 75, 78, 69, 80, 95, 100, 83, 84, 90, 86, 87, 88, 89, 99, 91, 92, 93, 96, 81, 94, 97, 98, 85, 82, 101, 102, 103, 104, 105, 106, 117, 108, 109, 110, 111, 112, 113, 114, 115, 116, 107, 118, 119, 120]",4353,3601,30.008333333333333,4165.0,0.75,0.25
1,simulator_3,120_2_factory_1,rolling_horizon_k=40_m=20_local_search,random,l1=0.75_l2=0.25,Budget,623,1200.0,0,"[11, 18, 3, 20, 5, 6, 7, 8, 15, 2, 9, 12, 13, 14, 1, 16, 17, 4, 19, 10, 34, 22, 23, 24, 26, 33, 27, 28, 40, 30, 31, 37, 25, 21, 35, 36, 38, 39, 32, 29, 58, 42, 43, 44, 45, 46, 55, 48, 49, 50, 51, 52, 53, 54, 47, 80, 57, 41, 59, 60, 61, 62, 63, 71, 65, 66, 67, 72, 69, 70, 64, 56, 73, 74, 79, 76, 77, 78, 75, 68, 81, 82, 99, 84, 85, 86, 87, 95, 117, 100, 91, 120, 93, 94, 88, 118, 97, 98, 89, 83, 113, 112, 103, 104, 105, 116, 107, 108, 109, 110, 111, 102, 101, 114, 115, 92, 90, 96, 119, 106]",4633,2703,22.525,4150.5,0.75,0.25
2,simulator_3,120_3_factory_1,rolling_horizon_k=40_m=20_local_search,random,l1=0.75_l2=0.25,Budget,546,1200.0,0,"[25, 2, 1, 5, 17, 6, 7, 8, 24, 14, 20, 12, 13, 9, 15, 16, 4, 18, 19, 11, 10, 22, 40, 21, 3, 34, 27, 28, 29, 30, 31, 32, 33, 26, 35, 36, 37, 38, 23, 39, 41, 42, 43, 44, 47, 53, 45, 49, 48, 50, 51, 52, 46, 54, 55, 60, 56, 58, 59, 57, 74, 62, 63, 80, 91, 90, 76, 68, 69, 70, 71, 72, 73, 61, 75, 93, 77, 78, 86, 87, 85, 104, 83, 84, 81, 107, 64, 88, 89, 66, 65, 116, 67, 94, 95, 96, 97, 98, 99, 100, 101, 102, 103, 82, 105, 106, 79, 108, 109, 110, 111, 112, 113, 120, 115, 92, 117, 118, 119, 114]",4187,453,3.775,3253.5,0.75,0.25
3,simulator_3,120_4_factory_1,rolling_horizon_k=40_m=20_local_search,random,l1=0.75_l2=0.25,Budget,602,1200.0,0,"[8, 2, 19, 4, 5, 6, 7, 20, 9, 10, 18, 16, 17, 11, 15, 12, 13, 14, 3, 1, 39, 22, 33, 40, 34, 26, 27, 36, 29, 30, 25, 32, 31, 53, 45, 28, 37, 38, 24, 52, 41, 78, 21, 44, 35, 46, 47, 68, 55, 60, 49, 67, 58, 56, 23, 59, 48, 57, 54, 76, 61, 79, 80, 77, 89, 74, 50, 43, 69, 65, 51, 72, 75, 95, 73, 98, 94, 71, 62, 63, 85, 82, 91, 84, 81, 86, 87, 96, 120, 90, 107, 92, 111, 64, 105, 99, 106, 97, 103, 100, 101, 109, 88, 42, 66, 116, 83, 104, 102, 110, 93, 112, 113, 114, 115, 119, 117, 118, 108, 70]",5292,10813,90.10833333333333,6672.25,0.75,0.25
4,simulator_3,120_5_factory_1,rolling_horizon_k=40_m=20_local_search,random,l1=0.75_l2=0.25,Budget,488,1200.0,0,"[12, 26, 13, 15, 2, 6, 18, 4, 9, 10, 14, 5, 20, 3, 1, 16, 7, 11, 19, 17, 21, 22, 8, 35, 36, 38, 39, 28, 37, 30, 31, 32, 33, 24, 23, 34, 27, 40, 25, 29, 41, 70, 43, 49, 45, 46, 47, 58, 60, 54, 51, 57, 53, 50, 55, 56, 52, 48, 59, 44, 61, 76, 63, 64, 65, 66, 67, 68, 69, 42, 71, 72, 73, 74, 75, 62, 77, 78, 79, 80, 81, 82, 83, 84, 85, 86, 87, 88, 89, 90, 91, 92, 93, 94, 95, 96, 97, 98, 99, 100, 101, 102, 103, 104, 105, 106, 107, 108, 109, 110, 111, 112, 113, 114, 115, 116, 117, 118, 119, 120]",4251,2262,18.85,3753.75,0.75,0.25
5,simulator_3,120_1_factory_1,random_search,random,l1=0.5_l2=0.5,Budget,952,1200.0,1,"[50, 46, 3, 29, 59, 35, 6, 24, 42, 51, 37, 16, 109, 83, 43, 66, 34, 8, 85, 112, 20, 48, 76, 10, 53, 116, 17, 54, 26, 120, 111, 89, 2, 33, 27, 32, 25, 1, 100, 15, 65, 9, 11, 13, 56, 75, 84, 14, 64, 79, 68, 108, 30, 47, 19, 58, 38, 71, 106, 73, 86, 5, 81, 45, 41, 92, 62, 91, 22, 63, 39, 113, 28, 87, 80, 60, 49, 23, 110, 119, 94, 88, 101, 77, 90, 97, 67, 44, 78, 12, 107, 105, 96, 31, 21, 95, 40, 4, 70, 61, 98, 57, 55, 103, 69, 99, 114, 74, 117, 82, 36, 52, 115, 72, 102, 104, 18, 118, 93, 7]",4386,43882,365.68333333333334,24134.0,0.5,0.5
6,simulator_3,120_1_factory_1,local_search,sorted,l1=0.5_l2=0.5,Budget,933,1200.0,1,"[20, 1, 3, 4, 17, 16, 2, 119, 9, 7, 11, 12, 18, 14, 15, 6, 5, 13, 25, 10, 33, 19, 31, 38, 22, 26, 27, 39, 29, 30, 23, 32, 21, 34, 35, 36, 37, 28, 24, 40, 42, 60, 43, 44, 41, 69, 59, 48, 49, 53, 51, 58, 47, 54, 55, 56, 57, 50, 52, 45, 61, 62, 63, 76, 65, 66, 71, 68, 46, 70, 67, 72, 73, 74, 75, 64, 77, 78, 79, 80, 81, 82, 83, 99, 87, 86, 97, 88, 89, 90, 91, 92, 100, 94, 95, 96, 85, 98, 84, 93, 101, 102, 103, 104, 105, 114, 107, 108, 109, 110, 111, 112, 113, 106, 115, 116, 117, 118, 8, 120]",4352,3612,30.1,3982.0,0.5,0.5
7,simulator_3,120_1_factory_1,local_search,random,l1=0.5_l2=0.5,Budget,924,1200.0,1,"[14, 6, 60, 15, 4, 9, 3, 19, 7, 11, 16, 58, 20, 18, 5, 27, 68, 31, 38, 13, 28, 12, 49, 74, 42, 1, 30, 37, 25, 69, 33, 40, 32, 21, 83, 110, 35, 55, 39, 26, 34, 57, 29, 54, 24, 2, 56, 36, 17, 52, 46, 48, 95, 50, 59, 43, 62, 65, 23, 44, 118, 41, 66, 67, 53, 10, 51, 61, 79, 71, 78, 22, 45, 75, 47, 82, 73, 70, 93, 64, 90, 105, 80, 101, 76, 63, 96, 100, 89, 109, 8, 72, 81, 88, 87, 113, 91, 94, 99, 103, 85, 107, 111, 84, 98, 77, 86, 92, 119, 116, 115, 120, 104, 97, 102, 114, 112, 106, 108, 117]",4352,6192,51.6,5272.0,0.5,0.5
8,simulator_3,120_1_factory_1,local_search,sorted,l1=0.5_l2=0.5,Budget,933,1200.0,1,"[20, 1, 3, 4, 17, 16, 2, 119, 9, 7, 11, 12, 18, 14, 15, 6, 5, 13, 25, 10, 33, 19, 31, 38, 22, 26, 27, 39, 29, 30, 23, 32, 21, 34, 35, 36, 37, 28, 24, 40, 42, 60, 43, 44, 41, 69, 59, 48, 49, 53, 51, 58, 47, 54, 55, 56, 57, 50, 52, 45, 61, 62, 63, 76, 65, 66, 71, 68, 46, 70, 67, 72, 73, 74, 75, 64, 77, 78, 79, 80, 81, 82, 83, 99, 87, 86, 97, 88, 89, 90, 91, 92, 100, 94, 95, 96, 85, 98, 84, 93, 101, 102, 103, 104, 105, 114, 107, 108, 109, 110, 111, 112, 113, 106, 115, 116, 117, 118, 8, 120]",4352,3612,30.1,3982.0,0.5,0.5
9,simulator_3,120_2_factory_1,random_search,random,l1=0.5_l2=0.5,Budget,957,1200.0,1,"[52, 53, 20, 32, 25, 35, 115, 55, 44, 5, 16, 26, 119, 4, 45, 63, 65, 21, 57, 78, 56, 66, 88, 6, 98, 118, 11, 2, 75, 18, 13, 46, 103, 51, 97, 24, 49, 9, 48, 67, 70, 30, 40, 72, 74, 8, 62, 105, 92, 71, 80, 61, 104, 87, 68, 34, 69, 1, 84, 50, 93, 100, 33, 60, 111, 102, 15, 7, 23, 109, 38, 108, 112, 22, 27, 43, 59, 76, 79, 91, 90, 95, 64, 39, 19, 41, 120, 101, 14, 99, 29, 73, 28, 81, 47, 114, 113, 86, 3, 82, 117, 36, 116, 85, 31, 17, 37, 106, 12, 107, 83, 77, 94, 110, 89, 58, 42, 10, 54, 96]",4662,47633,396.94166666666666,26147.5,0.5,0.5
10,simulator_3,120_2_factory_1,local_search,sorted,l1=0.5_l2=0.5,Budget,948,1200.0,1,"[1, 2, 3, 4, 5, 18, 7, 8, 9, 20, 11, 12, 19, 14, 15, 25, 17, 16, 13, 23, 21, 22, 10, 24, 6, 26, 33, 28, 56, 30, 31, 32, 27, 34, 35, 36, 37, 38, 39, 40, 60, 42, 43, 44, 45, 46, 59, 54, 49, 53, 65, 52, 50, 48, 55, 29, 57, 58, 47, 41, 71, 64, 63, 62, 80, 66, 67, 79, 69, 70, 77, 72, 73, 74, 75, 76, 61, 78, 68, 51, 81, 82, 83, 84, 85, 86, 87, 99, 89, 90, 95, 118, 100, 94, 109, 96, 97, 98, 88, 93, 101, 102, 103, 104, 105, 120, 107, 108, 91, 117, 111, 112, 113, 92, 115, 116, 110, 106, 119, 114]",4630,2996,24.966666666666665,3813.0,0.5,0.5
11,simulator_3,120_2_factory_1,local_search,random,l1=0.5_l2=0.5,Budget,948,1200.0,1,"[18, 12, 11, 35, 4, 24, 19, 8, 2, 9, 10, 26, 28, 6, 17, 15, 23, 3, 16, 13, 14, 32, 47, 5, 33, 1, 58, 22, 7, 34, 115, 20, 57, 38, 31, 46, 30, 36, 25, 49, 98, 37, 27, 29, 40, 42, 51, 96, 54, 43, 53, 60, 56, 69, 44, 92, 61, 76, 113, 41, 39, 52, 55, 77, 80, 21, 45, 50, 75, 107, 68, 63, 48, 93, 79, 103, 72, 108, 70, 73, 74, 90, 82, 117, 84, 67, 62, 64, 87, 99, 66, 59, 71, 95, 114, 65, 116, 104, 105, 118, 85, 83, 111, 100, 91, 120, 88, 89, 78, 110, 86, 81, 94, 97, 102, 106, 112, 109, 119, 101]",4630,5201,43.34166666666667,4915.5,0.5,0.5
12,simulator_3,120_2_factory_1,local_search,sorted,l1=0.5_l2=0.5,Budget,948,1200.0,1,"[1, 2, 3, 4, 5, 18, 7, 8, 9, 20, 11, 12, 19, 14, 15, 25, 17, 16, 13, 23, 21, 22, 10, 24, 6, 26, 33, 28, 56, 30, 31, 32, 27, 34, 35, 36, 37, 38, 39, 40, 60, 42, 43, 44, 45, 46, 59, 54, 49, 53, 65, 52, 50, 48, 55, 29, 57, 58, 47, 41, 71, 64, 63, 62, 80, 66, 67, 79, 69, 70, 77, 72, 73, 74, 75, 76, 61, 78, 68, 51, 81, 82, 83, 84, 85, 86, 87, 99, 89, 90, 95, 118, 100, 94, 109, 96, 97, 98, 88, 93, 101, 102, 103, 104, 105, 120, 107, 108, 91, 117, 111, 112, 113, 92, 115, 116, 110, 106, 119, 114]",4630,2996,24.966666666666665,3813.0,0.5,0.5
13,simulator_3,120_3_factory_1,random_search,random,l1=0.5_l2=0.5,Budget,823,1200.0,1,"[14, 28, 120, 10, 79, 40, 16, 2, 96, 25, 5, 15, 12, 36, 94, 68, 117, 77, 97, 87, 49, 67, 89, 8, 39, 30, 73, 13, 23, 100, 110, 18, 53, 37, 32, 109, 48, 82, 11, 101, 21, 38, 65, 6, 118, 98, 3, 58, 31, 92, 41, 34, 105, 54, 72, 76, 78, 107, 19, 55, 103, 71, 119, 43, 51, 104, 24, 115, 74, 26, 64, 108, 90, 95, 91, 4, 66, 84, 22, 29, 42, 45, 75, 7, 57, 27, 44, 20, 111, 52, 102, 50, 47, 17, 62, 81, 88, 83, 85, 63, 99, 112, 35, 33, 80, 9, 61, 93, 70, 60, 116, 46, 56, 1, 106, 114, 86, 59, 113, 69]",4255,38695,322.4583333333333,21475.0,0.5,0.5
14,simulator_3,120_3_factory_1,local_search,sorted,l1=0.5_l2=0.5,Budget,815,1200.0,1,"[1, 2, 3, 4, 5, 6, 7, 11, 9, 20, 14, 12, 13, 10, 15, 16, 65, 18, 19, 8, 21, 25, 23, 31, 22, 26, 27, 28, 40, 30, 37, 32, 33, 34, 43, 36, 24, 38, 39, 29, 41, 17, 35, 44, 45, 46, 47, 48, 49, 50, 69, 52, 53, 54, 55, 56, 57, 58, 59, 60, 82, 62, 63, 64, 42, 66, 67, 68, 51, 70, 71, 72, 73, 74, 75, 76, 77, 78, 79, 80, 81, 61, 83, 84, 85, 86, 87, 88, 89, 90, 91, 92, 93, 94, 120, 96, 97, 98, 99, 100, 101, 102, 103, 104, 105, 106, 107, 108, 109, 119, 111, 112, 113, 114, 115, 116, 117, 118, 110, 95]",4181,532,4.433333333333334,2356.5,0.5,0.5
15,simulator_3,120_3_factory_1,local_search,random,l1=0.5_l2=0.5,Budget,816,1200.0,1,"[12, 13, 50, 5, 11, 36, 9, 110, 6, 32, 29, 38, 105, 17, 4, 15, 44, 30, 93, 10, 20, 18, 8, 2, 16, 14, 19, 3, 7, 1, 76, 103, 25, 24, 28, 26, 22, 34, 99, 40, 39, 31, 97, 35, 37, 33, 104, 23, 21, 56, 27, 55, 48, 45, 106, 49, 42, 84, 41, 47, 70, 101, 46, 87, 68, 59, 65, 54, 80, 75, 77, 112, 60, 51, 58, 62, 53, 63, 81, 61, 89, 98, 43, 90, 52, 102, 73, 107, 116, 74, 67, 64, 91, 88, 66, 94, 114, 100, 57, 71, 69, 113, 86, 95, 120, 115, 79, 118, 78, 109, 72, 111, 117, 83, 85, 96, 92, 119, 108, 82]",4209,1963,16.358333333333334,3086.0,0.5,0.5
16,simulator_3,120_3_factory_1,local_search,sorted,l1=0.5_l2=0.5,Budget,815,1200.0,1,"[1, 2, 3, 4, 5, 6, 7, 11, 9, 20, 14, 12, 13, 10, 15, 16, 65, 18, 19, 8, 21, 25, 23, 31, 22, 26, 27, 28, 40, 30, 37, 32, 33, 34, 43, 36, 24, 38, 39, 29, 41, 17, 35, 44, 45, 46, 47, 48, 49, 50, 69, 52, 53, 54, 55, 56, 57, 58, 59, 60, 82, 62, 63, 64, 42, 66, 67, 68, 51, 70, 71, 72, 73, 74, 75, 76, 77, 78, 79, 80, 81, 61, 83, 84, 85, 86, 87, 88, 89, 90, 91, 92, 93, 94, 120, 96, 97, 98, 99, 100, 101, 102, 103, 104, 105, 106, 107, 108, 109, 119, 111, 112, 113, 114, 115, 116, 117, 118, 110, 95]",4181,532,4.433333333333334,2356.5,0.5,0.5
17,simulator_3,120_4_factory_1,random_search,random,l1=0.5_l2=0.5,Budget,907,1200.0,1,"[50, 46, 3, 29, 59, 35, 6, 24, 42, 51, 37, 16, 109, 83, 43, 66, 34, 8, 85, 112, 20, 48, 76, 10, 53, 116, 17, 54, 26, 120, 111, 89, 2, 33, 27, 32, 25, 1, 100, 15, 65, 9, 11, 13, 56, 75, 84, 14, 64, 79, 68, 108, 30, 47, 19, 58, 38, 71, 106, 73, 86, 5, 81, 45, 41, 92, 62, 91, 22, 63, 39, 113, 28, 87, 80, 60, 49, 23, 110, 119, 94, 88, 101, 77, 90, 97, 67, 44, 78, 12, 107, 105, 96, 31, 21, 95, 40, 4, 70, 61, 98, 57, 55, 103, 69, 99, 114, 74, 117, 82, 36, 52, 115, 72, 102, 104, 18, 118, 93, 7]",5289,49854,415.45,27571.5,0.5,0.5
18,simulator_3,120_4_factory_1,local_search,sorted,l1=0.5_l2=0.5,Budget,901,1200.0,1,"[2, 32, 3, 4, 17, 6, 13, 8, 9, 10, 11, 1, 19, 7, 15, 16, 5, 18, 14, 22, 33, 25, 12, 39, 20, 26, 27, 50, 37, 30, 31, 52, 21, 34, 35, 36, 29, 28, 24, 40, 41, 38, 65, 47, 76, 46, 59, 54, 58, 117, 69, 113, 108, 48, 49, 56, 60, 55, 44, 23, 61, 79, 80, 43, 51, 90, 57, 68, 45, 67, 75, 72, 73, 74, 71, 64, 77, 53, 63, 62, 81, 91, 83, 82, 85, 86, 87, 88, 89, 120, 102, 92, 93, 114, 95, 115, 97, 98, 99, 116, 101, 84, 103, 100, 107, 106, 105, 42, 109, 110, 111, 112, 70, 66, 96, 104, 94, 118, 119, 78]",5261,11012,91.76666666666667,8136.5,0.5,0.5
19,simulator_3,120_4_factory_1,local_search,random,l1=0.5_l2=0.5,Budget,901,1200.0,1,"[32, 21, 2, 65, 1, 15, 19, 9, 20, 8, 7, 47, 34, 18, 17, 3, 10, 16, 104, 13, 14, 6, 38, 33, 49, 22, 30, 31, 51, 37, 44, 27, 11, 76, 5, 4, 36, 78, 39, 103, 26, 28, 25, 40, 60, 29, 12, 52, 45, 113, 46, 55, 24, 35, 54, 56, 117, 41, 95, 93, 67, 23, 58, 53, 72, 43, 50, 90, 71, 75, 59, 69, 57, 42, 74, 98, 66, 83, 85, 91, 115, 61, 82, 86, 79, 77, 101, 94, 108, 116, 73, 96, 70, 88, 84, 64, 87, 100, 92, 48, 110, 107, 105, 63, 102, 81, 99, 111, 109, 120, 114, 106, 80, 97, 62, 89, 112, 68, 119, 118]",5286,11785,98.20833333333333,8535.5,0.5,0.5
20,simulator_3,120_4_factory_1,local_search,sorted,l1=0.5_l2=0.5,Budget,901,1200.0,1,"[2, 32, 3, 4, 17, 6, 13, 8, 9, 10, 11, 1, 19, 7, 15, 16, 5, 18, 14, 22, 33, 25, 12, 39, 20, 26, 27, 50, 37, 30, 31, 52, 21, 34, 35, 36, 29, 28, 24, 40, 41, 38, 65, 47, 76, 46, 59, 54, 58, 117, 69, 113, 108, 48, 49, 56, 60, 55, 44, 23, 61, 79, 80, 43, 51, 90, 57, 68, 45, 67, 75, 72, 73, 74, 71, 64, 77, 53, 63, 62, 81, 91, 83, 82, 85, 86, 87, 88, 89, 120, 102, 92, 93, 114, 95, 115, 97, 98, 99, 116, 101, 84, 103, 100, 107, 106, 105, 42, 109, 110, 111, 112, 70, 66, 96, 104, 94, 118, 119, 78]",5261,11012,91.76666666666667,8136.5,0.5,0.5
21,simulator_3,120_5_factory_1,random_search,random,l1=0.5_l2=0.5,Budget,740,1200.0,1,"[10, 21, 100, 3, 81, 19, 79, 23, 54, 33, 83, 70, 55, 1, 69, 17, 28, 18, 8, 67, 34, 41, 50, 110, 36, 47, 27, 35, 91, 15, 115, 42, 7, 105, 58, 32, 39, 38, 106, 31, 59, 25, 94, 84, 37, 93, 12, 51, 63, 64, 80, 71, 26, 40, 16, 87, 108, 88, 96, 66, 111, 6, 22, 78, 101, 5, 97, 117, 102, 45, 56, 103, 73, 109, 9, 43, 86, 95, 68, 49, 119, 89, 60, 61, 2, 99, 104, 118, 90, 11, 77, 82, 113, 114, 30, 4, 75, 116, 14, 20, 57, 74, 107, 112, 65, 48, 24, 85, 98, 62, 52, 120, 76, 44, 53, 46, 72, 13, 29, 92]",4271,41150,342.9166666666667,22710.5,0.5,0.5
22,simulator_3,120_5_factory_1,local_search,sorted,l1=0.5_l2=0.5,Budget,730,1200.0,1,"[6, 2, 3, 4, 5, 1, 14, 8, 9, 10, 24, 12, 19, 7, 15, 16, 17, 18, 13, 20, 21, 22, 23, 11, 56, 26, 53, 38, 37, 30, 31, 32, 33, 28, 35, 36, 29, 34, 39, 40, 41, 65, 43, 44, 45, 47, 59, 48, 49, 50, 51, 57, 27, 54, 55, 25, 87, 58, 46, 60, 61, 62, 63, 64, 69, 66, 67, 68, 42, 70, 71, 72, 73, 74, 75, 76, 77, 78, 79, 80, 110, 82, 83, 84, 85, 86, 97, 88, 89, 90, 91, 92, 93, 94, 95, 96, 111, 98, 99, 100, 101, 102, 103, 104, 105, 106, 107, 108, 109, 81, 52, 112, 113, 114, 115, 116, 117, 118, 119, 120]",4242,2509,20.908333333333335,3375.5,0.5,0.5
23,simulator_3,120_5_factory_1,local_search,random,l1=0.5_l2=0.5,Budget,743,1200.0,1,"[10, 24, 40, 5, 11, 52, 17, 9, 2, 99, 3, 16, 4, 6, 1, 15, 14, 20, 81, 19, 37, 18, 73, 33, 69, 21, 26, 23, 7, 31, 30, 22, 46, 35, 51, 28, 12, 116, 29, 34, 32, 54, 8, 44, 49, 50, 39, 38, 45, 57, 36, 65, 60, 59, 62, 48, 107, 97, 109, 43, 13, 67, 91, 93, 55, 27, 53, 41, 74, 42, 25, 89, 76, 58, 56, 92, 98, 64, 100, 113, 83, 84, 71, 79, 102, 47, 61, 111, 70, 78, 101, 96, 75, 82, 66, 103, 106, 110, 63, 119, 85, 115, 117, 90, 72, 118, 80, 68, 77, 94, 105, 87, 114, 108, 120, 95, 112, 86, 88, 104]",4254,3545,29.541666666666668,3899.5,0.5,0.5
24,simulator_3,120_5_factory_1,local_search,sorted,l1=0.5_l2=0.5,Budget,730,1200.0,1,"[6, 2, 3, 4, 5, 1, 14, 8, 9, 10, 24, 12, 19, 7, 15, 16, 17, 18, 13, 20, 21, 22, 23, 11, 56, 26, 53, 38, 37, 30, 31, 32, 33, 28, 35, 36, 29, 34, 39, 40, 41, 65, 43, 44, 45, 47, 59, 48, 49, 50, 51, 57, 27, 54, 55, 25, 87, 58, 46, 60, 61, 62, 63, 64, 69, 66, 67, 68, 42, 70, 71, 72, 73, 74, 75, 76, 77, 78, 79, 80, 110, 82, 83, 84, 85, 86, 97, 88, 89, 90, 91, 92, 93, 94, 95, 96, 111, 98, 99, 100, 101, 102, 103, 104, 105, 106, 107, 108, 109, 81, 52, 112, 113, 114, 115, 116, 117, 118, 119, 120]",4242,2509,20.908333333333335,3375.5,0.5,0.5
