instance_folder,instance_id,method,time_limit_pi,time_limit_cp_stnu,obj,obj_pi,feasibility,feasibility_pi,rel_regret,real_durations,start_times,time_offline,time_online
j10,1,STNU,60,60,26.0,26.0,True,True,0.0,"[0, 2, 9, 1, 1, 2, 5, 11, 2, 3, 1, 0]","[0, 4, 0, 0, 0, 7, 20, 9, 24, 13, 6, 26]",0.5188043117523193,0.0050051212310791016
j10,1,STNU,60,60,26.0,26.0,True,True,0.0,"[0, 1, 7, 1, 2, 1, 3, 8, 1, 5, 1, 0]","[0, 4, 0, 0, 0, 7, 18, 8, 24, 13, 6, 26]",0.5188043117523193,0.005311012268066406
j10,1,STNU,60,60,26.0,26.0,True,True,0.0,"[0, 1, 9, 1, 3, 1, 4, 10, 2, 4, 1, 0]","[0, 4, 0, 0, 0, 7, 19, 9, 24, 13, 6, 26]",0.5188043117523193,0.005141019821166992
j10,1,STNU,60,60,26.0,26.0,True,True,0.0,"[0, 2, 12, 1, 3, 2, 3, 7, 2, 4, 1, 0]","[0, 4, 0, 0, 0, 7, 19, 12, 24, 13, 6, 26]",0.5188043117523193,0.00521087646484375
j10,1,STNU,60,60,26.0,26.0,True,True,0.0,"[0, 2, 6, 1, 2, 1, 2, 11, 2, 5, 1, 0]","[0, 4, 0, 0, 0, 7, 19, 8, 24, 13, 6, 26]",0.5188043117523193,0.005224943161010742
j10,1,STNU,60,60,26.0,26.0,True,True,0.0,"[0, 2, 6, 3, 3, 2, 3, 7, 2, 7, 1, 0]","[0, 4, 0, 0, 0, 7, 20, 9, 24, 13, 6, 26]",0.5188043117523193,0.005166769027709961
j10,1,STNU,60,60,26.0,26.0,True,True,0.0,"[0, 1, 7, 1, 3, 1, 2, 11, 2, 4, 1, 0]","[0, 4, 0, 0, 0, 7, 19, 8, 24, 13, 6, 26]",0.5188043117523193,0.0051898956298828125
j10,1,STNU,60,60,26.0,26.0,True,True,0.0,"[0, 3, 6, 1, 2, 3, 4, 7, 1, 4, 1, 0]","[0, 4, 0, 0, 0, 7, 17, 10, 24, 13, 6, 26]",0.5188043117523193,0.005113124847412109
j10,1,STNU,60,60,28.0,28.0,True,True,0.0,"[0, 3, 11, 1, 2, 2, 5, 12, 1, 3, 1, 0]","[0, 4, 0, 0, 0, 7, 23, 11, 24, 13, 6, 28]",0.5188043117523193,0.0050928592681884766
j10,1,STNU,60,60,26.0,26.0,True,True,0.0,"[0, 3, 8, 2, 1, 3, 2, 6, 2, 4, 1, 0]","[0, 4, 0, 0, 0, 7, 17, 10, 24, 13, 6, 26]",0.5188043117523193,0.00512385368347168
j10,2,STNU,60,60,inf,inf,False,False,0.0,"[0, 3, 11, 9, 1, 6, 6, 2, 11, 9, 11, 0]",,0.04604291915893555,0.0
j10,2,STNU,60,60,inf,inf,False,False,0.0,"[0, 4, 8, 10, 1, 9, 11, 2, 11, 5, 9, 0]",,0.04604291915893555,0.0
j10,2,STNU,60,60,inf,inf,False,False,0.0,"[0, 2, 9, 10, 1, 10, 11, 1, 7, 5, 10, 0]",,0.04604291915893555,0.0
j10,2,STNU,60,60,inf,inf,False,False,0.0,"[0, 4, 6, 11, 1, 8, 10, 2, 7, 5, 8, 0]",,0.04604291915893555,0.0
j10,2,STNU,60,60,inf,inf,False,False,0.0,"[0, 2, 10, 6, 1, 10, 7, 1, 10, 6, 6, 0]",,0.04604291915893555,0.0
j10,2,STNU,60,60,inf,inf,False,False,0.0,"[0, 4, 9, 7, 1, 8, 10, 1, 8, 7, 6, 0]",,0.04604291915893555,0.0
j10,2,STNU,60,60,inf,inf,False,False,0.0,"[0, 3, 8, 12, 1, 8, 6, 1, 11, 6, 8, 0]",,0.04604291915893555,0.0
j10,2,STNU,60,60,inf,inf,False,False,0.0,"[0, 2, 6, 12, 1, 11, 11, 2, 8, 6, 11, 0]",,0.04604291915893555,0.0
j10,2,STNU,60,60,inf,inf,False,False,0.0,"[0, 2, 8, 6, 1, 11, 6, 2, 11, 5, 7, 0]",,0.04604291915893555,0.0
j10,2,STNU,60,60,inf,inf,False,False,0.0,"[0, 5, 7, 7, 1, 11, 10, 1, 9, 5, 9, 0]",,0.04604291915893555,0.0
j10,3,STNU,60,60,inf,34.0,False,True,100.0,"[0, 1, 4, 2, 8, 7, 2, 2, 2, 11, 6, 0]",,0.3784801959991455,0.0
j10,3,STNU,60,60,inf,34.0,False,True,100.0,"[0, 1, 5, 2, 11, 3, 3, 2, 6, 8, 6, 0]",,0.3784801959991455,0.0
j10,3,STNU,60,60,inf,34.0,False,True,100.0,"[0, 1, 8, 3, 6, 6, 2, 3, 4, 10, 6, 0]",,0.3784801959991455,0.0
j10,3,STNU,60,60,inf,37.0,False,True,100.0,"[0, 1, 4, 3, 6, 7, 3, 6, 4, 6, 6, 0]",,0.3784801959991455,0.0
j10,3,STNU,60,60,inf,33.0,False,True,100.0,"[0, 1, 4, 1, 10, 5, 2, 2, 6, 9, 3, 0]",,0.3784801959991455,0.0
j10,3,STNU,60,60,inf,36.0,False,True,100.0,"[0, 1, 5, 3, 10, 7, 3, 5, 5, 9, 6, 0]",,0.3784801959991455,0.0
j10,3,STNU,60,60,inf,37.0,False,True,100.0,"[0, 1, 6, 3, 9, 7, 3, 6, 6, 6, 6, 0]",,0.3784801959991455,0.0
j10,3,STNU,60,60,inf,35.0,False,True,100.0,"[0, 1, 7, 1, 9, 4, 1, 4, 4, 8, 3, 0]",,0.3784801959991455,0.0
j10,3,STNU,60,60,inf,39.0,False,True,100.0,"[0, 1, 6, 3, 7, 7, 1, 6, 6, 12, 4, 0]",,0.3784801959991455,0.0
j10,3,STNU,60,60,inf,34.0,False,True,100.0,"[0, 1, 7, 2, 10, 4, 3, 3, 2, 6, 5, 0]",,0.3784801959991455,0.0
j10,4,STNU,60,60,inf,37.0,False,True,100.0,"[0, 9, 2, 2, 3, 5, 1, 5, 4, 6, 8, 0]",,0.3686096668243408,0.0
j10,4,STNU,60,60,inf,37.0,False,True,100.0,"[0, 8, 2, 4, 1, 9, 1, 5, 3, 6, 4, 0]",,0.3686096668243408,0.0
j10,4,STNU,60,60,inf,38.0,False,True,100.0,"[0, 9, 1, 3, 2, 9, 1, 3, 5, 11, 6, 0]",,0.3686096668243408,0.0
j10,4,STNU,60,60,inf,41.0,False,True,100.0,"[0, 9, 2, 5, 3, 9, 1, 6, 3, 9, 6, 0]",,0.3686096668243408,0.0
j10,4,STNU,60,60,inf,39.0,False,True,100.0,"[0, 9, 2, 5, 1, 7, 1, 5, 3, 11, 6, 0]",,0.3686096668243408,0.0
j10,4,STNU,60,60,inf,36.0,False,True,100.0,"[0, 6, 2, 4, 1, 6, 1, 6, 4, 9, 7, 0]",,0.3686096668243408,0.0
j10,4,STNU,60,60,inf,32.0,False,True,100.0,"[0, 6, 1, 2, 3, 9, 1, 2, 5, 10, 7, 0]",,0.3686096668243408,0.0
j10,4,STNU,60,60,inf,37.0,False,True,100.0,"[0, 9, 2, 5, 1, 9, 1, 4, 5, 10, 5, 0]",,0.3686096668243408,0.0
j10,4,STNU,60,60,inf,34.0,False,True,100.0,"[0, 7, 2, 3, 2, 6, 1, 2, 7, 10, 6, 0]",,0.3686096668243408,0.0
j10,4,STNU,60,60,inf,34.0,False,True,100.0,"[0, 7, 2, 3, 1, 5, 1, 2, 6, 8, 8, 0]",,0.3686096668243408,0.0
j10,5,STNU,60,60,inf,33.0,False,True,100.0,"[0, 7, 9, 2, 2, 1, 9, 3, 2, 2, 10, 0]",,0.37813305854797363,0.0
j10,5,STNU,60,60,inf,31.0,False,True,100.0,"[0, 8, 9, 2, 2, 2, 9, 7, 1, 4, 7, 0]",,0.37813305854797363,0.0
j10,5,STNU,60,60,inf,30.0,False,True,100.0,"[0, 9, 6, 2, 1, 2, 7, 5, 1, 4, 9, 0]",,0.37813305854797363,0.0
j10,5,STNU,60,60,inf,28.0,False,True,100.0,"[0, 8, 8, 1, 1, 2, 7, 3, 1, 3, 7, 0]",,0.37813305854797363,0.0
j10,5,STNU,60,60,inf,29.0,False,True,100.0,"[0, 11, 6, 1, 3, 1, 5, 7, 2, 5, 9, 0]",,0.37813305854797363,0.0
j10,5,STNU,60,60,inf,29.0,False,True,100.0,"[0, 9, 6, 1, 2, 1, 7, 3, 1, 3, 10, 0]",,0.37813305854797363,0.0
j10,5,STNU,60,60,inf,30.0,False,True,100.0,"[0, 8, 9, 1, 2, 1, 7, 4, 1, 4, 11, 0]",,0.37813305854797363,0.0
j10,5,STNU,60,60,inf,29.0,False,True,100.0,"[0, 6, 11, 2, 2, 2, 7, 3, 1, 2, 6, 0]",,0.37813305854797363,0.0
j10,5,STNU,60,60,inf,31.0,False,True,100.0,"[0, 6, 8, 1, 1, 2, 9, 4, 1, 3, 8, 0]",,0.37813305854797363,0.0
j10,5,STNU,60,60,inf,30.0,False,True,100.0,"[0, 10, 7, 2, 2, 2, 6, 5, 1, 2, 7, 0]",,0.37813305854797363,0.0
j10,6,STNU,60,60,inf,inf,False,False,0.0,"[0, 1, 4, 3, 4, 8, 6, 2, 1, 11, 6, 0]",,0.04658818244934082,0.0
j10,6,STNU,60,60,inf,inf,False,False,0.0,"[0, 1, 3, 3, 3, 10, 6, 5, 1, 8, 7, 0]",,0.04658818244934082,0.0
j10,6,STNU,60,60,inf,inf,False,False,0.0,"[0, 2, 4, 2, 5, 10, 6, 2, 1, 11, 7, 0]",,0.04658818244934082,0.0
j10,6,STNU,60,60,inf,inf,False,False,0.0,"[0, 1, 4, 2, 5, 12, 9, 2, 1, 6, 7, 0]",,0.04658818244934082,0.0
j10,6,STNU,60,60,inf,inf,False,False,0.0,"[0, 2, 6, 5, 6, 9, 10, 2, 1, 11, 6, 0]",,0.04658818244934082,0.0
j10,6,STNU,60,60,inf,inf,False,False,0.0,"[0, 2, 3, 2, 7, 9, 8, 4, 1, 8, 5, 0]",,0.04658818244934082,0.0
j10,6,STNU,60,60,inf,inf,False,False,0.0,"[0, 1, 4, 2, 5, 7, 12, 4, 1, 9, 3, 0]",,0.04658818244934082,0.0
j10,6,STNU,60,60,inf,inf,False,False,0.0,"[0, 1, 3, 4, 4, 9, 9, 5, 1, 7, 6, 0]",,0.04658818244934082,0.0
j10,6,STNU,60,60,inf,inf,False,False,0.0,"[0, 2, 5, 4, 4, 9, 6, 6, 1, 11, 3, 0]",,0.04658818244934082,0.0
j10,6,STNU,60,60,inf,inf,False,False,0.0,"[0, 2, 4, 4, 7, 10, 8, 2, 1, 9, 5, 0]",,0.04658818244934082,0.0
j10,7,STNU,60,60,inf,42.0,False,True,100.0,"[0, 10, 1, 3, 6, 9, 4, 5, 1, 8, 1, 0]",,0.37079286575317383,0.0
j10,7,STNU,60,60,inf,44.0,False,True,100.0,"[0, 7, 1, 5, 9, 9, 5, 2, 1, 10, 3, 0]",,0.37079286575317383,0.0
j10,7,STNU,60,60,inf,45.0,False,True,100.0,"[0, 9, 1, 2, 12, 8, 3, 6, 1, 11, 3, 0]",,0.37079286575317383,0.0
j10,7,STNU,60,60,inf,43.0,False,True,100.0,"[0, 8, 1, 3, 11, 7, 6, 4, 2, 8, 2, 0]",,0.37079286575317383,0.0
j10,7,STNU,60,60,inf,43.0,False,True,100.0,"[0, 11, 1, 3, 9, 8, 2, 6, 2, 9, 3, 0]",,0.37079286575317383,0.0
j10,7,STNU,60,60,inf,45.0,False,True,100.0,"[0, 6, 1, 4, 12, 8, 3, 5, 3, 11, 3, 0]",,0.37079286575317383,0.0
j10,7,STNU,60,60,inf,44.0,False,True,100.0,"[0, 11, 1, 5, 8, 5, 6, 2, 2, 9, 1, 0]",,0.37079286575317383,0.0
j10,7,STNU,60,60,inf,41.0,False,True,100.0,"[0, 6, 1, 2, 7, 7, 6, 6, 3, 6, 2, 0]",,0.37079286575317383,0.0
j10,7,STNU,60,60,inf,43.0,False,True,100.0,"[0, 6, 1, 2, 11, 7, 6, 5, 1, 8, 2, 0]",,0.37079286575317383,0.0
j10,7,STNU,60,60,inf,41.0,False,True,100.0,"[0, 9, 1, 5, 7, 9, 6, 6, 2, 6, 2, 0]",,0.37079286575317383,0.0
j10,8,STNU,60,60,inf,41.0,False,True,100.0,"[0, 6, 12, 3, 8, 5, 1, 2, 2, 1, 3, 0]",,0.36835789680480957,0.0
j10,8,STNU,60,60,inf,39.0,False,True,100.0,"[0, 8, 10, 3, 6, 5, 2, 1, 2, 1, 1, 0]",,0.36835789680480957,0.0
j10,8,STNU,60,60,inf,36.0,False,True,100.0,"[0, 7, 7, 5, 7, 4, 2, 1, 1, 1, 2, 0]",,0.36835789680480957,0.0
j10,8,STNU,60,60,inf,41.0,False,True,100.0,"[0, 9, 12, 2, 7, 4, 3, 2, 2, 1, 3, 0]",,0.36835789680480957,0.0
j10,8,STNU,60,60,inf,39.0,False,True,100.0,"[0, 10, 9, 4, 9, 6, 3, 1, 1, 1, 1, 0]",,0.36835789680480957,0.0
j10,8,STNU,60,60,inf,40.0,False,True,100.0,"[0, 7, 11, 2, 11, 3, 1, 1, 1, 1, 2, 0]",,0.36835789680480957,0.0
j10,8,STNU,60,60,inf,35.0,False,True,100.0,"[0, 6, 6, 3, 6, 4, 3, 3, 1, 1, 3, 0]",,0.36835789680480957,0.0
j10,8,STNU,60,60,inf,37.0,False,True,100.0,"[0, 11, 6, 3, 11, 3, 3, 3, 2, 1, 2, 0]",,0.36835789680480957,0.0
j10,8,STNU,60,60,inf,36.0,False,True,100.0,"[0, 6, 6, 3, 7, 6, 2, 1, 2, 1, 2, 0]",,0.36835789680480957,0.0
j10,8,STNU,60,60,inf,40.0,False,True,100.0,"[0, 8, 11, 5, 6, 5, 3, 1, 1, 1, 3, 0]",,0.36835789680480957,0.0
j10,9,STNU,60,60,51.0,41.0,True,True,24.390243902439025,"[0, 3, 6, 2, 10, 8, 4, 9, 6, 3, 2, 0]","[0, 2, 15, 0, 2, 12, 20, 32, 41, 30, 28, 51]",0.375866174697876,0.005280971527099609
j10,9,STNU,60,60,47.0,42.0,True,True,11.904761904761905,"[0, 4, 6, 1, 10, 6, 7, 5, 8, 6, 4, 0]","[0, 1, 14, 0, 1, 11, 17, 31, 37, 31, 27, 47]",0.375866174697876,0.005423784255981445
j10,9,STNU,60,60,49.0,41.0,True,True,19.51219512195122,"[0, 3, 12, 2, 9, 6, 4, 7, 11, 3, 5, 0]","[0, 2, 14, 0, 2, 11, 17, 31, 38, 32, 27, 48]",0.375866174697876,0.005470991134643555
j10,9,STNU,60,60,46.0,41.0,True,True,12.195121951219512,"[0, 6, 10, 1, 8, 9, 3, 5, 12, 6, 2, 0]","[0, 1, 12, 0, 1, 9, 18, 29, 34, 27, 25, 44]",0.375866174697876,0.005482912063598633
j10,9,STNU,60,60,45.0,42.0,True,True,7.142857142857143,"[0, 6, 9, 2, 7, 5, 6, 6, 8, 6, 4, 0]","[0, 2, 12, 0, 2, 9, 16, 29, 35, 29, 25, 45]",0.375866174697876,0.005440950393676758
j10,9,STNU,60,60,49.0,41.0,True,True,19.51219512195122,"[0, 5, 7, 1, 10, 5, 4, 6, 12, 6, 3, 0]","[0, 1, 14, 0, 1, 11, 16, 31, 37, 30, 27, 47]",0.375866174697876,0.005487203598022461
j10,9,STNU,60,60,49.0,44.0,True,True,11.363636363636363,"[0, 6, 10, 1, 11, 7, 5, 7, 9, 7, 3, 0]","[0, 1, 15, 0, 1, 12, 19, 32, 39, 31, 28, 49]",0.375866174697876,0.005520820617675781
j10,9,STNU,60,60,47.0,40.0,True,True,17.5,"[0, 5, 7, 2, 7, 9, 4, 8, 6, 7, 2, 0]","[0, 2, 12, 0, 2, 9, 18, 29, 37, 27, 25, 47]",0.375866174697876,0.00550389289855957
j10,9,STNU,60,60,49.0,44.0,True,True,11.363636363636363,"[0, 6, 12, 2, 8, 5, 5, 9, 10, 4, 2, 0]","[0, 2, 13, 0, 2, 10, 16, 30, 39, 28, 26, 49]",0.375866174697876,0.005488872528076172
j10,9,STNU,60,60,47.0,39.0,True,True,20.512820512820515,"[0, 3, 10, 2, 9, 5, 5, 6, 7, 4, 4, 0]","[0, 2, 14, 0, 2, 11, 16, 31, 37, 31, 27, 47]",0.375866174697876,0.005477190017700195
j10,10,STNU,60,60,31.0,27.0,True,True,14.814814814814815,"[0, 4, 1, 1, 2, 8, 2, 3, 4, 1, 4, 0]","[0, 0, 8, 6, 18, 17, 25, 15, 11, 20, 27, 31]",0.40000295639038086,0.005438327789306641
j10,10,STNU,60,60,40.0,38.0,True,True,5.2631578947368425,"[0, 5, 3, 1, 5, 11, 3, 2, 8, 3, 5, 0]","[0, 0, 8, 6, 21, 21, 32, 19, 11, 26, 35, 39]",0.40000295639038086,0.005578756332397461
j10,10,STNU,60,60,31.0,31.0,True,True,0.0,"[0, 5, 3, 1, 3, 6, 3, 3, 4, 3, 4, 0]","[0, 0, 8, 6, 18, 17, 24, 15, 11, 21, 27, 31]",0.40000295639038086,0.005485057830810547
j10,10,STNU,60,60,34.0,31.0,True,True,9.67741935483871,"[0, 4, 1, 1, 5, 7, 2, 3, 5, 3, 5, 0]","[0, 0, 8, 6, 19, 18, 27, 16, 11, 24, 29, 33]",0.40000295639038086,0.005990028381347656
j10,10,STNU,60,60,33.0,30.0,True,True,10.0,"[0, 4, 2, 1, 3, 8, 2, 3, 6, 3, 2, 0]","[0, 0, 8, 6, 20, 19, 27, 17, 11, 23, 29, 33]",0.40000295639038086,0.005574226379394531
j10,10,STNU,60,60,35.0,32.0,True,True,9.375,"[0, 5, 2, 1, 2, 11, 2, 3, 4, 3, 5, 0]","[0, 0, 8, 6, 18, 17, 28, 15, 11, 20, 30, 34]",0.40000295639038086,0.00554203987121582
j10,10,STNU,60,60,32.0,28.0,True,True,14.285714285714286,"[0, 3, 1, 1, 4, 7, 1, 4, 5, 3, 2, 0]","[0, 0, 8, 6, 20, 18, 27, 16, 11, 24, 28, 32]",0.40000295639038086,0.005558013916015625
j10,10,STNU,60,60,34.0,30.0,True,True,13.333333333333334,"[0, 6, 1, 1, 5, 11, 1, 4, 5, 1, 3, 0]","[0, 0, 8, 6, 20, 18, 29, 16, 11, 25, 30, 34]",0.40000295639038086,0.005599021911621094
j10,10,STNU,60,60,34.0,30.0,True,True,13.333333333333334,"[0, 4, 1, 1, 3, 8, 3, 3, 6, 3, 3, 0]","[0, 0, 8, 6, 20, 19, 27, 17, 11, 23, 30, 34]",0.40000295639038086,0.005528926849365234
j10,10,STNU,60,60,35.0,33.0,True,True,6.0606060606060606,"[0, 5, 2, 1, 3, 8, 2, 4, 8, 2, 4, 0]","[0, 0, 8, 6, 23, 21, 29, 19, 11, 26, 31, 35]",0.40000295639038086,0.005566120147705078
j10,11,STNU,60,60,inf,25.0,False,True,100.0,"[0, 6, 2, 3, 3, 2, 1, 4, 4, 3, 7, 0]",,0.36388087272644043,0.0
j10,11,STNU,60,60,inf,25.0,False,True,100.0,"[0, 5, 2, 5, 3, 2, 2, 3, 2, 3, 9, 0]",,0.36388087272644043,0.0
j10,11,STNU,60,60,inf,26.0,False,True,100.0,"[0, 6, 2, 3, 6, 1, 1, 4, 5, 3, 8, 0]",,0.36388087272644043,0.0
j10,11,STNU,60,60,inf,29.0,False,True,100.0,"[0, 8, 2, 4, 6, 2, 2, 6, 3, 2, 9, 0]",,0.36388087272644043,0.0
j10,11,STNU,60,60,inf,36.0,False,True,100.0,"[0, 9, 1, 3, 3, 1, 1, 7, 3, 2, 10, 0]",,0.36388087272644043,0.0
j10,11,STNU,60,60,inf,28.0,False,True,100.0,"[0, 8, 2, 4, 6, 1, 1, 6, 4, 1, 6, 0]",,0.36388087272644043,0.0
j10,11,STNU,60,60,inf,26.0,False,True,100.0,"[0, 6, 1, 2, 4, 1, 2, 5, 3, 1, 9, 0]",,0.36388087272644043,0.0
j10,11,STNU,60,60,inf,28.0,False,True,100.0,"[0, 8, 2, 3, 5, 1, 2, 4, 3, 3, 7, 0]",,0.36388087272644043,0.0
j10,11,STNU,60,60,inf,30.0,False,True,100.0,"[0, 7, 1, 3, 3, 2, 2, 7, 6, 3, 6, 0]",,0.36388087272644043,0.0
j10,11,STNU,60,60,inf,26.0,False,True,100.0,"[0, 7, 1, 5, 7, 2, 1, 5, 5, 2, 11, 0]",,0.36388087272644043,0.0
j10,12,STNU,60,60,inf,inf,False,False,0.0,"[0, 5, 1, 8, 6, 5, 9, 5, 1, 2, 8, 0]",,0.04612398147583008,0.0
j10,12,STNU,60,60,inf,inf,False,False,0.0,"[0, 4, 2, 6, 6, 3, 6, 7, 1, 4, 9, 0]",,0.04612398147583008,0.0
j10,12,STNU,60,60,inf,inf,False,False,0.0,"[0, 4, 1, 8, 3, 4, 7, 4, 1, 5, 8, 0]",,0.04612398147583008,0.0
j10,12,STNU,60,60,inf,inf,False,False,0.0,"[0, 7, 2, 8, 4, 5, 8, 6, 1, 6, 7, 0]",,0.04612398147583008,0.0
j10,12,STNU,60,60,inf,inf,False,False,0.0,"[0, 6, 2, 5, 5, 4, 6, 8, 1, 5, 6, 0]",,0.04612398147583008,0.0
j10,12,STNU,60,60,inf,inf,False,False,0.0,"[0, 6, 1, 7, 7, 5, 9, 5, 1, 4, 8, 0]",,0.04612398147583008,0.0
j10,12,STNU,60,60,inf,inf,False,False,0.0,"[0, 8, 2, 4, 5, 3, 7, 7, 1, 5, 10, 0]",,0.04612398147583008,0.0
j10,12,STNU,60,60,inf,inf,False,False,0.0,"[0, 6, 2, 6, 7, 4, 9, 6, 1, 2, 6, 0]",,0.04612398147583008,0.0
j10,12,STNU,60,60,inf,inf,False,False,0.0,"[0, 6, 1, 8, 6, 2, 9, 7, 1, 6, 10, 0]",,0.04612398147583008,0.0
j10,12,STNU,60,60,inf,inf,False,False,0.0,"[0, 5, 1, 7, 6, 4, 7, 7, 1, 2, 7, 0]",,0.04612398147583008,0.0
j10,13,STNU,60,60,inf,40.0,False,True,100.0,"[0, 1, 8, 11, 2, 1, 9, 7, 11, 10, 1, 0]",,0.3724019527435303,0.0
j10,13,STNU,60,60,inf,39.0,False,True,100.0,"[0, 3, 8, 7, 3, 1, 9, 10, 9, 9, 1, 0]",,0.3724019527435303,0.0
j10,13,STNU,60,60,inf,40.0,False,True,100.0,"[0, 1, 8, 6, 4, 1, 9, 10, 9, 10, 1, 0]",,0.3724019527435303,0.0
j10,13,STNU,60,60,inf,39.0,False,True,100.0,"[0, 1, 8, 8, 5, 1, 6, 10, 8, 12, 1, 0]",,0.3724019527435303,0.0
j10,13,STNU,60,60,inf,37.0,False,True,100.0,"[0, 3, 8, 7, 5, 1, 6, 8, 7, 8, 1, 0]",,0.3724019527435303,0.0
j10,13,STNU,60,60,inf,36.0,False,True,100.0,"[0, 2, 4, 8, 3, 1, 8, 10, 12, 6, 1, 0]",,0.3724019527435303,0.0
j10,13,STNU,60,60,inf,38.0,False,True,100.0,"[0, 3, 8, 11, 2, 1, 9, 6, 8, 8, 1, 0]",,0.3724019527435303,0.0
j10,13,STNU,60,60,inf,38.0,False,True,100.0,"[0, 3, 8, 8, 4, 1, 7, 11, 11, 6, 1, 0]",,0.3724019527435303,0.0
j10,13,STNU,60,60,inf,39.0,False,True,100.0,"[0, 3, 8, 11, 4, 1, 12, 9, 11, 7, 1, 0]",,0.3724019527435303,0.0
j10,13,STNU,60,60,inf,41.0,False,True,100.0,"[0, 3, 6, 12, 6, 1, 11, 11, 8, 9, 1, 0]",,0.3724019527435303,0.0
j10,14,STNU,60,60,inf,31.0,False,True,100.0,"[0, 1, 7, 4, 1, 3, 8, 4, 7, 6, 2, 0]",,0.04704904556274414,0.0
j10,14,STNU,60,60,inf,31.0,False,True,100.0,"[0, 1, 10, 6, 1, 5, 5, 4, 7, 8, 3, 0]",,0.04704904556274414,0.0
j10,14,STNU,60,60,inf,inf,False,False,0.0,"[0, 3, 9, 4, 1, 5, 5, 2, 7, 10, 5, 0]",,0.04704904556274414,0.0
j10,14,STNU,60,60,inf,32.0,False,True,100.0,"[0, 2, 11, 4, 1, 6, 7, 6, 10, 9, 3, 0]",,0.04704904556274414,0.0
j10,14,STNU,60,60,inf,inf,False,False,0.0,"[0, 3, 11, 3, 1, 6, 5, 6, 9, 11, 2, 0]",,0.04704904556274414,0.0
j10,14,STNU,60,60,inf,inf,False,False,0.0,"[0, 3, 8, 3, 1, 4, 9, 5, 8, 11, 5, 0]",,0.04704904556274414,0.0
j10,14,STNU,60,60,inf,33.0,False,True,100.0,"[0, 2, 7, 2, 1, 6, 6, 5, 11, 11, 5, 0]",,0.04704904556274414,0.0
j10,14,STNU,60,60,inf,33.0,False,True,100.0,"[0, 2, 9, 5, 1, 3, 7, 6, 11, 7, 5, 0]",,0.04704904556274414,0.0
j10,14,STNU,60,60,inf,33.0,False,True,100.0,"[0, 1, 7, 4, 1, 3, 8, 5, 11, 9, 3, 0]",,0.04704904556274414,0.0
j10,14,STNU,60,60,inf,33.0,False,True,100.0,"[0, 1, 8, 4, 1, 6, 7, 5, 11, 6, 5, 0]",,0.04704904556274414,0.0
j10,15,STNU,60,60,inf,33.0,False,True,100.0,"[0, 4, 8, 3, 10, 8, 2, 2, 8, 9, 9, 0]",,0.4112229347229004,0.0
j10,15,STNU,60,60,inf,37.0,False,True,100.0,"[0, 2, 8, 7, 6, 6, 4, 2, 8, 10, 8, 0]",,0.4112229347229004,0.0
j10,15,STNU,60,60,inf,35.0,False,True,100.0,"[0, 2, 9, 7, 6, 8, 3, 1, 7, 10, 6, 0]",,0.4112229347229004,0.0
j10,15,STNU,60,60,inf,37.0,False,True,100.0,"[0, 5, 7, 7, 8, 12, 6, 2, 6, 7, 8, 0]",,0.4112229347229004,0.0
j10,15,STNU,60,60,inf,35.0,False,True,100.0,"[0, 5, 8, 3, 9, 12, 5, 1, 7, 11, 6, 0]",,0.4112229347229004,0.0
j10,15,STNU,60,60,inf,33.0,False,True,100.0,"[0, 5, 7, 4, 7, 12, 2, 3, 7, 10, 9, 0]",,0.4112229347229004,0.0
j10,15,STNU,60,60,inf,39.0,False,True,100.0,"[0, 6, 7, 5, 9, 7, 5, 3, 8, 11, 10, 0]",,0.4112229347229004,0.0
j10,15,STNU,60,60,inf,36.0,False,True,100.0,"[0, 3, 9, 3, 8, 12, 6, 1, 8, 9, 7, 0]",,0.4112229347229004,0.0
j10,15,STNU,60,60,inf,39.0,False,True,100.0,"[0, 5, 6, 5, 6, 10, 6, 2, 11, 10, 12, 0]",,0.4112229347229004,0.0
j10,15,STNU,60,60,inf,38.0,False,True,100.0,"[0, 4, 11, 5, 8, 6, 3, 2, 11, 8, 11, 0]",,0.4112229347229004,0.0
j10,16,STNU,60,60,28.0,28.0,True,True,0.0,"[0, 5, 1, 5, 1, 6, 5, 8, 3, 1, 1, 0]","[0, 0, 5, 1, 0, 5, 13, 18, 6, 5, 26, 28]",0.3817920684814453,0.004813671112060547
j10,16,STNU,60,60,33.0,33.0,True,True,0.0,"[0, 7, 1, 6, 1, 6, 6, 12, 1, 1, 1, 0]","[0, 0, 7, 1, 0, 7, 13, 19, 7, 7, 31, 33]",0.3817920684814453,0.00476527214050293
j10,16,STNU,60,60,28.0,28.0,True,True,0.0,"[0, 8, 1, 6, 1, 3, 3, 10, 1, 3, 1, 0]","[0, 0, 8, 1, 0, 8, 13, 16, 8, 8, 26, 28]",0.3817920684814453,0.0048980712890625
j10,16,STNU,60,60,27.0,27.0,True,True,0.0,"[0, 5, 1, 8, 1, 7, 3, 9, 3, 3, 1, 0]","[0, 0, 5, 1, 0, 5, 13, 16, 9, 5, 25, 27]",0.3817920684814453,0.004996061325073242
j10,16,STNU,60,60,28.0,28.0,True,True,0.0,"[0, 5, 1, 8, 1, 3, 2, 11, 2, 3, 1, 0]","[0, 0, 5, 1, 0, 5, 13, 15, 9, 5, 26, 28]",0.3817920684814453,0.005003690719604492
j10,16,STNU,60,60,28.0,28.0,True,True,0.0,"[0, 8, 1, 4, 1, 6, 5, 7, 3, 1, 2, 0]","[0, 0, 8, 1, 0, 8, 13, 18, 8, 8, 25, 28]",0.3817920684814453,0.004986763000488281
j10,16,STNU,60,60,33.0,33.0,True,True,0.0,"[0, 6, 1, 5, 1, 5, 6, 12, 1, 1, 1, 0]","[0, 0, 6, 1, 0, 6, 13, 19, 6, 6, 31, 33]",0.3817920684814453,0.004745960235595703
j10,16,STNU,60,60,29.0,28.0,True,True,3.5714285714285716,"[0, 8, 2, 7, 1, 4, 6, 6, 3, 3, 2, 0]","[0, 0, 8, 1, 0, 8, 13, 19, 8, 8, 25, 29]",0.3817920684814453,0.004952669143676758
j10,16,STNU,60,60,31.0,31.0,True,True,0.0,"[0, 8, 1, 8, 1, 7, 6, 10, 3, 3, 1, 0]","[0, 0, 8, 1, 0, 8, 13, 19, 9, 8, 29, 31]",0.3817920684814453,0.005033969879150391
j10,16,STNU,60,60,31.0,31.0,True,True,0.0,"[0, 8, 2, 4, 1, 5, 5, 11, 2, 1, 2, 0]","[0, 0, 8, 1, 0, 8, 13, 18, 8, 8, 29, 31]",0.3817920684814453,0.004867076873779297
j10,17,STNU,60,60,inf,inf,False,False,0.0,"[0, 8, 3, 6, 9, 1, 6, 6, 5, 1, 2, 0]",,0.04628705978393555,0.0
j10,17,STNU,60,60,inf,inf,False,False,0.0,"[0, 9, 3, 2, 9, 2, 5, 7, 7, 1, 3, 0]",,0.04628705978393555,0.0
j10,17,STNU,60,60,inf,inf,False,False,0.0,"[0, 9, 6, 2, 9, 2, 6, 7, 8, 3, 2, 0]",,0.04628705978393555,0.0
j10,17,STNU,60,60,inf,inf,False,False,0.0,"[0, 5, 6, 6, 11, 2, 3, 6, 9, 2, 2, 0]",,0.04628705978393555,0.0
j10,17,STNU,60,60,inf,inf,False,False,0.0,"[0, 9, 5, 6, 10, 1, 3, 10, 8, 1, 1, 0]",,0.04628705978393555,0.0
j10,17,STNU,60,60,inf,inf,False,False,0.0,"[0, 5, 3, 3, 9, 2, 5, 7, 5, 3, 2, 0]",,0.04628705978393555,0.0
j10,17,STNU,60,60,inf,inf,False,False,0.0,"[0, 8, 4, 3, 9, 2, 6, 8, 6, 2, 3, 0]",,0.04628705978393555,0.0
j10,17,STNU,60,60,inf,inf,False,False,0.0,"[0, 5, 6, 5, 6, 2, 3, 7, 9, 1, 1, 0]",,0.04628705978393555,0.0
j10,17,STNU,60,60,inf,inf,False,False,0.0,"[0, 7, 3, 2, 6, 1, 6, 6, 7, 3, 2, 0]",,0.04628705978393555,0.0
j10,17,STNU,60,60,inf,inf,False,False,0.0,"[0, 8, 5, 4, 9, 2, 4, 7, 9, 2, 2, 0]",,0.04628705978393555,0.0
j10,18,STNU,60,60,28.0,28.0,True,True,0.0,"[0, 8, 6, 3, 11, 8, 2, 1, 2, 1, 2, 0]","[0, 0, 8, 11, 0, 14, 25, 18, 18, 27, 23, 28]",0.3729720115661621,0.00492405891418457
j10,18,STNU,60,60,27.0,26.0,True,True,3.8461538461538463,"[0, 6, 10, 1, 10, 9, 2, 1, 3, 1, 4, 0]","[0, 0, 6, 10, 0, 13, 23, 17, 17, 25, 22, 27]",0.3729720115661621,0.005078792572021484
j10,18,STNU,60,60,26.0,26.0,True,True,0.0,"[0, 4, 8, 3, 6, 7, 2, 2, 5, 1, 4, 0]","[0, 0, 4, 6, 0, 11, 21, 13, 13, 25, 20, 26]",0.3729720115661621,0.005084991455078125
j10,18,STNU,60,60,27.0,27.0,True,True,0.0,"[0, 6, 9, 2, 11, 7, 1, 3, 2, 1, 4, 0]","[0, 0, 6, 11, 0, 13, 23, 18, 18, 25, 22, 27]",0.3729720115661621,0.005129098892211914
j10,18,STNU,60,60,27.0,27.0,True,True,0.0,"[0, 5, 7, 2, 11, 9, 1, 1, 4, 1, 4, 0]","[0, 0, 5, 11, 0, 13, 22, 18, 18, 25, 22, 27]",0.3729720115661621,0.005426883697509766
j10,18,STNU,60,60,28.0,28.0,True,True,0.0,"[0, 7, 6, 2, 12, 5, 1, 2, 2, 1, 2, 0]","[0, 0, 7, 12, 0, 14, 24, 19, 19, 26, 23, 28]",0.3729720115661621,0.005049943923950195
j10,18,STNU,60,60,26.0,26.0,True,True,0.0,"[0, 4, 9, 1, 7, 5, 1, 1, 4, 1, 2, 0]","[0, 0, 4, 7, 0, 11, 21, 14, 14, 25, 20, 26]",0.3729720115661621,0.004957914352416992
j10,18,STNU,60,60,27.0,26.0,True,True,3.8461538461538463,"[0, 6, 6, 1, 6, 6, 2, 2, 2, 1, 6, 0]","[0, 0, 6, 6, 0, 12, 23, 13, 13, 25, 21, 26]",0.3729720115661621,0.004994869232177734
j10,18,STNU,60,60,26.0,26.0,True,True,0.0,"[0, 4, 6, 2, 9, 6, 1, 3, 4, 1, 5, 0]","[0, 0, 4, 9, 0, 11, 21, 16, 16, 25, 20, 26]",0.3729720115661621,0.005020856857299805
j10,18,STNU,60,60,28.0,27.0,True,True,3.7037037037037037,"[0, 6, 7, 1, 12, 7, 2, 2, 2, 1, 3, 0]","[0, 0, 6, 12, 0, 14, 23, 19, 19, 26, 23, 28]",0.3729720115661621,0.004930973052978516
j10,19,STNU,60,60,inf,29.0,False,True,100.0,"[0, 5, 6, 5, 1, 1, 2, 9, 11, 1, 5, 0]",,0.3623218536376953,0.0
j10,19,STNU,60,60,inf,27.0,False,True,100.0,"[0, 6, 4, 2, 1, 1, 3, 9, 9, 1, 3, 0]",,0.3623218536376953,0.0
j10,19,STNU,60,60,inf,29.0,False,True,100.0,"[0, 7, 6, 5, 1, 2, 3, 6, 10, 2, 4, 0]",,0.3623218536376953,0.0
j10,19,STNU,60,60,inf,30.0,False,True,100.0,"[0, 3, 3, 3, 1, 3, 4, 7, 10, 2, 5, 0]",,0.3623218536376953,0.0
j10,19,STNU,60,60,inf,28.0,False,True,100.0,"[0, 6, 6, 3, 1, 2, 4, 6, 10, 1, 4, 0]",,0.3623218536376953,0.0
j10,19,STNU,60,60,inf,24.0,False,True,100.0,"[0, 3, 6, 2, 1, 1, 3, 6, 6, 1, 4, 0]",,0.3623218536376953,0.0
j10,19,STNU,60,60,inf,31.0,False,True,100.0,"[0, 4, 3, 5, 1, 1, 5, 9, 9, 2, 5, 0]",,0.3623218536376953,0.0
j10,19,STNU,60,60,inf,30.0,False,True,100.0,"[0, 5, 4, 4, 1, 2, 4, 7, 7, 2, 5, 0]",,0.3623218536376953,0.0
j10,19,STNU,60,60,inf,26.0,False,True,100.0,"[0, 6, 4, 5, 1, 1, 3, 8, 9, 2, 2, 0]",,0.3623218536376953,0.0
j10,19,STNU,60,60,inf,29.0,False,True,100.0,"[0, 7, 5, 3, 1, 3, 3, 8, 11, 2, 4, 0]",,0.3623218536376953,0.0
j10,20,STNU,60,60,37.0,35.0,True,True,5.714285714285714,"[0, 8, 3, 1, 12, 4, 8, 6, 8, 3, 11, 0]","[0, 0, 15, 0, 0, 8, 21, 18, 18, 12, 26, 35]",0.3708178997039795,0.004886627197265625
j10,20,STNU,60,60,31.0,31.0,True,True,0.0,"[0, 6, 2, 2, 6, 4, 8, 8, 6, 4, 10, 0]","[0, 0, 10, 0, 0, 6, 16, 12, 15, 6, 21, 30]",0.3708178997039795,0.005018949508666992
j10,20,STNU,60,60,41.0,37.0,True,True,10.81081081081081,"[0, 7, 4, 2, 12, 2, 7, 12, 6, 4, 9, 0]","[0, 0, 16, 0, 0, 7, 22, 20, 20, 12, 32, 41]",0.3708178997039795,0.005107879638671875
j10,20,STNU,60,60,41.0,37.0,True,True,10.81081081081081,"[0, 12, 4, 1, 11, 6, 9, 10, 8, 4, 9, 0]","[0, 0, 18, 0, 0, 12, 24, 22, 22, 12, 32, 41]",0.3708178997039795,0.005040168762207031
j10,20,STNU,60,60,40.0,37.0,True,True,8.108108108108109,"[0, 8, 2, 1, 11, 4, 9, 10, 11, 5, 11, 0]","[0, 0, 16, 0, 0, 8, 22, 18, 18, 11, 29, 38]",0.3708178997039795,0.005116939544677734
j10,20,STNU,60,60,43.0,38.0,True,True,13.157894736842104,"[0, 7, 4, 1, 12, 4, 11, 9, 11, 6, 10, 0]","[0, 0, 18, 0, 0, 7, 24, 22, 22, 12, 33, 42]",0.3708178997039795,0.005148887634277344
j10,20,STNU,60,60,37.0,35.0,True,True,5.714285714285714,"[0, 9, 5, 1, 8, 5, 8, 6, 9, 4, 9, 0]","[0, 0, 14, 0, 0, 9, 20, 19, 19, 9, 28, 37]",0.3708178997039795,0.005012989044189453
j10,20,STNU,60,60,41.0,36.0,True,True,13.88888888888889,"[0, 7, 4, 1, 12, 5, 10, 10, 6, 6, 9, 0]","[0, 0, 18, 0, 0, 7, 24, 22, 22, 12, 32, 41]",0.3708178997039795,0.005156278610229492
j10,20,STNU,60,60,37.0,35.0,True,True,5.714285714285714,"[0, 6, 5, 2, 9, 6, 10, 6, 8, 6, 9, 0]","[0, 0, 15, 0, 0, 6, 21, 20, 20, 9, 28, 37]",0.3708178997039795,0.00502777099609375
j10,20,STNU,60,60,39.0,37.0,True,True,5.405405405405405,"[0, 10, 4, 1, 9, 4, 10, 12, 8, 3, 6, 0]","[0, 0, 14, 0, 0, 10, 20, 18, 19, 10, 30, 39]",0.3708178997039795,0.005154848098754883
j10,21,STNU,60,60,inf,39.0,False,True,100.0,"[0, 3, 8, 5, 1, 1, 5, 11, 5, 1, 7, 0]",,0.6135389804840088,0.0
j10,21,STNU,60,60,inf,35.0,False,True,100.0,"[0, 5, 8, 2, 2, 3, 5, 6, 8, 3, 3, 0]",,0.6135389804840088,0.0
j10,21,STNU,60,60,inf,38.0,False,True,100.0,"[0, 6, 7, 2, 3, 2, 4, 10, 5, 2, 5, 0]",,0.6135389804840088,0.0
j10,21,STNU,60,60,inf,36.0,False,True,100.0,"[0, 3, 5, 5, 3, 2, 3, 7, 8, 2, 5, 0]",,0.6135389804840088,0.0
j10,21,STNU,60,60,inf,31.0,False,True,100.0,"[0, 3, 6, 6, 2, 1, 4, 9, 5, 1, 5, 0]",,0.6135389804840088,0.0
j10,21,STNU,60,60,inf,31.0,False,True,100.0,"[0, 6, 7, 4, 3, 2, 3, 10, 5, 1, 3, 0]",,0.6135389804840088,0.0
j10,21,STNU,60,60,inf,35.0,False,True,100.0,"[0, 6, 6, 6, 2, 2, 2, 7, 7, 3, 6, 0]",,0.6135389804840088,0.0
j10,21,STNU,60,60,inf,32.0,False,True,100.0,"[0, 3, 4, 6, 3, 2, 4, 11, 8, 1, 3, 0]",,0.6135389804840088,0.0
j10,21,STNU,60,60,inf,39.0,False,True,100.0,"[0, 7, 6, 5, 1, 3, 3, 11, 6, 3, 6, 0]",,0.6135389804840088,0.0
j10,21,STNU,60,60,inf,36.0,False,True,100.0,"[0, 3, 8, 5, 3, 2, 4, 8, 6, 2, 6, 0]",,0.6135389804840088,0.0
j10,22,STNU,60,60,inf,29.0,False,True,100.0,"[0, 1, 1, 4, 9, 1, 1, 1, 4, 9, 5, 0]",,0.3632519245147705,0.0
j10,22,STNU,60,60,inf,36.0,False,True,100.0,"[0, 2, 1, 8, 6, 2, 1, 2, 2, 6, 7, 0]",,0.3632519245147705,0.0
j10,22,STNU,60,60,inf,29.0,False,True,100.0,"[0, 2, 1, 5, 9, 1, 1, 2, 5, 7, 4, 0]",,0.3632519245147705,0.0
j10,22,STNU,60,60,inf,35.0,False,True,100.0,"[0, 2, 1, 6, 5, 2, 1, 2, 2, 7, 3, 0]",,0.3632519245147705,0.0
j10,22,STNU,60,60,inf,36.0,False,True,100.0,"[0, 2, 1, 7, 9, 2, 1, 1, 3, 5, 5, 0]",,0.3632519245147705,0.0
j10,22,STNU,60,60,inf,29.0,False,True,100.0,"[0, 1, 1, 5, 5, 1, 1, 1, 6, 6, 6, 0]",,0.3632519245147705,0.0
j10,22,STNU,60,60,inf,38.0,False,True,100.0,"[0, 2, 1, 6, 8, 1, 1, 1, 5, 5, 4, 0]",,0.3632519245147705,0.0
j10,22,STNU,60,60,inf,36.0,False,True,100.0,"[0, 2, 1, 7, 7, 1, 1, 1, 3, 7, 4, 0]",,0.3632519245147705,0.0
j10,22,STNU,60,60,inf,30.0,False,True,100.0,"[0, 1, 1, 5, 5, 1, 1, 1, 6, 5, 7, 0]",,0.3632519245147705,0.0
j10,22,STNU,60,60,inf,30.0,False,True,100.0,"[0, 1, 1, 4, 8, 2, 1, 2, 3, 5, 7, 0]",,0.3632519245147705,0.0
j10,23,STNU,60,60,inf,34.0,False,True,100.0,"[0, 4, 2, 12, 5, 1, 10, 3, 3, 3, 9, 0]",,0.3524479866027832,0.0
j10,23,STNU,60,60,inf,35.0,False,True,100.0,"[0, 4, 1, 6, 5, 3, 6, 4, 6, 5, 6, 0]",,0.3524479866027832,0.0
j10,23,STNU,60,60,inf,inf,False,False,0.0,"[0, 7, 1, 12, 8, 2, 10, 5, 2, 5, 9, 0]",,0.3524479866027832,0.0
j10,23,STNU,60,60,inf,34.0,False,True,100.0,"[0, 8, 2, 6, 6, 3, 9, 3, 4, 4, 5, 0]",,0.3524479866027832,0.0
j10,23,STNU,60,60,inf,34.0,False,True,100.0,"[0, 7, 2, 7, 5, 1, 9, 6, 4, 4, 9, 0]",,0.3524479866027832,0.0
j10,23,STNU,60,60,inf,34.0,False,True,100.0,"[0, 8, 1, 9, 4, 3, 7, 5, 4, 7, 6, 0]",,0.3524479866027832,0.0
j10,23,STNU,60,60,inf,34.0,False,True,100.0,"[0, 6, 1, 12, 6, 2, 6, 7, 2, 7, 6, 0]",,0.3524479866027832,0.0
j10,23,STNU,60,60,inf,34.0,False,True,100.0,"[0, 5, 2, 8, 4, 1, 9, 3, 4, 5, 6, 0]",,0.3524479866027832,0.0
j10,23,STNU,60,60,inf,34.0,False,True,100.0,"[0, 6, 2, 11, 6, 3, 6, 4, 3, 6, 6, 0]",,0.3524479866027832,0.0
j10,23,STNU,60,60,inf,34.0,False,True,100.0,"[0, 8, 1, 7, 4, 2, 9, 7, 2, 7, 6, 0]",,0.3524479866027832,0.0
j10,24,STNU,60,60,33.0,33.0,True,True,0.0,"[0, 1, 2, 1, 6, 6, 2, 1, 1, 5, 5, 0]","[0, 0, 0, 0, 0, 9, 9, 3, 2, 14, 25, 33]",0.4668002128601074,0.00486302375793457
j10,24,STNU,60,60,33.0,33.0,True,True,0.0,"[0, 1, 2, 1, 3, 10, 1, 1, 1, 9, 7, 0]","[0, 0, 0, 0, 0, 9, 9, 3, 2, 14, 25, 33]",0.4668002128601074,0.004936933517456055
j10,24,STNU,60,60,34.0,34.0,True,True,0.0,"[0, 1, 1, 1, 4, 8, 2, 1, 1, 7, 9, 0]","[0, 0, 0, 0, 0, 9, 9, 3, 2, 14, 25, 33]",0.4668002128601074,0.0047609806060791016
j10,24,STNU,60,60,33.0,33.0,True,True,0.0,"[0, 2, 2, 1, 5, 9, 2, 1, 1, 5, 7, 0]","[0, 0, 0, 0, 0, 9, 9, 3, 2, 14, 25, 33]",0.4668002128601074,0.0050427913665771484
j10,24,STNU,60,60,33.0,33.0,True,True,0.0,"[0, 1, 1, 1, 4, 8, 1, 1, 1, 5, 8, 0]","[0, 0, 0, 0, 0, 9, 9, 3, 2, 14, 25, 33]",0.4668002128601074,0.004926919937133789
j10,24,STNU,60,60,33.0,33.0,True,True,0.0,"[0, 2, 2, 1, 4, 11, 2, 1, 1, 6, 7, 0]","[0, 0, 0, 0, 0, 9, 9, 3, 2, 14, 25, 33]",0.4668002128601074,0.005045175552368164
j10,24,STNU,60,60,33.0,33.0,True,True,0.0,"[0, 1, 2, 1, 7, 10, 1, 1, 1, 7, 6, 0]","[0, 0, 0, 0, 0, 9, 9, 3, 2, 14, 25, 33]",0.4668002128601074,0.004910945892333984
j10,24,STNU,60,60,33.0,33.0,True,True,0.0,"[0, 1, 2, 1, 6, 9, 1, 1, 1, 7, 8, 0]","[0, 0, 0, 0, 0, 9, 9, 3, 2, 14, 25, 33]",0.4668002128601074,0.004981279373168945
j10,24,STNU,60,60,34.0,34.0,True,True,0.0,"[0, 2, 2, 1, 3, 11, 1, 1, 1, 9, 9, 0]","[0, 0, 0, 0, 0, 9, 9, 3, 2, 14, 25, 33]",0.4668002128601074,0.005092144012451172
j10,24,STNU,60,60,33.0,33.0,True,True,0.0,"[0, 2, 2, 1, 4, 10, 2, 1, 1, 6, 6, 0]","[0, 0, 0, 0, 0, 9, 9, 3, 2, 14, 25, 33]",0.4668002128601074,0.005063056945800781
j10,25,STNU,60,60,inf,43.0,False,True,100.0,"[0, 7, 1, 5, 3, 1, 12, 11, 5, 1, 3, 0]",,0.3666088581085205,0.0
j10,25,STNU,60,60,inf,36.0,False,True,100.0,"[0, 8, 1, 6, 2, 1, 6, 8, 6, 1, 3, 0]",,0.3666088581085205,0.0
j10,25,STNU,60,60,inf,38.0,False,True,100.0,"[0, 12, 1, 7, 3, 1, 10, 11, 2, 3, 2, 0]",,0.3666088581085205,0.0
j10,25,STNU,60,60,inf,37.0,False,True,100.0,"[0, 9, 1, 6, 1, 1, 12, 6, 6, 2, 1, 0]",,0.3666088581085205,0.0
j10,25,STNU,60,60,inf,36.0,False,True,100.0,"[0, 12, 1, 3, 1, 1, 6, 9, 6, 1, 1, 0]",,0.3666088581085205,0.0
j10,25,STNU,60,60,inf,35.0,False,True,100.0,"[0, 10, 1, 7, 2, 2, 11, 6, 3, 1, 1, 0]",,0.3666088581085205,0.0
j10,25,STNU,60,60,inf,36.0,False,True,100.0,"[0, 11, 1, 3, 2, 1, 10, 8, 5, 3, 1, 0]",,0.3666088581085205,0.0
j10,25,STNU,60,60,inf,35.0,False,True,100.0,"[0, 7, 1, 7, 2, 2, 6, 10, 2, 1, 1, 0]",,0.3666088581085205,0.0
j10,25,STNU,60,60,inf,38.0,False,True,100.0,"[0, 10, 1, 3, 3, 2, 7, 12, 4, 3, 2, 0]",,0.3666088581085205,0.0
j10,25,STNU,60,60,inf,36.0,False,True,100.0,"[0, 8, 1, 4, 2, 1, 7, 8, 6, 1, 1, 0]",,0.3666088581085205,0.0
j10,26,STNU,60,60,inf,inf,False,False,0.0,"[0, 2, 5, 5, 7, 3, 5, 2, 5, 7, 2, 0]",,0.0462338924407959,0.0
j10,26,STNU,60,60,inf,inf,False,False,0.0,"[0, 1, 5, 3, 8, 2, 6, 4, 3, 6, 2, 0]",,0.0462338924407959,0.0
j10,26,STNU,60,60,inf,inf,False,False,0.0,"[0, 2, 4, 5, 9, 2, 5, 4, 7, 8, 2, 0]",,0.0462338924407959,0.0
j10,26,STNU,60,60,inf,inf,False,False,0.0,"[0, 3, 4, 4, 6, 1, 2, 2, 3, 8, 5, 0]",,0.0462338924407959,0.0
j10,26,STNU,60,60,inf,inf,False,False,0.0,"[0, 2, 4, 3, 7, 1, 2, 5, 5, 8, 2, 0]",,0.0462338924407959,0.0
j10,26,STNU,60,60,inf,inf,False,False,0.0,"[0, 2, 4, 3, 5, 3, 2, 5, 3, 7, 3, 0]",,0.0462338924407959,0.0
j10,26,STNU,60,60,inf,inf,False,False,0.0,"[0, 3, 5, 2, 5, 2, 3, 5, 5, 6, 4, 0]",,0.0462338924407959,0.0
j10,26,STNU,60,60,inf,inf,False,False,0.0,"[0, 1, 4, 2, 6, 2, 4, 4, 3, 7, 4, 0]",,0.0462338924407959,0.0
j10,26,STNU,60,60,inf,inf,False,False,0.0,"[0, 2, 4, 2, 7, 2, 2, 5, 4, 11, 2, 0]",,0.0462338924407959,0.0
j10,26,STNU,60,60,inf,inf,False,False,0.0,"[0, 3, 3, 3, 8, 3, 6, 5, 7, 9, 2, 0]",,0.0462338924407959,0.0
j10,27,STNU,60,60,inf,inf,False,False,0.0,"[0, 3, 10, 4, 3, 3, 8, 1, 6, 1, 6, 0]",,0.04784584045410156,0.0
j10,27,STNU,60,60,inf,inf,False,False,0.0,"[0, 3, 10, 7, 1, 5, 6, 1, 9, 2, 6, 0]",,0.04784584045410156,0.0
j10,27,STNU,60,60,inf,inf,False,False,0.0,"[0, 2, 10, 4, 3, 2, 8, 1, 9, 1, 5, 0]",,0.04784584045410156,0.0
j10,27,STNU,60,60,inf,inf,False,False,0.0,"[0, 2, 12, 6, 2, 5, 9, 1, 8, 1, 7, 0]",,0.04784584045410156,0.0
j10,27,STNU,60,60,inf,inf,False,False,0.0,"[0, 5, 10, 4, 2, 6, 6, 1, 6, 2, 6, 0]",,0.04784584045410156,0.0
j10,27,STNU,60,60,inf,inf,False,False,0.0,"[0, 5, 11, 3, 1, 5, 8, 1, 10, 2, 5, 0]",,0.04784584045410156,0.0
j10,27,STNU,60,60,inf,inf,False,False,0.0,"[0, 6, 11, 5, 2, 3, 7, 1, 6, 2, 4, 0]",,0.04784584045410156,0.0
j10,27,STNU,60,60,inf,inf,False,False,0.0,"[0, 4, 7, 7, 2, 2, 6, 1, 9, 1, 8, 0]",,0.04784584045410156,0.0
j10,27,STNU,60,60,inf,inf,False,False,0.0,"[0, 6, 9, 7, 1, 4, 9, 1, 7, 1, 4, 0]",,0.04784584045410156,0.0
j10,27,STNU,60,60,inf,inf,False,False,0.0,"[0, 2, 6, 6, 3, 3, 8, 1, 9, 2, 8, 0]",,0.04784584045410156,0.0
j10,28,STNU,60,60,35.0,33.0,True,True,6.0606060606060606,"[0, 1, 7, 6, 4, 1, 3, 7, 12, 2, 2, 0]","[0, 1, 2, 4, 0, 0, 7, 23, 23, 9, 20, 33]",0.37224602699279785,0.004752159118652344
j10,28,STNU,60,60,33.0,32.0,True,True,3.125,"[0, 1, 7, 4, 3, 2, 4, 6, 8, 1, 4, 0]","[0, 2, 2, 3, 0, 0, 7, 24, 23, 9, 20, 33]",0.37224602699279785,0.004794120788574219
j10,28,STNU,60,60,34.0,34.0,True,True,0.0,"[0, 1, 6, 5, 4, 2, 2, 9, 7, 2, 5, 0]","[0, 2, 2, 4, 0, 0, 7, 25, 23, 8, 20, 34]",0.37224602699279785,0.004758119583129883
j10,28,STNU,60,60,33.0,31.0,True,True,6.451612903225806,"[0, 1, 8, 5, 6, 2, 4, 8, 9, 2, 2, 0]","[0, 2, 2, 6, 0, 0, 7, 23, 23, 10, 20, 33]",0.37224602699279785,0.0048961639404296875
j10,28,STNU,60,60,33.0,32.0,True,True,3.125,"[0, 1, 10, 4, 7, 2, 3, 9, 7, 2, 3, 0]","[0, 2, 2, 7, 0, 0, 7, 23, 23, 12, 20, 33]",0.37224602699279785,0.00498199462890625
j10,28,STNU,60,60,33.0,31.0,True,True,6.451612903225806,"[0, 1, 10, 4, 4, 1, 5, 6, 9, 1, 2, 0]","[0, 1, 2, 4, 0, 0, 7, 23, 23, 12, 20, 33]",0.37224602699279785,0.004863262176513672
j10,28,STNU,60,60,35.0,33.0,True,True,6.0606060606060606,"[0, 1, 8, 3, 7, 3, 2, 9, 12, 1, 4, 0]","[0, 3, 2, 7, 0, 0, 7, 24, 23, 10, 20, 33]",0.37224602699279785,0.004796028137207031
j10,28,STNU,60,60,35.0,35.0,True,True,0.0,"[0, 1, 9, 4, 6, 3, 5, 11, 10, 1, 4, 0]","[0, 3, 2, 6, 0, 0, 7, 24, 23, 11, 20, 33]",0.37224602699279785,0.004881143569946289
j10,28,STNU,60,60,33.0,32.0,True,True,3.125,"[0, 1, 7, 3, 5, 1, 2, 8, 9, 1, 3, 0]","[0, 1, 2, 5, 0, 0, 7, 23, 23, 9, 20, 33]",0.37224602699279785,0.0048770904541015625
j10,28,STNU,60,60,35.0,33.0,True,True,6.0606060606060606,"[0, 1, 11, 6, 3, 3, 3, 11, 12, 1, 2, 0]","[0, 3, 2, 4, 0, 0, 7, 23, 23, 13, 20, 33]",0.37224602699279785,0.004825115203857422
j10,29,STNU,60,60,33.0,33.0,True,True,0.0,"[0, 6, 4, 6, 9, 1, 2, 4, 9, 8, 1, 0]","[0, 0, 0, 6, 0, 4, 16, 19, 24, 14, 23, 32]",0.3650689125061035,0.004783153533935547
j10,29,STNU,60,60,33.0,33.0,True,True,0.0,"[0, 3, 4, 3, 7, 1, 4, 5, 9, 5, 1, 0]","[0, 0, 0, 4, 0, 4, 16, 18, 24, 12, 23, 32]",0.3650689125061035,0.004868984222412109
j10,29,STNU,60,60,35.0,33.0,True,True,6.0606060606060606,"[0, 7, 8, 2, 7, 1, 2, 3, 9, 6, 1, 0]","[0, 0, 0, 8, 0, 8, 16, 21, 26, 16, 25, 34]",0.3650689125061035,0.004904985427856445
j10,29,STNU,60,60,32.0,32.0,True,True,0.0,"[0, 3, 5, 4, 9, 1, 5, 2, 6, 6, 1, 0]","[0, 0, 0, 5, 0, 5, 16, 18, 24, 13, 23, 32]",0.3650689125061035,0.004846096038818359
j10,29,STNU,60,60,34.0,33.0,True,True,3.0303030303030303,"[0, 5, 7, 6, 5, 1, 4, 3, 9, 6, 1, 0]","[0, 0, 0, 7, 0, 7, 16, 20, 25, 15, 24, 33]",0.3650689125061035,0.004856109619140625
j10,29,STNU,60,60,32.0,32.0,True,True,0.0,"[0, 4, 5, 6, 5, 1, 5, 4, 6, 7, 1, 0]","[0, 0, 0, 5, 0, 5, 16, 18, 24, 13, 23, 32]",0.3650689125061035,0.004884004592895508
j10,29,STNU,60,60,32.0,32.0,True,True,0.0,"[0, 5, 5, 3, 5, 1, 4, 4, 7, 5, 1, 0]","[0, 0, 0, 5, 0, 5, 16, 18, 24, 13, 23, 32]",0.3650689125061035,0.004778861999511719
j10,29,STNU,60,60,32.0,32.0,True,True,0.0,"[0, 6, 6, 6, 5, 1, 5, 4, 8, 6, 1, 0]","[0, 0, 0, 6, 0, 6, 16, 19, 24, 14, 23, 32]",0.3650689125061035,0.004851818084716797
j10,29,STNU,60,60,33.0,32.0,True,True,3.125,"[0, 7, 4, 2, 9, 1, 4, 3, 7, 9, 1, 0]","[0, 0, 0, 7, 0, 4, 16, 20, 25, 15, 24, 33]",0.3650689125061035,0.0048906803131103516
j10,29,STNU,60,60,34.0,34.0,True,True,0.0,"[0, 3, 8, 5, 8, 1, 3, 3, 8, 9, 1, 0]","[0, 0, 0, 8, 0, 8, 16, 21, 26, 16, 25, 34]",0.3650689125061035,0.004887819290161133
j10,30,STNU,60,60,inf,32.0,False,True,100.0,"[0, 7, 2, 2, 3, 5, 1, 9, 6, 9, 4, 0]",,0.3720829486846924,0.0
j10,30,STNU,60,60,inf,30.0,False,True,100.0,"[0, 8, 1, 1, 3, 6, 1, 7, 6, 8, 5, 0]",,0.3720829486846924,0.0
j10,30,STNU,60,60,inf,33.0,False,True,100.0,"[0, 7, 2, 1, 3, 2, 1, 12, 11, 9, 5, 0]",,0.3720829486846924,0.0
j10,30,STNU,60,60,inf,inf,False,False,0.0,"[0, 6, 2, 1, 5, 6, 1, 10, 7, 5, 5, 0]",,0.3720829486846924,0.0
j10,30,STNU,60,60,inf,30.0,False,True,100.0,"[0, 10, 1, 2, 4, 3, 1, 6, 8, 8, 7, 0]",,0.3720829486846924,0.0
j10,30,STNU,60,60,inf,27.0,False,True,100.0,"[0, 7, 2, 2, 3, 2, 1, 8, 9, 5, 6, 0]",,0.3720829486846924,0.0
j10,30,STNU,60,60,inf,30.0,False,True,100.0,"[0, 11, 2, 2, 4, 3, 1, 11, 8, 6, 5, 0]",,0.3720829486846924,0.0
j10,30,STNU,60,60,inf,30.0,False,True,100.0,"[0, 9, 1, 1, 2, 4, 1, 9, 8, 9, 7, 0]",,0.3720829486846924,0.0
j10,30,STNU,60,60,inf,27.0,False,True,100.0,"[0, 6, 1, 1, 3, 3, 1, 7, 9, 6, 5, 0]",,0.3720829486846924,0.0
j10,30,STNU,60,60,inf,27.0,False,True,100.0,"[0, 7, 2, 2, 2, 2, 1, 6, 11, 5, 5, 0]",,0.3720829486846924,0.0
j10,31,STNU,60,60,inf,inf,False,False,0.0,"[0, 5, 10, 6, 1, 3, 8, 1, 9, 1, 9, 0]",,0.04684591293334961,0.0
j10,31,STNU,60,60,inf,inf,False,False,0.0,"[0, 5, 6, 9, 1, 6, 8, 2, 6, 1, 8, 0]",,0.04684591293334961,0.0
j10,31,STNU,60,60,inf,inf,False,False,0.0,"[0, 5, 9, 10, 1, 4, 4, 2, 7, 2, 8, 0]",,0.04684591293334961,0.0
j10,31,STNU,60,60,inf,inf,False,False,0.0,"[0, 7, 6, 8, 1, 5, 8, 1, 9, 2, 9, 0]",,0.04684591293334961,0.0
j10,31,STNU,60,60,inf,inf,False,False,0.0,"[0, 6, 6, 6, 1, 6, 7, 2, 7, 1, 6, 0]",,0.04684591293334961,0.0
j10,31,STNU,60,60,inf,inf,False,False,0.0,"[0, 5, 10, 8, 1, 4, 8, 1, 11, 2, 9, 0]",,0.04684591293334961,0.0
j10,31,STNU,60,60,inf,inf,False,False,0.0,"[0, 3, 7, 12, 1, 6, 4, 3, 8, 2, 11, 0]",,0.04684591293334961,0.0
j10,31,STNU,60,60,inf,inf,False,False,0.0,"[0, 5, 9, 8, 1, 4, 4, 3, 10, 1, 8, 0]",,0.04684591293334961,0.0
j10,31,STNU,60,60,inf,inf,False,False,0.0,"[0, 6, 10, 10, 1, 6, 6, 3, 7, 1, 10, 0]",,0.04684591293334961,0.0
j10,31,STNU,60,60,inf,inf,False,False,0.0,"[0, 4, 7, 6, 1, 5, 6, 2, 8, 2, 7, 0]",,0.04684591293334961,0.0
j10,32,STNU,60,60,inf,inf,False,False,0.0,"[0, 9, 2, 3, 1, 11, 1, 4, 5, 5, 1, 0]",,0.04671883583068848,0.0
j10,32,STNU,60,60,inf,inf,False,False,0.0,"[0, 7, 2, 4, 1, 9, 2, 4, 3, 6, 2, 0]",,0.04671883583068848,0.0
j10,32,STNU,60,60,inf,46.0,False,True,100.0,"[0, 11, 1, 5, 1, 7, 2, 4, 2, 7, 2, 0]",,0.04671883583068848,0.0
j10,32,STNU,60,60,inf,inf,False,False,0.0,"[0, 6, 2, 4, 2, 7, 1, 4, 5, 4, 2, 0]",,0.04671883583068848,0.0
j10,32,STNU,60,60,inf,inf,False,False,0.0,"[0, 11, 2, 4, 2, 6, 2, 4, 4, 7, 1, 0]",,0.04671883583068848,0.0
j10,32,STNU,60,60,inf,inf,False,False,0.0,"[0, 8, 2, 4, 2, 7, 2, 5, 4, 7, 1, 0]",,0.04671883583068848,0.0
j10,32,STNU,60,60,inf,46.0,False,True,100.0,"[0, 11, 1, 3, 2, 10, 1, 5, 2, 5, 1, 0]",,0.04671883583068848,0.0
j10,32,STNU,60,60,inf,inf,False,False,0.0,"[0, 7, 2, 2, 2, 12, 3, 4, 4, 4, 2, 0]",,0.04671883583068848,0.0
j10,32,STNU,60,60,inf,inf,False,False,0.0,"[0, 7, 2, 2, 2, 8, 1, 4, 3, 6, 1, 0]",,0.04671883583068848,0.0
j10,32,STNU,60,60,inf,inf,False,False,0.0,"[0, 11, 1, 4, 2, 12, 1, 3, 3, 4, 1, 0]",,0.04671883583068848,0.0
j10,33,STNU,60,60,62.0,56.0,True,True,10.714285714285714,"[0, 6, 3, 1, 2, 8, 6, 9, 11, 9, 9, 0]","[0, 21, 0, 5, 3, 27, 45, 27, 51, 36, 12, 60]",0.39586520195007324,0.00539398193359375
j10,33,STNU,60,60,62.0,62.0,True,True,0.0,"[0, 6, 3, 1, 5, 8, 7, 5, 9, 11, 9, 0]","[0, 21, 0, 8, 3, 27, 46, 27, 53, 35, 12, 62]",0.39586520195007324,0.00545501708984375
j10,33,STNU,60,60,69.0,65.0,True,True,6.153846153846154,"[0, 9, 6, 1, 4, 5, 11, 5, 10, 9, 10, 0]","[0, 25, 0, 10, 6, 34, 48, 31, 59, 39, 15, 68]",0.39586520195007324,0.0056231021881103516
j10,33,STNU,60,60,59.0,53.0,True,True,11.320754716981131,"[0, 6, 3, 1, 2, 6, 7, 8, 8, 6, 11, 0]","[0, 23, 0, 5, 3, 29, 43, 29, 50, 37, 12, 59]",0.39586520195007324,0.005527019500732422
j10,33,STNU,60,60,60.0,59.0,True,True,1.694915254237288,"[0, 6, 6, 1, 5, 5, 9, 7, 7, 8, 6, 0]","[0, 21, 0, 11, 6, 27, 42, 27, 51, 34, 15, 60]",0.39586520195007324,0.005563974380493164
j10,33,STNU,60,60,68.0,66.0,True,True,3.0303030303030303,"[0, 10, 3, 1, 5, 6, 10, 5, 7, 12, 9, 0]","[0, 21, 0, 8, 3, 31, 49, 27, 59, 37, 12, 68]",0.39586520195007324,0.005532979965209961
j10,33,STNU,60,60,70.0,70.0,True,True,0.0,"[0, 6, 7, 1, 4, 7, 11, 7, 9, 12, 9, 0]","[0, 25, 0, 11, 7, 31, 50, 31, 61, 38, 16, 70]",0.39586520195007324,0.005521059036254883
j10,33,STNU,60,60,76.0,70.0,True,True,8.571428571428571,"[0, 10, 5, 1, 2, 7, 12, 7, 11, 11, 11, 0]","[0, 25, 0, 7, 5, 35, 53, 31, 65, 42, 14, 74]",0.39586520195007324,0.005535125732421875
j10,33,STNU,60,60,64.0,59.0,True,True,8.474576271186441,"[0, 7, 7, 1, 2, 7, 9, 8, 10, 9, 6, 0]","[0, 22, 0, 9, 7, 29, 45, 28, 54, 36, 16, 63]",0.39586520195007324,0.0055789947509765625
j10,33,STNU,60,60,68.0,62.0,True,True,9.67741935483871,"[0, 9, 3, 1, 3, 4, 12, 5, 7, 12, 10, 0]","[0, 22, 0, 6, 3, 31, 47, 28, 59, 35, 12, 68]",0.39586520195007324,0.005645036697387695
j10,34,STNU,60,60,inf,52.0,False,True,100.0,"[0, 8, 3, 8, 9, 10, 4, 4, 6, 6, 1, 0]",,0.4491310119628906,0.0
j10,34,STNU,60,60,inf,54.0,False,True,100.0,"[0, 8, 4, 7, 5, 12, 4, 2, 10, 8, 1, 0]",,0.4491310119628906,0.0
j10,34,STNU,60,60,inf,53.0,False,True,100.0,"[0, 8, 4, 7, 9, 7, 4, 5, 9, 8, 1, 0]",,0.4491310119628906,0.0
j10,34,STNU,60,60,inf,50.0,False,True,100.0,"[0, 6, 3, 6, 7, 9, 4, 3, 11, 9, 1, 0]",,0.4491310119628906,0.0
j10,34,STNU,60,60,inf,50.0,False,True,100.0,"[0, 6, 2, 6, 5, 12, 6, 3, 9, 8, 1, 0]",,0.4491310119628906,0.0
j10,34,STNU,60,60,inf,56.0,False,True,100.0,"[0, 8, 4, 5, 7, 8, 8, 4, 12, 8, 1, 0]",,0.4491310119628906,0.0
j10,34,STNU,60,60,inf,44.0,False,True,100.0,"[0, 6, 4, 7, 5, 7, 7, 3, 6, 5, 1, 0]",,0.4491310119628906,0.0
j10,34,STNU,60,60,inf,54.0,False,True,100.0,"[0, 9, 4, 7, 7, 9, 4, 2, 10, 6, 1, 0]",,0.4491310119628906,0.0
j10,34,STNU,60,60,inf,49.0,False,True,100.0,"[0, 6, 2, 5, 7, 10, 5, 3, 8, 8, 1, 0]",,0.4491310119628906,0.0
j10,34,STNU,60,60,inf,51.0,False,True,100.0,"[0, 9, 3, 5, 6, 7, 7, 3, 11, 6, 1, 0]",,0.4491310119628906,0.0
j10,35,STNU,60,60,inf,37.0,False,True,100.0,"[0, 3, 2, 1, 6, 3, 9, 1, 1, 6, 7, 0]",,0.4155540466308594,0.0
j10,35,STNU,60,60,inf,34.0,False,True,100.0,"[0, 4, 3, 1, 6, 3, 5, 1, 1, 6, 6, 0]",,0.4155540466308594,0.0
j10,35,STNU,60,60,inf,38.0,False,True,100.0,"[0, 3, 3, 1, 5, 3, 5, 2, 1, 9, 9, 0]",,0.4155540466308594,0.0
j10,35,STNU,60,60,inf,35.0,False,True,100.0,"[0, 3, 1, 1, 5, 2, 8, 2, 1, 8, 5, 0]",,0.4155540466308594,0.0
j10,35,STNU,60,60,inf,33.0,False,True,100.0,"[0, 3, 2, 1, 5, 1, 7, 1, 1, 8, 5, 0]",,0.4155540466308594,0.0
j10,35,STNU,60,60,inf,44.0,False,True,100.0,"[0, 6, 3, 1, 6, 3, 7, 2, 1, 9, 9, 0]",,0.4155540466308594,0.0
j10,35,STNU,60,60,inf,37.0,False,True,100.0,"[0, 7, 3, 1, 6, 1, 7, 1, 1, 6, 7, 0]",,0.4155540466308594,0.0
j10,35,STNU,60,60,inf,42.0,False,True,100.0,"[0, 7, 1, 1, 6, 2, 7, 2, 1, 7, 9, 0]",,0.4155540466308594,0.0
j10,35,STNU,60,60,inf,41.0,False,True,100.0,"[0, 3, 2, 1, 7, 3, 9, 1, 1, 9, 7, 0]",,0.4155540466308594,0.0
j10,35,STNU,60,60,inf,42.0,False,True,100.0,"[0, 6, 1, 1, 7, 1, 6, 2, 1, 10, 8, 0]",,0.4155540466308594,0.0
j10,36,STNU,60,60,inf,47.0,False,True,100.0,"[0, 3, 3, 10, 3, 8, 4, 2, 3, 1, 2, 0]",,0.3688211441040039,0.0
j10,36,STNU,60,60,inf,54.0,False,True,100.0,"[0, 6, 5, 10, 4, 11, 6, 2, 7, 1, 1, 0]",,0.3688211441040039,0.0
j10,36,STNU,60,60,inf,44.0,False,True,100.0,"[0, 6, 2, 8, 4, 8, 6, 1, 5, 1, 1, 0]",,0.3688211441040039,0.0
j10,36,STNU,60,60,inf,46.0,False,True,100.0,"[0, 3, 3, 9, 3, 6, 5, 2, 7, 1, 1, 0]",,0.3688211441040039,0.0
j10,36,STNU,60,60,inf,45.0,False,True,100.0,"[0, 7, 4, 7, 3, 9, 4, 1, 5, 1, 2, 0]",,0.3688211441040039,0.0
j10,36,STNU,60,60,inf,50.0,False,True,100.0,"[0, 7, 2, 8, 4, 11, 8, 1, 3, 1, 2, 0]",,0.3688211441040039,0.0
j10,36,STNU,60,60,inf,47.0,False,True,100.0,"[0, 3, 4, 8, 2, 7, 5, 2, 4, 1, 2, 0]",,0.3688211441040039,0.0
j10,36,STNU,60,60,inf,50.0,False,True,100.0,"[0, 5, 5, 9, 4, 6, 4, 2, 5, 1, 2, 0]",,0.3688211441040039,0.0
j10,36,STNU,60,60,inf,52.0,False,True,100.0,"[0, 3, 5, 10, 6, 9, 7, 2, 6, 1, 1, 0]",,0.3688211441040039,0.0
j10,36,STNU,60,60,inf,43.0,False,True,100.0,"[0, 3, 2, 8, 3, 11, 4, 2, 5, 1, 1, 0]",,0.3688211441040039,0.0
j10,37,STNU,60,60,inf,26.0,False,True,100.0,"[0, 1, 4, 10, 1, 8, 2, 1, 7, 1, 6, 0]",,0.38626980781555176,0.0
j10,37,STNU,60,60,inf,25.0,False,True,100.0,"[0, 1, 6, 6, 3, 4, 2, 1, 8, 2, 3, 0]",,0.38626980781555176,0.0
j10,37,STNU,60,60,inf,25.0,False,True,100.0,"[0, 2, 5, 10, 1, 7, 1, 1, 6, 2, 3, 0]",,0.38626980781555176,0.0
j10,37,STNU,60,60,inf,25.0,False,True,100.0,"[0, 2, 5, 7, 2, 5, 2, 1, 8, 1, 5, 0]",,0.38626980781555176,0.0
j10,37,STNU,60,60,inf,28.0,False,True,100.0,"[0, 2, 7, 11, 1, 5, 2, 1, 10, 1, 3, 0]",,0.38626980781555176,0.0
j10,37,STNU,60,60,inf,24.0,False,True,100.0,"[0, 1, 3, 7, 2, 4, 2, 1, 8, 2, 5, 0]",,0.38626980781555176,0.0
j10,37,STNU,60,60,inf,29.0,False,True,100.0,"[0, 1, 5, 9, 2, 8, 2, 1, 8, 2, 4, 0]",,0.38626980781555176,0.0
j10,37,STNU,60,60,inf,24.0,False,True,100.0,"[0, 2, 4, 7, 1, 5, 1, 1, 6, 1, 6, 0]",,0.38626980781555176,0.0
j10,37,STNU,60,60,inf,25.0,False,True,100.0,"[0, 1, 3, 8, 3, 4, 2, 1, 8, 2, 2, 0]",,0.38626980781555176,0.0
j10,37,STNU,60,60,inf,24.0,False,True,100.0,"[0, 1, 4, 6, 2, 4, 2, 1, 7, 2, 5, 0]",,0.38626980781555176,0.0
j10,38,STNU,60,60,inf,46.0,False,True,100.0,"[0, 9, 4, 7, 10, 1, 1, 3, 1, 11, 3, 0]",,0.4061470031738281,0.0
j10,38,STNU,60,60,inf,42.0,False,True,100.0,"[0, 9, 5, 9, 8, 2, 1, 6, 1, 9, 1, 0]",,0.4061470031738281,0.0
j10,38,STNU,60,60,inf,42.0,False,True,100.0,"[0, 7, 3, 7, 11, 2, 1, 5, 1, 6, 2, 0]",,0.4061470031738281,0.0
j10,38,STNU,60,60,inf,41.0,False,True,100.0,"[0, 5, 4, 8, 8, 1, 1, 3, 2, 11, 3, 0]",,0.4061470031738281,0.0
j10,38,STNU,60,60,inf,42.0,False,True,100.0,"[0, 8, 3, 10, 7, 1, 2, 6, 1, 10, 1, 0]",,0.4061470031738281,0.0
j10,38,STNU,60,60,inf,45.0,False,True,100.0,"[0, 8, 2, 11, 11, 1, 1, 4, 1, 6, 1, 0]",,0.4061470031738281,0.0
j10,38,STNU,60,60,inf,36.0,False,True,100.0,"[0, 6, 2, 6, 6, 2, 2, 6, 2, 7, 3, 0]",,0.4061470031738281,0.0
j10,38,STNU,60,60,inf,35.0,False,True,100.0,"[0, 5, 5, 6, 7, 1, 1, 2, 2, 10, 1, 0]",,0.4061470031738281,0.0
j10,38,STNU,60,60,inf,42.0,False,True,100.0,"[0, 5, 2, 11, 8, 2, 2, 4, 2, 9, 3, 0]",,0.4061470031738281,0.0
j10,38,STNU,60,60,inf,44.0,False,True,100.0,"[0, 8, 5, 8, 10, 2, 2, 4, 1, 11, 1, 0]",,0.4061470031738281,0.0
j10,39,STNU,60,60,inf,48.0,False,True,100.0,"[0, 2, 2, 2, 8, 2, 4, 8, 6, 8, 5, 0]",,0.36318421363830566,0.0
j10,39,STNU,60,60,inf,43.0,False,True,100.0,"[0, 5, 2, 2, 5, 1, 3, 5, 8, 8, 2, 0]",,0.36318421363830566,0.0
j10,39,STNU,60,60,inf,48.0,False,True,100.0,"[0, 4, 3, 5, 8, 1, 4, 6, 8, 11, 4, 0]",,0.36318421363830566,0.0
j10,39,STNU,60,60,inf,43.0,False,True,100.0,"[0, 2, 1, 4, 7, 2, 3, 6, 7, 7, 2, 0]",,0.36318421363830566,0.0
j10,39,STNU,60,60,inf,48.0,False,True,100.0,"[0, 2, 2, 3, 8, 1, 5, 8, 9, 9, 4, 0]",,0.36318421363830566,0.0
j10,39,STNU,60,60,inf,44.0,False,True,100.0,"[0, 2, 2, 4, 5, 1, 6, 4, 8, 8, 3, 0]",,0.36318421363830566,0.0
j10,39,STNU,60,60,inf,44.0,False,True,100.0,"[0, 5, 1, 4, 5, 2, 3, 4, 7, 10, 3, 0]",,0.36318421363830566,0.0
j10,39,STNU,60,60,inf,45.0,False,True,100.0,"[0, 5, 1, 4, 6, 2, 3, 6, 6, 9, 3, 0]",,0.36318421363830566,0.0
j10,39,STNU,60,60,inf,50.0,False,True,100.0,"[0, 5, 2, 2, 7, 1, 4, 5, 11, 10, 6, 0]",,0.36318421363830566,0.0
j10,39,STNU,60,60,inf,46.0,False,True,100.0,"[0, 4, 2, 2, 4, 2, 3, 6, 10, 10, 2, 0]",,0.36318421363830566,0.0
j10,40,STNU,60,60,inf,inf,False,False,0.0,"[0, 5, 4, 4, 7, 1, 2, 4, 4, 2, 6, 0]",,0.04663991928100586,0.0
j10,40,STNU,60,60,inf,inf,False,False,0.0,"[0, 2, 4, 7, 7, 1, 2, 4, 7, 2, 7, 0]",,0.04663991928100586,0.0
j10,40,STNU,60,60,inf,inf,False,False,0.0,"[0, 4, 4, 5, 8, 1, 5, 4, 6, 2, 9, 0]",,0.04663991928100586,0.0
j10,40,STNU,60,60,inf,inf,False,False,0.0,"[0, 6, 2, 4, 6, 1, 6, 2, 5, 1, 12, 0]",,0.04663991928100586,0.0
j10,40,STNU,60,60,inf,inf,False,False,0.0,"[0, 5, 5, 7, 6, 1, 4, 4, 7, 1, 8, 0]",,0.04663991928100586,0.0
j10,40,STNU,60,60,inf,inf,False,False,0.0,"[0, 2, 5, 6, 8, 1, 2, 5, 8, 2, 8, 0]",,0.04663991928100586,0.0
j10,40,STNU,60,60,inf,inf,False,False,0.0,"[0, 2, 5, 6, 11, 1, 5, 2, 8, 1, 9, 0]",,0.04663991928100586,0.0
j10,40,STNU,60,60,inf,inf,False,False,0.0,"[0, 4, 5, 7, 10, 1, 3, 4, 6, 2, 9, 0]",,0.04663991928100586,0.0
j10,40,STNU,60,60,inf,inf,False,False,0.0,"[0, 2, 5, 4, 8, 1, 2, 3, 6, 1, 6, 0]",,0.04663991928100586,0.0
j10,40,STNU,60,60,inf,inf,False,False,0.0,"[0, 2, 2, 5, 9, 1, 5, 6, 6, 1, 6, 0]",,0.04663991928100586,0.0
j10,41,STNU,60,60,inf,inf,False,False,0.0,"[0, 4, 7, 1, 3, 5, 7, 5, 5, 2, 6, 0]",,0.0461430549621582,0.0
j10,41,STNU,60,60,inf,46.0,False,True,100.0,"[0, 2, 8, 1, 3, 4, 12, 5, 3, 5, 6, 0]",,0.0461430549621582,0.0
j10,41,STNU,60,60,inf,41.0,False,True,100.0,"[0, 2, 4, 1, 2, 2, 8, 4, 3, 5, 7, 0]",,0.0461430549621582,0.0
j10,41,STNU,60,60,inf,42.0,False,True,100.0,"[0, 5, 6, 2, 2, 4, 9, 5, 2, 2, 9, 0]",,0.0461430549621582,0.0
j10,41,STNU,60,60,inf,inf,False,False,0.0,"[0, 2, 8, 1, 2, 4, 9, 2, 5, 5, 6, 0]",,0.0461430549621582,0.0
j10,41,STNU,60,60,inf,inf,False,False,0.0,"[0, 5, 6, 2, 3, 4, 8, 4, 4, 2, 6, 0]",,0.0461430549621582,0.0
j10,41,STNU,60,60,inf,inf,False,False,0.0,"[0, 4, 6, 2, 2, 2, 9, 2, 5, 4, 5, 0]",,0.0461430549621582,0.0
j10,41,STNU,60,60,inf,40.0,False,True,100.0,"[0, 6, 4, 2, 1, 5, 8, 4, 2, 4, 5, 0]",,0.0461430549621582,0.0
j10,41,STNU,60,60,inf,39.0,False,True,100.0,"[0, 2, 5, 1, 1, 4, 8, 3, 3, 3, 6, 0]",,0.0461430549621582,0.0
j10,41,STNU,60,60,inf,inf,False,False,0.0,"[0, 4, 5, 1, 3, 3, 6, 5, 5, 4, 8, 0]",,0.0461430549621582,0.0
j10,42,STNU,60,60,inf,32.0,False,True,100.0,"[0, 6, 8, 2, 1, 2, 1, 1, 6, 6, 1, 0]",,0.04738807678222656,0.0
j10,42,STNU,60,60,inf,inf,False,False,0.0,"[0, 6, 8, 1, 1, 2, 3, 2, 5, 7, 1, 0]",,0.04738807678222656,0.0
j10,42,STNU,60,60,inf,41.0,False,True,100.0,"[0, 6, 10, 3, 1, 2, 1, 3, 5, 11, 1, 0]",,0.04738807678222656,0.0
j10,42,STNU,60,60,inf,36.0,False,True,100.0,"[0, 8, 12, 1, 1, 2, 1, 2, 2, 7, 1, 0]",,0.04738807678222656,0.0
j10,42,STNU,60,60,inf,37.0,False,True,100.0,"[0, 6, 11, 2, 1, 1, 2, 3, 3, 6, 1, 0]",,0.04738807678222656,0.0
j10,42,STNU,60,60,inf,31.0,False,True,100.0,"[0, 6, 8, 1, 1, 1, 1, 3, 5, 6, 1, 0]",,0.04738807678222656,0.0
j10,42,STNU,60,60,inf,38.0,False,True,100.0,"[0, 8, 8, 3, 1, 1, 2, 3, 5, 9, 1, 0]",,0.04738807678222656,0.0
j10,42,STNU,60,60,inf,40.0,False,True,100.0,"[0, 8, 10, 2, 1, 1, 2, 1, 6, 11, 1, 0]",,0.04738807678222656,0.0
j10,42,STNU,60,60,inf,41.0,False,True,100.0,"[0, 4, 8, 3, 1, 2, 2, 2, 6, 11, 1, 0]",,0.04738807678222656,0.0
j10,42,STNU,60,60,inf,inf,False,False,0.0,"[0, 7, 8, 3, 1, 2, 3, 2, 3, 9, 1, 0]",,0.04738807678222656,0.0
j10,43,STNU,60,60,inf,28.0,False,True,100.0,"[0, 6, 1, 3, 6, 6, 12, 6, 3, 5, 5, 0]",,0.3597221374511719,0.0
j10,43,STNU,60,60,inf,24.0,False,True,100.0,"[0, 11, 1, 1, 6, 4, 6, 5, 3, 2, 4, 0]",,0.3597221374511719,0.0
j10,43,STNU,60,60,inf,26.0,False,True,100.0,"[0, 7, 1, 3, 5, 4, 11, 6, 1, 3, 3, 0]",,0.3597221374511719,0.0
j10,43,STNU,60,60,inf,28.0,False,True,100.0,"[0, 10, 1, 2, 9, 6, 9, 3, 3, 5, 3, 0]",,0.3597221374511719,0.0
j10,43,STNU,60,60,inf,29.0,False,True,100.0,"[0, 9, 1, 2, 6, 5, 11, 5, 3, 3, 5, 0]",,0.3597221374511719,0.0
j10,43,STNU,60,60,inf,24.0,False,True,100.0,"[0, 11, 1, 2, 6, 6, 6, 6, 2, 2, 4, 0]",,0.3597221374511719,0.0
j10,43,STNU,60,60,inf,29.0,False,True,100.0,"[0, 11, 1, 3, 8, 6, 11, 4, 3, 5, 3, 0]",,0.3597221374511719,0.0
j10,43,STNU,60,60,inf,24.0,False,True,100.0,"[0, 6, 1, 2, 6, 2, 8, 4, 1, 4, 4, 0]",,0.3597221374511719,0.0
j10,43,STNU,60,60,inf,26.0,False,True,100.0,"[0, 11, 1, 3, 6, 3, 9, 6, 3, 3, 3, 0]",,0.3597221374511719,0.0
j10,43,STNU,60,60,inf,24.0,False,True,100.0,"[0, 8, 1, 1, 6, 3, 6, 2, 3, 3, 4, 0]",,0.3597221374511719,0.0
j10,44,STNU,60,60,inf,28.0,False,True,100.0,"[0, 2, 5, 2, 7, 7, 3, 2, 2, 3, 8, 0]",,0.45079779624938965,0.0
j10,44,STNU,60,60,inf,28.0,False,True,100.0,"[0, 2, 8, 3, 3, 9, 3, 2, 2, 1, 10, 0]",,0.45079779624938965,0.0
j10,44,STNU,60,60,inf,27.0,False,True,100.0,"[0, 3, 4, 3, 6, 7, 4, 1, 1, 1, 8, 0]",,0.45079779624938965,0.0
j10,44,STNU,60,60,inf,28.0,False,True,100.0,"[0, 1, 6, 3, 7, 7, 5, 2, 2, 2, 6, 0]",,0.45079779624938965,0.0
j10,44,STNU,60,60,inf,33.0,False,True,100.0,"[0, 2, 6, 3, 4, 9, 7, 2, 1, 2, 10, 0]",,0.45079779624938965,0.0
j10,44,STNU,60,60,inf,29.0,False,True,100.0,"[0, 3, 7, 2, 7, 8, 6, 1, 1, 3, 8, 0]",,0.45079779624938965,0.0
j10,44,STNU,60,60,inf,30.0,False,True,100.0,"[0, 2, 4, 1, 3, 8, 7, 2, 1, 1, 9, 0]",,0.45079779624938965,0.0
j10,44,STNU,60,60,inf,25.0,False,True,100.0,"[0, 1, 7, 3, 3, 9, 5, 1, 1, 1, 6, 0]",,0.45079779624938965,0.0
j10,44,STNU,60,60,inf,26.0,False,True,100.0,"[0, 2, 4, 3, 5, 7, 5, 1, 2, 3, 7, 0]",,0.45079779624938965,0.0
j10,44,STNU,60,60,inf,30.0,False,True,100.0,"[0, 3, 7, 2, 6, 5, 7, 1, 2, 1, 8, 0]",,0.45079779624938965,0.0
j10,45,STNU,60,60,inf,34.0,False,True,100.0,"[0, 6, 1, 3, 7, 1, 1, 6, 8, 1, 8, 0]",,0.3762929439544678,0.0
j10,45,STNU,60,60,inf,37.0,False,True,100.0,"[0, 9, 1, 2, 5, 1, 3, 6, 10, 1, 11, 0]",,0.3762929439544678,0.0
j10,45,STNU,60,60,inf,33.0,False,True,100.0,"[0, 8, 1, 1, 4, 1, 3, 6, 7, 1, 9, 0]",,0.3762929439544678,0.0
j10,45,STNU,60,60,inf,36.0,False,True,100.0,"[0, 5, 1, 2, 6, 1, 2, 6, 11, 1, 8, 0]",,0.3762929439544678,0.0
j10,45,STNU,60,60,inf,38.0,False,True,100.0,"[0, 9, 1, 2, 7, 1, 1, 7, 11, 1, 7, 0]",,0.3762929439544678,0.0
j10,45,STNU,60,60,inf,39.0,False,True,100.0,"[0, 8, 1, 3, 7, 1, 1, 11, 9, 1, 11, 0]",,0.3762929439544678,0.0
j10,45,STNU,60,60,inf,37.0,False,True,100.0,"[0, 7, 1, 1, 6, 1, 2, 9, 10, 1, 8, 0]",,0.3762929439544678,0.0
j10,45,STNU,60,60,inf,36.0,False,True,100.0,"[0, 6, 1, 1, 6, 1, 2, 11, 8, 1, 7, 0]",,0.3762929439544678,0.0
j10,45,STNU,60,60,inf,33.0,False,True,100.0,"[0, 6, 1, 1, 3, 1, 2, 10, 6, 1, 9, 0]",,0.3762929439544678,0.0
j10,45,STNU,60,60,inf,37.0,False,True,100.0,"[0, 6, 1, 2, 3, 1, 2, 12, 9, 1, 11, 0]",,0.3762929439544678,0.0
j10,46,STNU,60,60,31.0,30.0,True,True,3.3333333333333335,"[0, 3, 9, 1, 2, 4, 7, 9, 2, 9, 5, 0]","[0, 0, 3, 0, 0, 12, 24, 3, 12, 15, 24, 31]",0.36591577529907227,0.005006074905395508
j10,46,STNU,60,60,31.0,31.0,True,True,0.0,"[0, 2, 7, 2, 2, 6, 8, 6, 1, 9, 7, 0]","[0, 0, 2, 0, 0, 11, 23, 3, 9, 14, 23, 30]",0.36591577529907227,0.005119800567626953
j10,46,STNU,60,60,33.0,32.0,True,True,3.125,"[0, 5, 11, 3, 2, 5, 8, 8, 2, 8, 7, 0]","[0, 0, 3, 0, 0, 14, 25, 5, 14, 17, 25, 32]",0.36591577529907227,0.005156993865966797
j10,46,STNU,60,60,32.0,31.0,True,True,3.225806451612903,"[0, 3, 9, 2, 1, 4, 5, 7, 2, 10, 5, 0]","[0, 0, 3, 0, 0, 12, 25, 3, 12, 15, 25, 32]",0.36591577529907227,0.004973173141479492
j10,46,STNU,60,60,34.0,31.0,True,True,9.67741935483871,"[0, 2, 11, 3, 1, 6, 8, 5, 1, 9, 4, 0]","[0, 0, 3, 0, 0, 14, 26, 3, 14, 17, 26, 33]",0.36591577529907227,0.00516510009765625
j10,46,STNU,60,60,34.0,32.0,True,True,6.25,"[0, 4, 10, 2, 2, 6, 4, 5, 2, 10, 8, 0]","[0, 0, 3, 0, 0, 13, 26, 4, 13, 16, 26, 33]",0.36591577529907227,0.005197048187255859
j10,46,STNU,60,60,30.0,29.0,True,True,3.4482758620689653,"[0, 3, 10, 2, 2, 6, 6, 9, 2, 7, 6, 0]","[0, 0, 3, 0, 0, 13, 23, 3, 13, 16, 23, 30]",0.36591577529907227,0.005084037780761719
j10,46,STNU,60,60,34.0,33.0,True,True,3.0303030303030303,"[0, 5, 11, 3, 1, 5, 7, 8, 1, 10, 4, 0]","[0, 0, 3, 0, 0, 14, 27, 5, 14, 17, 27, 34]",0.36591577529907227,0.005110979080200195
j10,46,STNU,60,60,31.0,30.0,True,True,3.3333333333333335,"[0, 4, 8, 2, 1, 8, 7, 8, 1, 9, 6, 0]","[0, 0, 3, 0, 0, 12, 24, 4, 12, 15, 24, 31]",0.36591577529907227,0.005102872848510742
j10,46,STNU,60,60,35.0,33.0,True,True,6.0606060606060606,"[0, 5, 7, 2, 1, 7, 8, 8, 1, 11, 5, 0]","[0, 0, 3, 0, 0, 13, 27, 5, 13, 16, 27, 34]",0.36591577529907227,0.005155801773071289
j10,47,STNU,60,60,inf,33.0,False,True,100.0,"[0, 5, 7, 1, 3, 4, 10, 2, 6, 4, 2, 0]",,0.38861608505249023,0.0
j10,47,STNU,60,60,inf,32.0,False,True,100.0,"[0, 6, 6, 1, 3, 5, 7, 1, 7, 5, 2, 0]",,0.38861608505249023,0.0
j10,47,STNU,60,60,inf,33.0,False,True,100.0,"[0, 7, 5, 1, 3, 3, 8, 2, 4, 5, 1, 0]",,0.38861608505249023,0.0
j10,47,STNU,60,60,inf,33.0,False,True,100.0,"[0, 4, 8, 1, 2, 3, 8, 2, 5, 2, 2, 0]",,0.38861608505249023,0.0
j10,47,STNU,60,60,inf,34.0,False,True,100.0,"[0, 6, 8, 1, 3, 6, 11, 2, 5, 4, 2, 0]",,0.38861608505249023,0.0
j10,47,STNU,60,60,inf,33.0,False,True,100.0,"[0, 4, 5, 1, 2, 3, 8, 2, 5, 5, 2, 0]",,0.38861608505249023,0.0
j10,47,STNU,60,60,inf,32.0,False,True,100.0,"[0, 3, 5, 1, 5, 5, 9, 1, 5, 3, 1, 0]",,0.38861608505249023,0.0
j10,47,STNU,60,60,inf,33.0,False,True,100.0,"[0, 4, 7, 1, 3, 6, 6, 2, 7, 2, 2, 0]",,0.38861608505249023,0.0
j10,47,STNU,60,60,inf,33.0,False,True,100.0,"[0, 3, 8, 1, 2, 3, 10, 1, 5, 4, 2, 0]",,0.38861608505249023,0.0
j10,47,STNU,60,60,inf,33.0,False,True,100.0,"[0, 3, 6, 1, 4, 3, 6, 2, 5, 5, 2, 0]",,0.38861608505249023,0.0
j10,48,STNU,60,60,inf,inf,False,False,0.0,"[0, 9, 4, 1, 3, 1, 2, 11, 2, 1, 8, 0]",,0.04581618309020996,0.0
j10,48,STNU,60,60,inf,inf,False,False,0.0,"[0, 6, 3, 1, 4, 1, 3, 11, 1, 1, 7, 0]",,0.04581618309020996,0.0
j10,48,STNU,60,60,inf,inf,False,False,0.0,"[0, 11, 2, 1, 4, 1, 5, 12, 2, 1, 8, 0]",,0.04581618309020996,0.0
j10,48,STNU,60,60,inf,inf,False,False,0.0,"[0, 8, 3, 1, 3, 1, 2, 12, 3, 1, 8, 0]",,0.04581618309020996,0.0
j10,48,STNU,60,60,inf,inf,False,False,0.0,"[0, 11, 5, 1, 4, 1, 4, 8, 2, 1, 9, 0]",,0.04581618309020996,0.0
j10,48,STNU,60,60,inf,inf,False,False,0.0,"[0, 9, 4, 2, 2, 1, 5, 9, 2, 1, 7, 0]",,0.04581618309020996,0.0
j10,48,STNU,60,60,inf,inf,False,False,0.0,"[0, 11, 5, 2, 5, 1, 5, 9, 1, 1, 5, 0]",,0.04581618309020996,0.0
j10,48,STNU,60,60,inf,41.0,False,True,100.0,"[0, 11, 2, 2, 3, 1, 4, 12, 2, 1, 9, 0]",,0.04581618309020996,0.0
j10,48,STNU,60,60,inf,40.0,False,True,100.0,"[0, 9, 2, 1, 3, 1, 3, 10, 1, 1, 6, 0]",,0.04581618309020996,0.0
j10,48,STNU,60,60,inf,inf,False,False,0.0,"[0, 7, 4, 2, 3, 1, 5, 6, 2, 1, 6, 0]",,0.04581618309020996,0.0
j10,49,STNU,60,60,27.0,26.0,True,True,3.8461538461538463,"[0, 3, 6, 1, 3, 4, 5, 1, 1, 5, 7, 0]","[0, 3, 7, 6, 0, 6, 0, 10, 15, 15, 20, 27]",0.48422908782958984,0.0048601627349853516
j10,49,STNU,60,60,25.0,25.0,True,True,0.0,"[0, 1, 12, 1, 2, 5, 4, 3, 1, 8, 4, 0]","[0, 2, 5, 4, 0, 4, 0, 9, 17, 15, 18, 25]",0.48422908782958984,0.0051021575927734375
j10,49,STNU,60,60,26.0,26.0,True,True,0.0,"[0, 1, 6, 1, 2, 5, 5, 3, 1, 4, 7, 0]","[0, 2, 6, 5, 0, 5, 0, 10, 14, 15, 19, 26]",0.48422908782958984,0.0050737857818603516
j10,49,STNU,60,60,28.0,26.0,True,True,7.6923076923076925,"[0, 1, 8, 1, 1, 4, 7, 1, 1, 7, 4, 0]","[0, 1, 8, 7, 0, 7, 0, 11, 16, 15, 21, 28]",0.48422908782958984,0.0050868988037109375
j10,49,STNU,60,60,25.0,24.0,True,True,4.166666666666667,"[0, 1, 9, 1, 3, 3, 3, 1, 1, 5, 7, 0]","[0, 3, 5, 4, 0, 4, 0, 10, 14, 15, 18, 25]",0.48422908782958984,0.005072832107543945
j10,49,STNU,60,60,25.0,25.0,True,True,0.0,"[0, 1, 9, 1, 2, 4, 4, 2, 1, 4, 6, 0]","[0, 2, 5, 4, 0, 4, 0, 9, 14, 15, 18, 25]",0.48422908782958984,0.0052509307861328125
j10,49,STNU,60,60,28.0,28.0,True,True,0.0,"[0, 3, 12, 1, 3, 5, 7, 1, 1, 4, 4, 0]","[0, 3, 8, 7, 0, 7, 0, 12, 20, 15, 21, 28]",0.48422908782958984,0.005135059356689453
j10,49,STNU,60,60,28.0,27.0,True,True,3.7037037037037037,"[0, 3, 8, 1, 1, 5, 7, 2, 1, 7, 7, 0]","[0, 1, 8, 7, 0, 7, 0, 12, 16, 15, 21, 28]",0.48422908782958984,0.0051119327545166016
j10,49,STNU,60,60,25.0,25.0,True,True,0.0,"[0, 1, 11, 1, 3, 7, 4, 3, 1, 7, 5, 0]","[0, 3, 5, 4, 0, 4, 0, 11, 16, 15, 18, 25]",0.48422908782958984,0.0051288604736328125
j10,49,STNU,60,60,29.0,29.0,True,True,0.0,"[0, 3, 9, 1, 1, 6, 7, 1, 1, 6, 8, 0]","[0, 1, 8, 7, 0, 7, 0, 13, 17, 15, 21, 28]",0.48422908782958984,0.0050618648529052734
j10,50,STNU,60,60,inf,59.0,False,True,100.0,"[0, 6, 7, 3, 8, 11, 5, 1, 6, 10, 5, 0]",,0.40432214736938477,0.0
j10,50,STNU,60,60,inf,48.0,False,True,100.0,"[0, 5, 3, 3, 7, 7, 6, 1, 6, 9, 5, 0]",,0.40432214736938477,0.0
j10,50,STNU,60,60,inf,66.0,False,True,100.0,"[0, 8, 7, 2, 11, 10, 6, 1, 6, 10, 4, 0]",,0.40432214736938477,0.0
j10,50,STNU,60,60,inf,66.0,False,True,100.0,"[0, 7, 7, 3, 9, 12, 8, 1, 8, 10, 3, 0]",,0.40432214736938477,0.0
j10,50,STNU,60,60,inf,53.0,False,True,100.0,"[0, 6, 6, 4, 6, 7, 8, 1, 6, 9, 2, 0]",,0.40432214736938477,0.0
j10,50,STNU,60,60,inf,68.0,False,True,100.0,"[0, 6, 4, 5, 6, 12, 6, 1, 11, 11, 3, 0]",,0.40432214736938477,0.0
j10,50,STNU,60,60,inf,56.0,False,True,100.0,"[0, 4, 6, 2, 7, 12, 7, 1, 10, 7, 6, 0]",,0.40432214736938477,0.0
j10,50,STNU,60,60,inf,58.0,False,True,100.0,"[0, 4, 6, 4, 9, 11, 8, 1, 7, 10, 4, 0]",,0.40432214736938477,0.0
j10,50,STNU,60,60,inf,66.0,False,True,100.0,"[0, 8, 6, 5, 9, 12, 8, 1, 11, 9, 2, 0]",,0.40432214736938477,0.0
j10,50,STNU,60,60,inf,60.0,False,True,100.0,"[0, 6, 6, 4, 8, 11, 5, 1, 9, 7, 4, 0]",,0.40432214736938477,0.0
