instance_folder,instance_id,method,nr_samples,obj,obj_pi,rel_regret,time_limit_SAA,feasibility,feasibility_pi,real_durations,start_times,time_offline,time_online,time_limit_pi
j10,1,proactive,10,29.0,26.0,11.538461538461538,600,True,True,"[0, 2, 9, 1, 1, 2, 5, 11, 2, 3, 1, 0]","[0, 3, 0, 0, 0, 7, 24, 12, 24, 12, 5, 29]",0.17475509643554688,0.0003509521484375,
j10,1,proactive,10,29.0,26.0,11.538461538461538,600,True,True,"[0, 1, 7, 1, 2, 1, 3, 8, 1, 5, 1, 0]","[0, 3, 0, 0, 0, 7, 24, 12, 24, 12, 5, 29]",0.17475509643554688,0.0002791881561279297,
j10,1,proactive,10,29.0,26.0,11.538461538461538,600,True,True,"[0, 1, 9, 1, 3, 1, 4, 10, 2, 4, 1, 0]","[0, 3, 0, 0, 0, 7, 24, 12, 24, 12, 5, 29]",0.17475509643554688,0.0002949237823486328,
j10,1,proactive,10,29.0,26.0,11.538461538461538,600,True,True,"[0, 2, 12, 1, 3, 2, 3, 7, 2, 4, 1, 0]","[0, 3, 0, 0, 0, 7, 24, 12, 24, 12, 5, 29]",0.17475509643554688,0.00028324127197265625,
j10,1,proactive,10,29.0,26.0,11.538461538461538,600,True,True,"[0, 2, 6, 1, 2, 1, 2, 11, 2, 5, 1, 0]","[0, 3, 0, 0, 0, 7, 24, 12, 24, 12, 5, 29]",0.17475509643554688,0.0002980232238769531,
j10,1,proactive,10,29.0,26.0,11.538461538461538,600,True,True,"[0, 2, 6, 3, 3, 2, 3, 7, 2, 7, 1, 0]","[0, 3, 0, 0, 0, 7, 24, 12, 24, 12, 5, 29]",0.17475509643554688,0.00029206275939941406,
j10,1,proactive,10,29.0,26.0,11.538461538461538,600,True,True,"[0, 1, 7, 1, 3, 1, 2, 11, 2, 4, 1, 0]","[0, 3, 0, 0, 0, 7, 24, 12, 24, 12, 5, 29]",0.17475509643554688,0.00030612945556640625,
j10,1,proactive,10,29.0,26.0,11.538461538461538,600,True,True,"[0, 3, 6, 1, 2, 3, 4, 7, 1, 4, 1, 0]","[0, 3, 0, 0, 0, 7, 24, 12, 24, 12, 5, 29]",0.17475509643554688,0.0002799034118652344,
j10,1,proactive,10,29.0,28.0,3.5714285714285716,600,True,True,"[0, 3, 11, 1, 2, 2, 5, 12, 1, 3, 1, 0]","[0, 3, 0, 0, 0, 7, 24, 12, 24, 12, 5, 29]",0.17475509643554688,0.00031495094299316406,
j10,1,proactive,10,29.0,26.0,11.538461538461538,600,True,True,"[0, 3, 8, 2, 1, 3, 2, 6, 2, 4, 1, 0]","[0, 3, 0, 0, 0, 7, 24, 12, 24, 12, 5, 29]",0.17475509643554688,0.0002899169921875,
j10,2,proactive,10,inf,inf,0.0,600,False,False,"[0, 5, 6, 9, 1, 7, 8, 2, 11, 9, 11, 0]",,0.07539200782775879,0.0,60.0
j10,2,proactive,10,inf,inf,0.0,600,False,False,"[0, 2, 11, 6, 1, 11, 9, 2, 7, 5, 11, 0]",,0.07539200782775879,0.0,60.0
j10,2,proactive,10,inf,inf,0.0,600,False,False,"[0, 5, 6, 10, 1, 8, 11, 2, 10, 7, 6, 0]",,0.07539200782775879,0.0,60.0
j10,2,proactive,10,inf,inf,0.0,600,False,False,"[0, 3, 9, 9, 1, 11, 11, 2, 8, 9, 9, 0]",,0.07539200782775879,0.0,60.0
j10,2,proactive,10,inf,inf,0.0,600,False,False,"[0, 2, 6, 11, 1, 10, 8, 2, 10, 7, 6, 0]",,0.07539200782775879,0.0,60.0
j10,2,proactive,10,inf,inf,0.0,600,False,False,"[0, 3, 9, 6, 1, 6, 10, 2, 8, 6, 6, 0]",,0.07539200782775879,0.0,60.0
j10,2,proactive,10,inf,inf,0.0,600,False,False,"[0, 2, 9, 6, 1, 7, 8, 1, 10, 8, 9, 0]",,0.07539200782775879,0.0,60.0
j10,2,proactive,10,inf,inf,0.0,600,False,False,"[0, 5, 9, 8, 1, 9, 12, 2, 9, 9, 9, 0]",,0.07539200782775879,0.0,60.0
j10,2,proactive,10,inf,inf,0.0,600,False,False,"[0, 4, 10, 10, 1, 6, 9, 2, 6, 8, 11, 0]",,0.07539200782775879,0.0,60.0
j10,2,proactive,10,inf,inf,0.0,600,False,False,"[0, 4, 11, 7, 1, 6, 8, 1, 8, 5, 8, 0]",,0.07539200782775879,0.0,60.0
j10,3,proactive,10,37.0,35.0,5.714285714285714,600,True,True,"[0, 1, 8, 3, 8, 5, 1, 3, 4, 11, 4, 0]","[0, 8, 0, 17, 23, 11, 20, 21, 30, 26, 23, 36]",1.7854869365692139,0.0003712177276611328,
j10,3,proactive,10,36.0,35.0,2.857142857142857,600,True,True,"[0, 1, 5, 2, 6, 7, 1, 4, 4, 9, 4, 0]","[0, 8, 0, 17, 23, 11, 20, 21, 30, 26, 23, 36]",1.7854869365692139,0.0003180503845214844,
j10,3,proactive,10,inf,37.0,100.0,600,False,True,"[0, 1, 8, 1, 6, 6, 3, 6, 3, 9, 4, 0]","[0, 8, 0, 17, 23, 11, 20, 21, 30, 26, 23, 36]",1.7854869365692139,0.0003190040588378906,
j10,3,proactive,10,36.0,34.0,5.882352941176471,600,True,True,"[0, 1, 5, 3, 11, 7, 2, 2, 5, 6, 7, 0]","[0, 8, 0, 17, 23, 11, 20, 21, 30, 26, 23, 36]",1.7854869365692139,0.0003230571746826172,
j10,3,proactive,10,inf,37.0,100.0,600,False,True,"[0, 1, 6, 2, 7, 4, 1, 6, 2, 8, 4, 0]","[0, 8, 0, 17, 23, 11, 20, 21, 30, 26, 23, 36]",1.7854869365692139,0.00031495094299316406,
j10,3,proactive,10,36.0,35.0,2.857142857142857,600,True,True,"[0, 1, 7, 3, 6, 4, 1, 4, 4, 10, 6, 0]","[0, 8, 0, 17, 23, 11, 20, 21, 30, 26, 23, 36]",1.7854869365692139,0.0003650188446044922,
j10,3,proactive,10,36.0,35.0,2.857142857142857,600,True,True,"[0, 1, 6, 3, 8, 3, 2, 4, 2, 10, 4, 0]","[0, 8, 0, 17, 23, 11, 20, 21, 30, 26, 23, 36]",1.7854869365692139,0.0003120899200439453,
j10,3,proactive,10,inf,37.0,100.0,600,False,True,"[0, 1, 4, 3, 9, 3, 3, 6, 5, 9, 6, 0]","[0, 8, 0, 17, 23, 11, 20, 21, 30, 26, 23, 36]",1.7854869365692139,0.0003299713134765625,
j10,3,proactive,10,38.0,37.0,2.7027027027027026,600,True,True,"[0, 1, 4, 3, 9, 4, 3, 4, 2, 12, 4, 0]","[0, 8, 0, 17, 23, 11, 20, 21, 30, 26, 23, 36]",1.7854869365692139,0.000308990478515625,
j10,3,proactive,10,inf,39.0,100.0,600,False,True,"[0, 1, 8, 3, 9, 7, 2, 6, 4, 12, 4, 0]","[0, 8, 0, 17, 23, 11, 20, 21, 30, 26, 23, 36]",1.7854869365692139,0.0003561973571777344,
j10,4,proactive,10,40.0,34.0,17.647058823529413,600,True,True,"[0, 6, 2, 5, 2, 8, 1, 3, 6, 9, 7, 0]","[0, 10, 9, 18, 0, 3, 9, 3, 11, 30, 11, 40]",0.23270392417907715,0.0003452301025390625,
j10,4,proactive,10,42.0,34.0,23.529411764705884,600,True,True,"[0, 6, 2, 5, 1, 9, 1, 2, 5, 12, 8, 0]","[0, 10, 9, 18, 0, 3, 9, 3, 11, 30, 11, 40]",0.23270392417907715,0.00034499168395996094,
j10,4,proactive,10,inf,40.0,100.0,600,False,True,"[0, 9, 1, 2, 3, 8, 1, 4, 7, 11, 4, 0]","[0, 10, 9, 18, 0, 3, 9, 3, 11, 30, 11, 40]",0.23270392417907715,0.00033092498779296875,
j10,4,proactive,10,inf,39.0,100.0,600,False,True,"[0, 9, 1, 4, 1, 7, 1, 6, 4, 9, 8, 0]","[0, 10, 9, 18, 0, 3, 9, 3, 11, 30, 11, 40]",0.23270392417907715,0.00032591819763183594,
j10,4,proactive,10,42.0,39.0,7.6923076923076925,600,True,True,"[0, 8, 1, 5, 1, 9, 1, 5, 3, 12, 7, 0]","[0, 10, 9, 18, 0, 3, 9, 3, 11, 30, 11, 40]",0.23270392417907715,0.00034618377685546875,
j10,4,proactive,10,40.0,35.0,14.285714285714286,600,True,True,"[0, 6, 1, 6, 1, 7, 1, 4, 7, 8, 5, 0]","[0, 10, 9, 18, 0, 3, 9, 3, 11, 30, 11, 40]",0.23270392417907715,0.0003771781921386719,
j10,4,proactive,10,40.0,35.0,14.285714285714286,600,True,True,"[0, 7, 2, 3, 2, 8, 1, 5, 3, 10, 7, 0]","[0, 10, 9, 18, 0, 3, 9, 3, 11, 30, 11, 40]",0.23270392417907715,0.0003311634063720703,
j10,4,proactive,10,41.0,39.0,5.128205128205129,600,True,True,"[0, 8, 2, 5, 3, 5, 1, 4, 6, 11, 5, 0]","[0, 10, 9, 18, 0, 3, 9, 3, 11, 30, 11, 40]",0.23270392417907715,0.0003352165222167969,
j10,4,proactive,10,40.0,36.0,11.11111111111111,600,True,True,"[0, 8, 1, 5, 3, 7, 1, 2, 7, 6, 5, 0]","[0, 10, 9, 18, 0, 3, 9, 3, 11, 30, 11, 40]",0.23270392417907715,0.0003247261047363281,
j10,4,proactive,10,42.0,38.0,10.526315789473685,600,True,True,"[0, 8, 1, 2, 1, 6, 1, 4, 7, 12, 8, 0]","[0, 10, 9, 18, 0, 3, 9, 3, 11, 30, 11, 40]",0.23270392417907715,0.0003337860107421875,
j10,5,proactive,10,36.0,28.0,28.571428571428573,600,True,True,"[0, 6, 8, 1, 1, 1, 7, 4, 1, 3, 10, 0]","[0, 0, 0, 11, 7, 15, 28, 17, 13, 17, 17, 36]",0.25863027572631836,0.0003399848937988281,
j10,5,proactive,10,36.0,27.0,33.333333333333336,600,True,True,"[0, 9, 7, 1, 1, 1, 5, 5, 1, 4, 10, 0]","[0, 0, 0, 11, 7, 15, 28, 17, 13, 17, 17, 36]",0.25863027572631836,0.000308990478515625,
j10,5,proactive,10,36.0,30.0,20.0,600,True,True,"[0, 7, 10, 1, 3, 2, 8, 5, 2, 4, 7, 0]","[0, 0, 0, 11, 7, 15, 28, 17, 13, 17, 17, 36]",0.25863027572631836,0.0003218650817871094,
j10,5,proactive,10,36.0,36.0,0.0,600,True,True,"[0, 11, 9, 2, 2, 2, 6, 5, 2, 5, 11, 0]","[0, 0, 0, 11, 7, 15, 28, 17, 13, 17, 17, 36]",0.25863027572631836,0.0003120899200439453,
j10,5,proactive,10,37.0,30.0,23.333333333333332,600,True,True,"[0, 6, 10, 1, 3, 1, 9, 3, 1, 4, 9, 0]","[0, 0, 0, 11, 7, 15, 28, 17, 13, 17, 17, 36]",0.25863027572631836,0.00032782554626464844,
j10,5,proactive,10,36.0,29.0,24.137931034482758,600,True,True,"[0, 10, 10, 2, 2, 2, 5, 6, 1, 3, 7, 0]","[0, 0, 0, 11, 7, 15, 28, 17, 13, 17, 17, 36]",0.25863027572631836,0.00032711029052734375,
j10,5,proactive,10,37.0,30.0,23.333333333333332,600,True,True,"[0, 8, 9, 1, 2, 1, 9, 3, 2, 3, 7, 0]","[0, 0, 0, 11, 7, 15, 28, 17, 13, 17, 17, 36]",0.25863027572631836,0.0003180503845214844,
j10,5,proactive,10,37.0,33.0,12.121212121212121,600,True,True,"[0, 11, 9, 2, 2, 1, 9, 5, 2, 4, 8, 0]","[0, 0, 0, 11, 7, 15, 28, 17, 13, 17, 17, 36]",0.25863027572631836,0.0003409385681152344,
j10,5,proactive,10,36.0,34.0,5.882352941176471,600,True,True,"[0, 8, 11, 1, 1, 2, 8, 4, 2, 3, 10, 0]","[0, 0, 0, 11, 7, 15, 28, 17, 13, 17, 17, 36]",0.25863027572631836,0.00032210350036621094,
j10,5,proactive,10,37.0,31.0,19.35483870967742,600,True,True,"[0, 7, 9, 2, 1, 2, 9, 3, 1, 4, 7, 0]","[0, 0, 0, 11, 7, 15, 28, 17, 13, 17, 17, 36]",0.25863027572631836,0.0003161430358886719,
j10,6,proactive,10,inf,inf,0.0,600,False,False,"[0, 2, 6, 3, 4, 11, 6, 3, 1, 6, 4, 0]",,0.08311891555786133,0.0,60.0
j10,6,proactive,10,inf,inf,0.0,600,False,False,"[0, 1, 4, 4, 4, 6, 9, 2, 1, 11, 3, 0]",,0.08311891555786133,0.0,60.0
j10,6,proactive,10,inf,inf,0.0,600,False,False,"[0, 1, 4, 5, 6, 7, 9, 5, 1, 8, 5, 0]",,0.08311891555786133,0.0,60.0
j10,6,proactive,10,inf,inf,0.0,600,False,False,"[0, 2, 3, 5, 6, 8, 8, 5, 1, 11, 5, 0]",,0.08311891555786133,0.0,60.0
j10,6,proactive,10,inf,inf,0.0,600,False,False,"[0, 2, 5, 5, 4, 11, 9, 6, 1, 6, 4, 0]",,0.08311891555786133,0.0,60.0
j10,6,proactive,10,inf,inf,0.0,600,False,False,"[0, 1, 6, 4, 7, 7, 11, 6, 1, 9, 5, 0]",,0.08311891555786133,0.0,60.0
j10,6,proactive,10,inf,inf,0.0,600,False,False,"[0, 2, 5, 4, 3, 12, 9, 4, 1, 10, 3, 0]",,0.08311891555786133,0.0,60.0
j10,6,proactive,10,inf,inf,0.0,600,False,False,"[0, 2, 3, 4, 7, 7, 10, 4, 1, 7, 7, 0]",,0.08311891555786133,0.0,60.0
j10,6,proactive,10,inf,inf,0.0,600,False,False,"[0, 2, 5, 3, 5, 12, 11, 3, 1, 7, 4, 0]",,0.08311891555786133,0.0,60.0
j10,6,proactive,10,inf,36.0,100.0,600,False,True,"[0, 1, 2, 5, 7, 10, 9, 5, 1, 8, 3, 0]",,0.08311891555786133,0.0,60.0
j10,7,proactive,10,inf,44.0,100.0,600,False,True,"[0, 6, 1, 2, 9, 9, 6, 3, 1, 9, 2, 0]","[0, 0, 28, 0, 0, 11, 39, 19, 30, 29, 25, 44]",0.17848801612854004,0.00038814544677734375,
j10,7,proactive,10,44.0,44.0,0.0,600,True,True,"[0, 9, 1, 4, 11, 7, 5, 2, 2, 10, 1, 0]","[0, 0, 28, 0, 0, 11, 39, 19, 30, 29, 25, 44]",0.17848801612854004,0.00034308433532714844,
j10,7,proactive,10,45.0,42.0,7.142857142857143,600,True,True,"[0, 11, 1, 2, 9, 6, 6, 6, 2, 7, 3, 0]","[0, 0, 28, 0, 0, 11, 39, 19, 30, 29, 25, 44]",0.17848801612854004,0.0003180503845214844,
j10,7,proactive,10,inf,44.0,100.0,600,False,True,"[0, 10, 1, 5, 9, 9, 6, 2, 3, 9, 1, 0]","[0, 0, 28, 0, 0, 11, 39, 19, 30, 29, 25, 44]",0.17848801612854004,0.00033283233642578125,
j10,7,proactive,10,inf,44.0,100.0,600,False,True,"[0, 9, 1, 5, 10, 9, 6, 4, 3, 9, 1, 0]","[0, 0, 28, 0, 0, 11, 39, 19, 30, 29, 25, 44]",0.17848801612854004,0.0003371238708496094,
j10,7,proactive,10,inf,44.0,100.0,600,False,True,"[0, 10, 1, 4, 12, 7, 6, 3, 3, 9, 1, 0]","[0, 0, 28, 0, 0, 11, 39, 19, 30, 29, 25, 44]",0.17848801612854004,0.00034928321838378906,
j10,7,proactive,10,44.0,41.0,7.317073170731708,600,True,True,"[0, 8, 1, 5, 7, 7, 3, 2, 3, 7, 3, 0]","[0, 0, 28, 0, 0, 11, 39, 19, 30, 29, 25, 44]",0.17848801612854004,0.0003209114074707031,
j10,7,proactive,10,inf,42.0,100.0,600,False,True,"[0, 10, 1, 4, 6, 9, 2, 5, 1, 8, 3, 0]","[0, 0, 28, 0, 0, 11, 39, 19, 30, 29, 25, 44]",0.17848801612854004,0.00033402442932128906,
j10,7,proactive,10,inf,45.0,100.0,600,False,True,"[0, 10, 1, 4, 8, 6, 2, 4, 1, 11, 3, 0]","[0, 0, 28, 0, 0, 11, 39, 19, 30, 29, 25, 44]",0.17848801612854004,0.0003330707550048828,
j10,7,proactive,10,45.0,42.0,7.142857142857143,600,True,True,"[0, 9, 1, 3, 7, 7, 6, 4, 1, 7, 2, 0]","[0, 0, 28, 0, 0, 11, 39, 19, 30, 29, 25, 44]",0.17848801612854004,0.0003261566162109375,
j10,8,proactive,10,44.0,36.0,22.22222222222222,600,True,True,"[0, 8, 6, 5, 10, 5, 1, 2, 2, 1, 3, 0]","[0, 12, 0, 10, 23, 27, 34, 40, 34, 43, 37, 44]",0.22368693351745605,0.0003437995910644531,
j10,8,proactive,10,44.0,41.0,7.317073170731708,600,True,True,"[0, 8, 12, 5, 9, 3, 3, 1, 1, 1, 1, 0]","[0, 12, 0, 10, 23, 27, 34, 40, 34, 43, 37, 44]",0.22368693351745605,0.00030422210693359375,
j10,8,proactive,10,44.0,36.0,22.22222222222222,600,True,True,"[0, 8, 7, 4, 10, 5, 2, 1, 2, 1, 1, 0]","[0, 12, 0, 10, 23, 27, 34, 40, 34, 43, 37, 44]",0.22368693351745605,0.00031280517578125,
j10,8,proactive,10,44.0,37.0,18.91891891891892,600,True,True,"[0, 6, 8, 4, 7, 3, 2, 1, 1, 1, 2, 0]","[0, 12, 0, 10, 23, 27, 34, 40, 34, 43, 37, 44]",0.22368693351745605,0.0002682209014892578,
j10,8,proactive,10,44.0,38.0,15.789473684210526,600,True,True,"[0, 10, 8, 4, 10, 4, 1, 2, 1, 1, 2, 0]","[0, 12, 0, 10, 23, 27, 34, 40, 34, 43, 37, 44]",0.22368693351745605,0.00031280517578125,
j10,8,proactive,10,44.0,37.0,18.91891891891892,600,True,True,"[0, 9, 8, 2, 9, 6, 1, 2, 2, 1, 2, 0]","[0, 12, 0, 10, 23, 27, 34, 40, 34, 43, 37, 44]",0.22368693351745605,0.0003230571746826172,
j10,8,proactive,10,44.0,38.0,15.789473684210526,600,True,True,"[0, 6, 9, 5, 7, 4, 2, 3, 1, 1, 3, 0]","[0, 12, 0, 10, 23, 27, 34, 40, 34, 43, 37, 44]",0.22368693351745605,0.0003228187561035156,
j10,8,proactive,10,44.0,41.0,7.317073170731708,600,True,True,"[0, 7, 12, 2, 9, 7, 3, 2, 1, 1, 2, 0]","[0, 12, 0, 10, 23, 27, 34, 40, 34, 43, 37, 44]",0.22368693351745605,0.0003209114074707031,
j10,8,proactive,10,44.0,41.0,7.317073170731708,600,True,True,"[0, 9, 12, 4, 8, 7, 2, 3, 2, 1, 1, 0]","[0, 12, 0, 10, 23, 27, 34, 40, 34, 43, 37, 44]",0.22368693351745605,0.0003528594970703125,
j10,8,proactive,10,44.0,41.0,7.317073170731708,600,True,True,"[0, 8, 12, 5, 10, 3, 3, 2, 2, 1, 1, 0]","[0, 12, 0, 10, 23, 27, 34, 40, 34, 43, 37, 44]",0.22368693351745605,0.00033092498779296875,
j10,9,proactive,10,50.0,42.0,19.047619047619047,600,True,True,"[0, 4, 10, 2, 9, 6, 7, 5, 8, 5, 5, 0]","[0, 0, 6, 19, 0, 10, 33, 23, 40, 26, 21, 50]",0.36443185806274414,0.00039315223693847656,
j10,9,proactive,10,50.0,47.0,6.382978723404255,600,True,True,"[0, 6, 6, 2, 10, 9, 7, 9, 8, 6, 4, 0]","[0, 0, 6, 19, 0, 10, 33, 23, 40, 26, 21, 50]",0.36443185806274414,0.0003631114959716797,
j10,9,proactive,10,50.0,41.0,21.951219512195124,600,True,True,"[0, 6, 10, 2, 6, 7, 6, 6, 6, 4, 5, 0]","[0, 0, 6, 19, 0, 10, 33, 23, 40, 26, 21, 50]",0.36443185806274414,0.00034928321838378906,
j10,9,proactive,10,50.0,39.0,28.205128205128204,600,True,True,"[0, 5, 6, 1, 9, 9, 6, 5, 6, 3, 3, 0]","[0, 0, 6, 19, 0, 10, 33, 23, 40, 26, 21, 50]",0.36443185806274414,0.0003209114074707031,
j10,9,proactive,10,50.0,43.0,16.27906976744186,600,True,True,"[0, 6, 6, 1, 9, 8, 5, 6, 8, 7, 4, 0]","[0, 0, 6, 19, 0, 10, 33, 23, 40, 26, 21, 50]",0.36443185806274414,0.0003540515899658203,
j10,9,proactive,10,50.0,44.0,13.636363636363637,600,True,True,"[0, 6, 9, 1, 9, 8, 6, 6, 9, 5, 5, 0]","[0, 0, 6, 19, 0, 10, 33, 23, 40, 26, 21, 50]",0.36443185806274414,0.0003597736358642578,
j10,9,proactive,10,inf,39.0,100.0,600,False,True,"[0, 2, 9, 1, 11, 5, 3, 9, 7, 7, 4, 0]","[0, 0, 6, 19, 0, 10, 33, 23, 40, 26, 21, 50]",0.36443185806274414,0.000354766845703125,
j10,9,proactive,10,50.0,39.0,28.205128205128204,600,True,True,"[0, 6, 10, 1, 6, 9, 6, 5, 6, 3, 4, 0]","[0, 0, 6, 19, 0, 10, 33, 23, 40, 26, 21, 50]",0.36443185806274414,0.00032591819763183594,
j10,9,proactive,10,52.0,42.0,23.80952380952381,600,True,True,"[0, 2, 11, 2, 7, 8, 4, 7, 12, 4, 3, 0]","[0, 0, 6, 19, 0, 10, 33, 23, 40, 26, 21, 50]",0.36443185806274414,0.00036907196044921875,
j10,9,proactive,10,50.0,40.0,25.0,600,True,True,"[0, 2, 12, 2, 9, 6, 4, 8, 7, 6, 4, 0]","[0, 0, 6, 19, 0, 10, 33, 23, 40, 26, 21, 50]",0.36443185806274414,0.00033783912658691406,
j10,10,proactive,10,39.0,25.0,56.0,600,True,True,"[0, 4, 1, 1, 2, 6, 3, 3, 5, 2, 2, 0]","[0, 0, 8, 6, 16, 13, 24, 11, 32, 11, 27, 39]",1.4889190196990967,0.0002932548522949219,
j10,10,proactive,10,inf,30.0,100.0,600,False,True,"[0, 6, 1, 1, 2, 7, 3, 5, 5, 3, 4, 0]","[0, 0, 8, 6, 16, 13, 24, 11, 32, 11, 27, 39]",1.4889190196990967,0.00030493736267089844,
j10,10,proactive,10,39.0,31.0,25.806451612903224,600,True,True,"[0, 5, 3, 1, 3, 6, 3, 3, 6, 2, 3, 0]","[0, 0, 8, 6, 16, 13, 24, 11, 32, 11, 27, 39]",1.4889190196990967,0.00028896331787109375,
j10,10,proactive,10,40.0,32.0,25.0,600,True,True,"[0, 6, 2, 1, 5, 7, 3, 4, 8, 1, 2, 0]","[0, 0, 8, 6, 16, 13, 24, 11, 32, 11, 27, 39]",1.4889190196990967,0.0002849102020263672,
j10,10,proactive,10,40.0,32.0,25.0,600,True,True,"[0, 6, 2, 1, 4, 9, 3, 2, 8, 2, 2, 0]","[0, 0, 8, 6, 16, 13, 24, 11, 32, 11, 27, 39]",1.4889190196990967,0.000308990478515625,
j10,10,proactive,10,39.0,31.0,25.806451612903224,600,True,True,"[0, 5, 3, 1, 3, 10, 1, 5, 5, 2, 3, 0]","[0, 0, 8, 6, 16, 13, 24, 11, 32, 11, 27, 39]",1.4889190196990967,0.00028586387634277344,
j10,10,proactive,10,39.0,30.0,30.0,600,True,True,"[0, 6, 3, 1, 2, 7, 2, 4, 6, 1, 3, 0]","[0, 0, 8, 6, 16, 13, 24, 11, 32, 11, 27, 39]",1.4889190196990967,0.0002770423889160156,
j10,10,proactive,10,39.0,32.0,21.875,600,True,True,"[0, 5, 1, 1, 3, 11, 3, 5, 5, 1, 4, 0]","[0, 0, 8, 6, 16, 13, 24, 11, 32, 11, 27, 39]",1.4889190196990967,0.00030303001403808594,
j10,10,proactive,10,39.0,30.0,30.0,600,True,True,"[0, 4, 1, 1, 5, 10, 1, 2, 5, 2, 5, 0]","[0, 0, 8, 6, 16, 13, 24, 11, 32, 11, 27, 39]",1.4889190196990967,0.00030303001403808594,
j10,10,proactive,10,39.0,31.0,25.806451612903224,600,True,True,"[0, 2, 1, 1, 4, 11, 2, 3, 4, 1, 5, 0]","[0, 0, 8, 6, 16, 13, 24, 11, 32, 11, 27, 39]",1.4889190196990967,0.0002830028533935547,
j10,11,proactive,10,37.0,22.0,68.18181818181819,600,True,True,"[0, 6, 1, 2, 6, 1, 1, 3, 5, 1, 7, 0]","[0, 18, 27, 0, 29, 5, 16, 9, 32, 29, 27, 37]",0.3311631679534912,0.0003619194030761719,
j10,11,proactive,10,37.0,26.0,42.30769230769231,600,True,True,"[0, 8, 1, 2, 7, 1, 1, 6, 5, 1, 8, 0]","[0, 18, 27, 0, 29, 5, 16, 9, 32, 29, 27, 37]",0.3311631679534912,0.0003139972686767578,
j10,11,proactive,10,37.0,27.0,37.03703703703704,600,True,True,"[0, 5, 2, 4, 7, 1, 2, 5, 2, 1, 6, 0]","[0, 18, 27, 0, 29, 5, 16, 9, 32, 29, 27, 37]",0.3311631679534912,0.00029397010803222656,
j10,11,proactive,10,38.0,35.0,8.571428571428571,600,True,True,"[0, 9, 1, 5, 7, 1, 2, 4, 6, 1, 11, 0]","[0, 18, 27, 0, 29, 5, 16, 9, 32, 29, 27, 37]",0.3311631679534912,0.0003368854522705078,
j10,11,proactive,10,39.0,24.0,62.5,600,True,True,"[0, 7, 1, 2, 6, 1, 1, 6, 2, 2, 12, 0]","[0, 18, 27, 0, 29, 5, 16, 9, 32, 29, 27, 37]",0.3311631679534912,0.0003120899200439453,
j10,11,proactive,10,37.0,28.0,32.142857142857146,600,True,True,"[0, 8, 2, 2, 5, 2, 1, 7, 3, 2, 8, 0]","[0, 18, 27, 0, 29, 5, 16, 9, 32, 29, 27, 37]",0.3311631679534912,0.00037097930908203125,
j10,11,proactive,10,38.0,27.0,40.74074074074074,600,True,True,"[0, 5, 2, 3, 6, 1, 2, 4, 6, 2, 8, 0]","[0, 18, 27, 0, 29, 5, 16, 9, 32, 29, 27, 37]",0.3311631679534912,0.0003228187561035156,
j10,11,proactive,10,39.0,27.0,44.44444444444444,600,True,True,"[0, 5, 2, 4, 7, 2, 1, 6, 3, 1, 12, 0]","[0, 18, 27, 0, 29, 5, 16, 9, 32, 29, 27, 37]",0.3311631679534912,0.0003190040588378906,
j10,11,proactive,10,38.0,28.0,35.714285714285715,600,True,True,"[0, 7, 2, 5, 5, 2, 1, 4, 6, 2, 10, 0]","[0, 18, 27, 0, 29, 5, 16, 9, 32, 29, 27, 37]",0.3311631679534912,0.00033283233642578125,
j10,11,proactive,10,38.0,28.0,35.714285714285715,600,True,True,"[0, 5, 2, 5, 6, 2, 2, 5, 6, 2, 11, 0]","[0, 18, 27, 0, 29, 5, 16, 9, 32, 29, 27, 37]",0.3311631679534912,0.0003409385681152344,
j10,12,proactive,10,inf,inf,0.0,600,False,False,"[0, 5, 1, 5, 3, 2, 9, 4, 1, 6, 6, 0]",,0.0798799991607666,0.0,60.0
j10,12,proactive,10,inf,inf,0.0,600,False,False,"[0, 7, 2, 5, 3, 2, 5, 5, 1, 6, 10, 0]",,0.0798799991607666,0.0,60.0
j10,12,proactive,10,inf,inf,0.0,600,False,False,"[0, 4, 2, 5, 3, 3, 9, 4, 1, 2, 7, 0]",,0.0798799991607666,0.0,60.0
j10,12,proactive,10,inf,inf,0.0,600,False,False,"[0, 7, 2, 4, 4, 2, 7, 5, 1, 5, 10, 0]",,0.0798799991607666,0.0,60.0
j10,12,proactive,10,inf,inf,0.0,600,False,False,"[0, 8, 2, 6, 3, 4, 9, 8, 1, 5, 6, 0]",,0.0798799991607666,0.0,60.0
j10,12,proactive,10,inf,inf,0.0,600,False,False,"[0, 6, 1, 7, 3, 4, 6, 4, 1, 5, 9, 0]",,0.0798799991607666,0.0,60.0
j10,12,proactive,10,inf,inf,0.0,600,False,False,"[0, 5, 1, 5, 3, 5, 8, 6, 1, 3, 10, 0]",,0.0798799991607666,0.0,60.0
j10,12,proactive,10,inf,inf,0.0,600,False,False,"[0, 8, 1, 7, 3, 4, 6, 6, 1, 4, 10, 0]",,0.0798799991607666,0.0,60.0
j10,12,proactive,10,inf,inf,0.0,600,False,False,"[0, 5, 1, 6, 5, 5, 6, 4, 1, 6, 11, 0]",,0.0798799991607666,0.0,60.0
j10,12,proactive,10,inf,inf,0.0,600,False,False,"[0, 4, 1, 5, 4, 5, 7, 4, 1, 5, 10, 0]",,0.0798799991607666,0.0,60.0
j10,13,proactive,10,46.0,38.0,21.05263157894737,600,True,True,"[0, 2, 5, 11, 3, 1, 7, 8, 12, 8, 1, 0]","[0, 0, 0, 21, 9, 5, 22, 10, 34, 33, 9, 44]",0.32117414474487305,0.00039887428283691406,
j10,13,proactive,10,44.0,35.0,25.714285714285715,600,True,True,"[0, 3, 7, 6, 4, 1, 8, 9, 7, 6, 1, 0]","[0, 0, 0, 21, 9, 5, 22, 10, 34, 33, 9, 44]",0.32117414474487305,0.0003018379211425781,
j10,13,proactive,10,46.0,39.0,17.94871794871795,600,True,True,"[0, 1, 6, 10, 5, 1, 6, 8, 12, 10, 1, 0]","[0, 0, 0, 21, 9, 5, 22, 10, 34, 33, 9, 44]",0.32117414474487305,0.00031876564025878906,
j10,13,proactive,10,44.0,42.0,4.761904761904762,600,True,True,"[0, 3, 8, 10, 2, 1, 12, 11, 9, 11, 1, 0]","[0, 0, 0, 21, 9, 5, 22, 10, 34, 33, 9, 44]",0.32117414474487305,0.0003502368927001953,
j10,13,proactive,10,44.0,42.0,4.761904761904762,600,True,True,"[0, 1, 6, 12, 2, 1, 10, 11, 9, 10, 1, 0]","[0, 0, 0, 21, 9, 5, 22, 10, 34, 33, 9, 44]",0.32117414474487305,0.000331878662109375,
j10,13,proactive,10,45.0,37.0,21.62162162162162,600,True,True,"[0, 3, 4, 10, 4, 1, 6, 9, 11, 10, 1, 0]","[0, 0, 0, 21, 9, 5, 22, 10, 34, 33, 9, 44]",0.32117414474487305,0.0003311634063720703,
j10,13,proactive,10,45.0,37.0,21.62162162162162,600,True,True,"[0, 1, 8, 10, 6, 1, 7, 11, 11, 6, 1, 0]","[0, 0, 0, 21, 9, 5, 22, 10, 34, 33, 9, 44]",0.32117414474487305,0.00034499168395996094,
j10,13,proactive,10,44.0,38.0,15.789473684210526,600,True,True,"[0, 2, 8, 10, 2, 1, 11, 8, 10, 8, 1, 0]","[0, 0, 0, 21, 9, 5, 22, 10, 34, 33, 9, 44]",0.32117414474487305,0.0003249645233154297,
j10,13,proactive,10,44.0,38.0,15.789473684210526,600,True,True,"[0, 3, 8, 7, 6, 1, 11, 9, 6, 10, 1, 0]","[0, 0, 0, 21, 9, 5, 22, 10, 34, 33, 9, 44]",0.32117414474487305,0.0003399848937988281,
j10,13,proactive,10,45.0,36.0,25.0,600,True,True,"[0, 1, 8, 10, 6, 1, 6, 8, 11, 7, 1, 0]","[0, 0, 0, 21, 9, 5, 22, 10, 34, 33, 9, 44]",0.32117414474487305,0.00037217140197753906,
j10,14,proactive,10,inf,inf,0.0,600,False,False,"[0, 3, 6, 2, 1, 7, 6, 4, 6, 7, 4, 0]",,0.07598090171813965,0.0,60.0
j10,14,proactive,10,inf,31.0,100.0,600,False,True,"[0, 2, 8, 2, 1, 5, 6, 2, 7, 11, 2, 0]",,0.07598090171813965,0.0,60.0
j10,14,proactive,10,inf,inf,0.0,600,False,False,"[0, 3, 7, 3, 1, 6, 8, 4, 10, 9, 3, 0]",,0.07598090171813965,0.0,60.0
j10,14,proactive,10,inf,31.0,100.0,600,False,True,"[0, 1, 9, 6, 1, 4, 9, 3, 7, 9, 2, 0]",,0.07598090171813965,0.0,60.0
j10,14,proactive,10,inf,32.0,100.0,600,False,True,"[0, 1, 11, 4, 1, 4, 9, 6, 10, 9, 3, 0]",,0.07598090171813965,0.0,60.0
j10,14,proactive,10,inf,31.0,100.0,600,False,True,"[0, 2, 9, 4, 1, 3, 9, 3, 8, 6, 5, 0]",,0.07598090171813965,0.0,60.0
j10,14,proactive,10,inf,inf,0.0,600,False,False,"[0, 3, 7, 2, 1, 6, 8, 6, 8, 10, 5, 0]",,0.07598090171813965,0.0,60.0
j10,14,proactive,10,inf,31.0,100.0,600,False,True,"[0, 1, 7, 5, 1, 4, 9, 3, 6, 7, 5, 0]",,0.07598090171813965,0.0,60.0
j10,14,proactive,10,inf,inf,0.0,600,False,False,"[0, 3, 9, 2, 1, 6, 9, 5, 11, 9, 2, 0]",,0.07598090171813965,0.0,60.0
j10,14,proactive,10,inf,31.0,100.0,600,False,True,"[0, 2, 7, 6, 1, 5, 6, 3, 8, 6, 3, 0]",,0.07598090171813965,0.0,60.0
j10,15,proactive,10,45.0,41.0,9.75609756097561,600,True,True,"[0, 5, 11, 6, 11, 10, 4, 3, 7, 6, 11, 0]","[0, 0, 7, 0, 24, 0, 30, 36, 13, 36, 18, 45]",0.2934892177581787,0.0004138946533203125,
j10,15,proactive,10,45.0,30.0,50.0,600,True,True,"[0, 4, 6, 3, 8, 9, 4, 2, 11, 9, 6, 0]","[0, 0, 7, 0, 24, 0, 30, 36, 13, 36, 18, 45]",0.2934892177581787,0.0003249645233154297,
j10,15,proactive,10,46.0,40.0,15.0,600,True,True,"[0, 3, 11, 7, 6, 9, 2, 2, 10, 10, 10, 0]","[0, 0, 7, 0, 24, 0, 30, 36, 13, 36, 18, 45]",0.2934892177581787,0.0003609657287597656,
j10,15,proactive,10,45.0,35.0,28.571428571428573,600,True,True,"[0, 4, 10, 6, 6, 6, 3, 3, 10, 6, 10, 0]","[0, 0, 7, 0, 24, 0, 30, 36, 13, 36, 18, 45]",0.2934892177581787,0.0003159046173095703,
j10,15,proactive,10,47.0,35.0,34.285714285714285,600,True,True,"[0, 6, 6, 5, 6, 11, 6, 2, 11, 11, 6, 0]","[0, 0, 7, 0, 24, 0, 30, 36, 13, 36, 18, 45]",0.2934892177581787,0.0003597736358642578,
j10,15,proactive,10,45.0,37.0,21.62162162162162,600,True,True,"[0, 3, 8, 7, 9, 6, 3, 2, 8, 9, 10, 0]","[0, 0, 7, 0, 24, 0, 30, 36, 13, 36, 18, 45]",0.2934892177581787,0.00035500526428222656,
j10,15,proactive,10,47.0,39.0,20.512820512820515,600,True,True,"[0, 2, 7, 7, 7, 11, 3, 2, 10, 11, 11, 0]","[0, 0, 7, 0, 24, 0, 30, 36, 13, 36, 18, 45]",0.2934892177581787,0.0003631114959716797,
j10,15,proactive,10,45.0,33.0,36.36363636363637,600,True,True,"[0, 2, 8, 4, 8, 11, 4, 2, 11, 7, 7, 0]","[0, 0, 7, 0, 24, 0, 30, 36, 13, 36, 18, 45]",0.2934892177581787,0.0003330707550048828,
j10,15,proactive,10,47.0,37.0,27.027027027027028,600,True,True,"[0, 2, 8, 5, 6, 9, 4, 1, 6, 11, 9, 0]","[0, 0, 7, 0, 24, 0, 30, 36, 13, 36, 18, 45]",0.2934892177581787,0.0003402233123779297,
j10,15,proactive,10,45.0,34.0,32.35294117647059,600,True,True,"[0, 3, 10, 3, 6, 10, 3, 3, 10, 6, 10, 0]","[0, 0, 7, 0, 24, 0, 30, 36, 13, 36, 18, 45]",0.2934892177581787,0.0003371238708496094,
j10,16,proactive,10,32.0,26.0,23.076923076923077,600,True,True,"[0, 7, 1, 7, 1, 5, 2, 9, 1, 2, 1, 0]","[0, 0, 12, 7, 0, 5, 14, 22, 14, 5, 20, 32]",0.6959152221679688,0.0003566741943359375,
j10,16,proactive,10,32.0,30.0,6.666666666666667,600,True,True,"[0, 6, 2, 6, 1, 5, 5, 10, 2, 1, 2, 0]","[0, 0, 12, 7, 0, 5, 14, 22, 14, 5, 20, 32]",0.6959152221679688,0.00030517578125,
j10,16,proactive,10,32.0,25.0,28.0,600,True,True,"[0, 5, 2, 6, 1, 7, 2, 8, 3, 1, 1, 0]","[0, 0, 12, 7, 0, 5, 14, 22, 14, 5, 20, 32]",0.6959152221679688,0.0003058910369873047,
j10,16,proactive,10,32.0,25.0,28.0,600,True,True,"[0, 7, 2, 7, 1, 6, 2, 6, 2, 2, 1, 0]","[0, 0, 12, 7, 0, 5, 14, 22, 14, 5, 20, 32]",0.6959152221679688,0.0002541542053222656,
j10,16,proactive,10,32.0,28.0,14.285714285714286,600,True,True,"[0, 4, 1, 8, 1, 5, 3, 10, 1, 2, 2, 0]","[0, 0, 12, 7, 0, 5, 14, 22, 14, 5, 20, 32]",0.6959152221679688,0.0003120899200439453,
j10,16,proactive,10,32.0,27.0,18.51851851851852,600,True,True,"[0, 7, 2, 4, 1, 4, 5, 6, 3, 3, 2, 0]","[0, 0, 12, 7, 0, 5, 14, 22, 14, 5, 20, 32]",0.6959152221679688,0.000286102294921875,
j10,16,proactive,10,32.0,25.0,28.0,600,True,True,"[0, 6, 1, 7, 1, 5, 3, 6, 3, 1, 1, 0]","[0, 0, 12, 7, 0, 5, 14, 22, 14, 5, 20, 32]",0.6959152221679688,0.00026488304138183594,
j10,16,proactive,10,32.0,30.0,6.666666666666667,600,True,True,"[0, 6, 1, 7, 1, 7, 6, 9, 3, 3, 2, 0]","[0, 0, 12, 7, 0, 5, 14, 22, 14, 5, 20, 32]",0.6959152221679688,0.0002970695495605469,
j10,16,proactive,10,inf,25.0,100.0,600,False,True,"[0, 8, 1, 5, 1, 4, 2, 8, 3, 2, 1, 0]","[0, 0, 12, 7, 0, 5, 14, 22, 14, 5, 20, 32]",0.6959152221679688,0.0002791881561279297,
j10,16,proactive,10,33.0,30.0,10.0,600,True,True,"[0, 5, 1, 7, 1, 6, 4, 11, 1, 3, 2, 0]","[0, 0, 12, 7, 0, 5, 14, 22, 14, 5, 20, 32]",0.6959152221679688,0.0003590583801269531,
j10,17,proactive,10,inf,inf,0.0,600,False,False,"[0, 5, 7, 5, 10, 2, 3, 6, 5, 3, 2, 0]",,0.0752401351928711,0.0,60.0
j10,17,proactive,10,inf,inf,0.0,600,False,False,"[0, 8, 5, 2, 11, 1, 6, 7, 8, 3, 3, 0]",,0.0752401351928711,0.0,60.0
j10,17,proactive,10,inf,inf,0.0,600,False,False,"[0, 6, 5, 2, 10, 1, 3, 9, 7, 1, 2, 0]",,0.0752401351928711,0.0,60.0
j10,17,proactive,10,inf,inf,0.0,600,False,False,"[0, 5, 4, 5, 6, 1, 7, 8, 8, 2, 3, 0]",,0.0752401351928711,0.0,60.0
j10,17,proactive,10,inf,inf,0.0,600,False,False,"[0, 8, 6, 6, 8, 1, 6, 8, 6, 1, 1, 0]",,0.0752401351928711,0.0,60.0
j10,17,proactive,10,inf,inf,0.0,600,False,False,"[0, 8, 6, 5, 10, 2, 3, 9, 5, 2, 1, 0]",,0.0752401351928711,0.0,60.0
j10,17,proactive,10,inf,inf,0.0,600,False,False,"[0, 5, 4, 6, 11, 2, 6, 11, 9, 1, 1, 0]",,0.0752401351928711,0.0,60.0
j10,17,proactive,10,inf,inf,0.0,600,False,False,"[0, 5, 3, 3, 11, 1, 6, 8, 8, 3, 1, 0]",,0.0752401351928711,0.0,60.0
j10,17,proactive,10,inf,inf,0.0,600,False,False,"[0, 5, 3, 6, 9, 2, 5, 9, 9, 2, 3, 0]",,0.0752401351928711,0.0,60.0
j10,17,proactive,10,inf,inf,0.0,600,False,False,"[0, 5, 6, 5, 7, 2, 5, 8, 8, 2, 1, 0]",,0.0752401351928711,0.0,60.0
j10,18,proactive,10,28.0,27.0,3.7037037037037037,600,True,True,"[0, 6, 10, 3, 10, 5, 1, 1, 2, 1, 4, 0]","[0, 0, 7, 11, 0, 14, 24, 18, 18, 26, 23, 28]",0.14135408401489258,0.0003540515899658203,
j10,18,proactive,10,29.0,28.0,3.5714285714285716,600,True,True,"[0, 7, 9, 2, 11, 7, 2, 3, 3, 1, 6, 0]","[0, 0, 7, 11, 0, 14, 24, 18, 18, 26, 23, 28]",0.14135408401489258,0.00031304359436035156,
j10,18,proactive,10,28.0,28.0,0.0,600,True,True,"[0, 4, 11, 3, 11, 9, 1, 3, 5, 1, 5, 0]","[0, 0, 7, 11, 0, 14, 24, 18, 18, 26, 23, 28]",0.14135408401489258,0.00029206275939941406,
j10,18,proactive,10,29.0,27.0,7.407407407407407,600,True,True,"[0, 7, 10, 1, 7, 9, 2, 1, 3, 1, 6, 0]","[0, 0, 7, 11, 0, 14, 24, 18, 18, 26, 23, 28]",0.14135408401489258,0.0003101825714111328,
j10,18,proactive,10,28.0,26.0,7.6923076923076925,600,True,True,"[0, 5, 8, 1, 11, 5, 2, 1, 4, 1, 4, 0]","[0, 0, 7, 11, 0, 14, 24, 18, 18, 26, 23, 28]",0.14135408401489258,0.0002970695495605469,
j10,18,proactive,10,28.0,26.0,7.6923076923076925,600,True,True,"[0, 6, 10, 1, 9, 5, 1, 3, 4, 1, 4, 0]","[0, 0, 7, 11, 0, 14, 24, 18, 18, 26, 23, 28]",0.14135408401489258,0.00030732154846191406,
j10,18,proactive,10,28.0,26.0,7.6923076923076925,600,True,True,"[0, 6, 8, 2, 6, 6, 2, 2, 2, 1, 3, 0]","[0, 0, 7, 11, 0, 14, 24, 18, 18, 26, 23, 28]",0.14135408401489258,0.0002880096435546875,
j10,18,proactive,10,inf,28.0,100.0,600,False,True,"[0, 8, 10, 1, 12, 7, 2, 3, 3, 1, 5, 0]","[0, 0, 7, 11, 0, 14, 24, 18, 18, 26, 23, 28]",0.14135408401489258,0.0003330707550048828,
j10,18,proactive,10,29.0,28.0,3.5714285714285716,600,True,True,"[0, 4, 8, 3, 10, 5, 1, 3, 3, 1, 6, 0]","[0, 0, 7, 11, 0, 14, 24, 18, 18, 26, 23, 28]",0.14135408401489258,0.0003027915954589844,
j10,18,proactive,10,inf,27.0,100.0,600,False,True,"[0, 8, 6, 2, 6, 7, 1, 1, 3, 1, 3, 0]","[0, 0, 7, 11, 0, 14, 24, 18, 18, 26, 23, 28]",0.14135408401489258,0.00028586387634277344,
j10,19,proactive,10,30.0,27.0,11.11111111111111,600,True,True,"[0, 3, 6, 4, 1, 1, 4, 7, 12, 2, 2, 0]","[0, 0, 0, 7, 0, 17, 12, 22, 2, 20, 15, 30]",0.3539149761199951,0.00037217140197753906,
j10,19,proactive,10,30.0,29.0,3.4482758620689653,600,True,True,"[0, 5, 2, 4, 1, 2, 3, 6, 6, 2, 5, 0]","[0, 0, 0, 7, 0, 17, 12, 22, 2, 20, 15, 30]",0.3539149761199951,0.00030112266540527344,
j10,19,proactive,10,31.0,31.0,0.0,600,True,True,"[0, 3, 3, 3, 1, 3, 5, 9, 12, 2, 5, 0]","[0, 0, 0, 7, 0, 17, 12, 22, 2, 20, 15, 30]",0.3539149761199951,0.00034999847412109375,
j10,19,proactive,10,30.0,28.0,7.142857142857143,600,True,True,"[0, 7, 2, 4, 1, 2, 4, 8, 12, 2, 2, 0]","[0, 0, 0, 7, 0, 17, 12, 22, 2, 20, 15, 30]",0.3539149761199951,0.00031375885009765625,
j10,19,proactive,10,30.0,27.0,11.11111111111111,600,True,True,"[0, 6, 5, 4, 1, 3, 2, 7, 12, 2, 2, 0]","[0, 0, 0, 7, 0, 17, 12, 22, 2, 20, 15, 30]",0.3539149761199951,0.00033473968505859375,
j10,19,proactive,10,31.0,30.0,3.3333333333333335,600,True,True,"[0, 5, 3, 5, 1, 2, 5, 9, 12, 2, 4, 0]","[0, 0, 0, 7, 0, 17, 12, 22, 2, 20, 15, 30]",0.3539149761199951,0.0003399848937988281,
j10,19,proactive,10,31.0,31.0,0.0,600,True,True,"[0, 3, 2, 4, 1, 3, 4, 9, 6, 2, 5, 0]","[0, 0, 0, 7, 0, 17, 12, 22, 2, 20, 15, 30]",0.3539149761199951,0.00030422210693359375,
j10,19,proactive,10,30.0,27.0,11.11111111111111,600,True,True,"[0, 5, 5, 3, 1, 3, 2, 6, 12, 2, 2, 0]","[0, 0, 0, 7, 0, 17, 12, 22, 2, 20, 15, 30]",0.3539149761199951,0.0003058910369873047,
j10,19,proactive,10,31.0,28.0,10.714285714285714,600,True,True,"[0, 7, 6, 2, 1, 1, 3, 9, 8, 2, 4, 0]","[0, 0, 0, 7, 0, 17, 12, 22, 2, 20, 15, 30]",0.3539149761199951,0.0003151893615722656,
j10,19,proactive,10,31.0,27.0,14.814814814814815,600,True,True,"[0, 7, 2, 5, 1, 1, 3, 9, 12, 1, 2, 0]","[0, 0, 0, 7, 0, 17, 12, 22, 2, 20, 15, 30]",0.3539149761199951,0.0003070831298828125,
j10,20,proactive,10,45.0,32.0,40.625,600,True,True,"[0, 6, 3, 1, 7, 6, 10, 6, 8, 5, 7, 0]","[0, 5, 0, 0, 6, 0, 18, 18, 15, 29, 36, 45]",1.0579767227172852,0.00039196014404296875,
j10,20,proactive,10,45.0,32.0,40.625,600,True,True,"[0, 9, 2, 1, 7, 3, 6, 7, 10, 4, 6, 0]","[0, 5, 0, 0, 6, 0, 18, 18, 15, 29, 36, 45]",1.0579767227172852,0.0003218650817871094,
j10,20,proactive,10,45.0,38.0,18.42105263157895,600,True,True,"[0, 12, 4, 1, 7, 4, 6, 9, 12, 4, 7, 0]","[0, 5, 0, 0, 6, 0, 18, 18, 15, 29, 36, 45]",1.0579767227172852,0.0003719329833984375,
j10,20,proactive,10,inf,40.0,100.0,600,False,True,"[0, 6, 5, 2, 12, 4, 7, 12, 11, 7, 10, 0]","[0, 5, 0, 0, 6, 0, 18, 18, 15, 29, 36, 45]",1.0579767227172852,0.0004076957702636719,
j10,20,proactive,10,47.0,39.0,20.512820512820515,600,True,True,"[0, 8, 3, 1, 6, 5, 7, 8, 10, 7, 11, 0]","[0, 5, 0, 0, 6, 0, 18, 18, 15, 29, 36, 45]",1.0579767227172852,0.0003800392150878906,
j10,20,proactive,10,45.0,36.0,25.0,600,True,True,"[0, 11, 5, 2, 12, 2, 9, 8, 7, 4, 6, 0]","[0, 5, 0, 0, 6, 0, 18, 18, 15, 29, 36, 45]",1.0579767227172852,0.0003609657287597656,
j10,20,proactive,10,45.0,33.0,36.36363636363637,600,True,True,"[0, 8, 2, 2, 6, 2, 8, 10, 12, 4, 6, 0]","[0, 5, 0, 0, 6, 0, 18, 18, 15, 29, 36, 45]",1.0579767227172852,0.00034999847412109375,
j10,20,proactive,10,45.0,36.0,25.0,600,True,True,"[0, 11, 4, 1, 12, 5, 11, 7, 8, 5, 8, 0]","[0, 5, 0, 0, 6, 0, 18, 18, 15, 29, 36, 45]",1.0579767227172852,0.00039076805114746094,
j10,20,proactive,10,45.0,36.0,25.0,600,True,True,"[0, 9, 4, 1, 9, 5, 10, 10, 11, 4, 6, 0]","[0, 5, 0, 0, 6, 0, 18, 18, 15, 29, 36, 45]",1.0579767227172852,0.0003619194030761719,
j10,20,proactive,10,45.0,37.0,21.62162162162162,600,True,True,"[0, 12, 4, 1, 6, 3, 9, 9, 10, 3, 8, 0]","[0, 5, 0, 0, 6, 0, 18, 18, 15, 29, 36, 45]",1.0579767227172852,0.0003681182861328125,
j10,21,proactive,10,39.0,39.0,0.0,600,True,True,"[0, 3, 7, 5, 2, 2, 5, 11, 6, 3, 5, 0]","[0, 0, 0, 0, 14, 8, 15, 21, 32, 17, 14, 39]",0.13178420066833496,0.00038909912109375,
j10,21,proactive,10,39.0,39.0,0.0,600,True,True,"[0, 5, 6, 2, 2, 3, 4, 11, 5, 1, 6, 0]","[0, 0, 0, 0, 14, 8, 15, 21, 32, 17, 14, 39]",0.13178420066833496,0.00031280517578125,
j10,21,proactive,10,40.0,38.0,5.2631578947368425,600,True,True,"[0, 3, 7, 4, 1, 1, 2, 9, 8, 3, 5, 0]","[0, 0, 0, 0, 14, 8, 15, 21, 32, 17, 14, 39]",0.13178420066833496,0.00032591819763183594,
j10,21,proactive,10,39.0,30.0,30.0,600,True,True,"[0, 7, 4, 2, 2, 3, 2, 8, 5, 2, 4, 0]","[0, 0, 0, 0, 14, 8, 15, 21, 32, 17, 14, 39]",0.13178420066833496,0.00030112266540527344,
j10,21,proactive,10,39.0,37.0,5.405405405405405,600,True,True,"[0, 5, 5, 2, 3, 2, 2, 9, 7, 3, 5, 0]","[0, 0, 0, 0, 14, 8, 15, 21, 32, 17, 14, 39]",0.13178420066833496,0.0002968311309814453,
j10,21,proactive,10,40.0,40.0,0.0,600,True,True,"[0, 4, 5, 2, 1, 3, 3, 11, 8, 1, 5, 0]","[0, 0, 0, 0, 14, 8, 15, 21, 32, 17, 14, 39]",0.13178420066833496,0.00030493736267089844,
j10,21,proactive,10,39.0,30.0,30.0,600,True,True,"[0, 5, 4, 3, 3, 2, 5, 7, 6, 1, 5, 0]","[0, 0, 0, 0, 14, 8, 15, 21, 32, 17, 14, 39]",0.13178420066833496,0.00030684471130371094,
j10,21,proactive,10,39.0,32.0,21.875,600,True,True,"[0, 3, 7, 6, 3, 1, 3, 10, 4, 2, 5, 0]","[0, 0, 0, 0, 14, 8, 15, 21, 32, 17, 14, 39]",0.13178420066833496,0.0003173351287841797,
j10,21,proactive,10,40.0,39.0,2.5641025641025643,600,True,True,"[0, 5, 7, 3, 1, 3, 4, 10, 8, 1, 6, 0]","[0, 0, 0, 0, 14, 8, 15, 21, 32, 17, 14, 39]",0.13178420066833496,0.00032782554626464844,
j10,21,proactive,10,39.0,37.0,5.405405405405405,600,True,True,"[0, 5, 7, 2, 1, 3, 4, 9, 5, 3, 6, 0]","[0, 0, 0, 0, 14, 8, 15, 21, 32, 17, 14, 39]",0.13178420066833496,0.00037932395935058594,
j10,22,proactive,10,39.0,29.0,34.48275862068966,600,True,True,"[0, 2, 1, 4, 7, 1, 1, 2, 3, 5, 3, 0]","[0, 1, 0, 15, 0, 7, 15, 20, 9, 13, 33, 39]",0.19828200340270996,0.000308990478515625,
j10,22,proactive,10,39.0,29.0,34.48275862068966,600,True,True,"[0, 1, 1, 5, 6, 2, 1, 2, 3, 9, 5, 0]","[0, 1, 0, 15, 0, 7, 15, 20, 9, 13, 33, 39]",0.19828200340270996,0.00030493736267089844,
j10,22,proactive,10,39.0,29.0,34.48275862068966,600,True,True,"[0, 2, 1, 4, 6, 2, 1, 2, 4, 8, 6, 0]","[0, 1, 0, 15, 0, 7, 15, 20, 9, 13, 33, 39]",0.19828200340270996,0.0003032684326171875,
j10,22,proactive,10,39.0,39.0,0.0,600,True,True,"[0, 2, 1, 8, 7, 2, 1, 1, 6, 5, 4, 0]","[0, 1, 0, 15, 0, 7, 15, 20, 9, 13, 33, 39]",0.19828200340270996,0.00031280517578125,
j10,22,proactive,10,39.0,38.0,2.6315789473684212,600,True,True,"[0, 2, 1, 8, 9, 1, 1, 1, 5, 7, 4, 0]","[0, 1, 0, 15, 0, 7, 15, 20, 9, 13, 33, 39]",0.19828200340270996,0.00030517578125,
j10,22,proactive,10,inf,37.0,100.0,600,False,True,"[0, 1, 1, 8, 5, 1, 1, 1, 4, 9, 5, 0]","[0, 1, 0, 15, 0, 7, 15, 20, 9, 13, 33, 39]",0.19828200340270996,0.00031304359436035156,
j10,22,proactive,10,39.0,35.0,11.428571428571429,600,True,True,"[0, 1, 1, 6, 6, 2, 1, 2, 2, 7, 6, 0]","[0, 1, 0, 15, 0, 7, 15, 20, 9, 13, 33, 39]",0.19828200340270996,0.0002868175506591797,
j10,22,proactive,10,40.0,30.0,33.333333333333336,600,True,True,"[0, 1, 1, 5, 9, 1, 1, 2, 3, 6, 7, 0]","[0, 1, 0, 15, 0, 7, 15, 20, 9, 13, 33, 39]",0.19828200340270996,0.00030303001403808594,
j10,22,proactive,10,inf,39.0,100.0,600,False,True,"[0, 1, 1, 7, 9, 2, 1, 2, 5, 9, 7, 0]","[0, 1, 0, 15, 0, 7, 15, 20, 9, 13, 33, 39]",0.19828200340270996,0.0003268718719482422,
j10,22,proactive,10,39.0,39.0,0.0,600,True,True,"[0, 1, 1, 6, 8, 2, 1, 1, 6, 5, 6, 0]","[0, 1, 0, 15, 0, 7, 15, 20, 9, 13, 33, 39]",0.19828200340270996,0.00030612945556640625,
j10,23,proactive,10,34.0,34.0,0.0,600,True,True,"[0, 6, 1, 9, 5, 1, 8, 4, 2, 6, 7, 0]","[0, 0, 0, 0, 2, 9, 17, 9, 29, 7, 12, 34]",0.09726500511169434,0.00037407875061035156,
j10,23,proactive,10,34.0,34.0,0.0,600,True,True,"[0, 5, 2, 7, 4, 1, 7, 7, 2, 6, 6, 0]","[0, 0, 0, 0, 2, 9, 17, 9, 29, 7, 12, 34]",0.09726500511169434,0.000331878662109375,
j10,23,proactive,10,34.0,34.0,0.0,600,True,True,"[0, 5, 1, 11, 7, 2, 11, 6, 2, 6, 5, 0]","[0, 0, 0, 0, 2, 9, 17, 9, 29, 7, 12, 34]",0.09726500511169434,0.00034308433532714844,
j10,23,proactive,10,inf,inf,0.0,600,False,False,"[0, 7, 2, 12, 8, 2, 9, 4, 6, 4, 6, 0]","[0, 0, 0, 0, 2, 9, 17, 9, 29, 7, 12, 34]",0.09726500511169434,0.00039505958557128906,
j10,23,proactive,10,34.0,34.0,0.0,600,True,True,"[0, 5, 1, 10, 5, 1, 9, 6, 3, 4, 9, 0]","[0, 0, 0, 0, 2, 9, 17, 9, 29, 7, 12, 34]",0.09726500511169434,0.000392913818359375,
j10,23,proactive,10,34.0,34.0,0.0,600,True,True,"[0, 7, 2, 8, 7, 2, 9, 4, 4, 3, 6, 0]","[0, 0, 0, 0, 2, 9, 17, 9, 29, 7, 12, 34]",0.09726500511169434,0.00034308433532714844,
j10,23,proactive,10,34.0,34.0,0.0,600,True,True,"[0, 6, 2, 10, 5, 1, 11, 5, 2, 5, 9, 0]","[0, 0, 0, 0, 2, 9, 17, 9, 29, 7, 12, 34]",0.09726500511169434,0.0003619194030761719,
j10,23,proactive,10,34.0,34.0,0.0,600,True,True,"[0, 4, 1, 9, 4, 3, 10, 4, 5, 5, 5, 0]","[0, 0, 0, 0, 2, 9, 17, 9, 29, 7, 12, 34]",0.09726500511169434,0.00032591819763183594,
j10,23,proactive,10,inf,inf,0.0,600,False,False,"[0, 4, 2, 10, 8, 2, 10, 4, 3, 5, 7, 0]","[0, 0, 0, 0, 2, 9, 17, 9, 29, 7, 12, 34]",0.09726500511169434,0.0003402233123779297,
j10,23,proactive,10,34.0,34.0,0.0,600,True,True,"[0, 8, 2, 7, 6, 2, 8, 3, 3, 6, 8, 0]","[0, 0, 0, 0, 2, 9, 17, 9, 29, 7, 12, 34]",0.09726500511169434,0.0004169940948486328,
j10,24,proactive,10,33.0,33.0,0.0,600,True,True,"[0, 1, 1, 1, 3, 7, 2, 1, 1, 8, 8, 0]","[0, 0, 0, 0, 0, 9, 9, 2, 3, 14, 25, 33]",0.08775591850280762,0.0003819465637207031,
j10,24,proactive,10,33.0,33.0,0.0,600,True,True,"[0, 1, 3, 1, 3, 11, 2, 1, 1, 8, 5, 0]","[0, 0, 0, 0, 0, 9, 9, 2, 3, 14, 25, 33]",0.08775591850280762,0.00031495094299316406,
j10,24,proactive,10,33.0,33.0,0.0,600,True,True,"[0, 2, 3, 1, 5, 11, 2, 1, 1, 5, 7, 0]","[0, 0, 0, 0, 0, 9, 9, 2, 3, 14, 25, 33]",0.08775591850280762,0.0002980232238769531,
j10,24,proactive,10,33.0,33.0,0.0,600,True,True,"[0, 2, 1, 1, 5, 9, 1, 1, 1, 6, 8, 0]","[0, 0, 0, 0, 0, 9, 9, 2, 3, 14, 25, 33]",0.08775591850280762,0.00028228759765625,
j10,24,proactive,10,33.0,33.0,0.0,600,True,True,"[0, 1, 3, 1, 3, 7, 1, 1, 1, 7, 8, 0]","[0, 0, 0, 0, 0, 9, 9, 2, 3, 14, 25, 33]",0.08775591850280762,0.0002899169921875,
j10,24,proactive,10,34.0,34.0,0.0,600,True,True,"[0, 2, 3, 1, 5, 8, 2, 1, 1, 6, 9, 0]","[0, 0, 0, 0, 0, 9, 9, 2, 3, 14, 25, 33]",0.08775591850280762,0.00031113624572753906,
j10,24,proactive,10,33.0,33.0,0.0,600,True,True,"[0, 2, 3, 1, 4, 6, 2, 1, 1, 8, 8, 0]","[0, 0, 0, 0, 0, 9, 9, 2, 3, 14, 25, 33]",0.08775591850280762,0.0002949237823486328,
j10,24,proactive,10,33.0,33.0,0.0,600,True,True,"[0, 2, 3, 1, 5, 11, 2, 1, 1, 8, 8, 0]","[0, 0, 0, 0, 0, 9, 9, 2, 3, 14, 25, 33]",0.08775591850280762,0.0003421306610107422,
j10,24,proactive,10,33.0,33.0,0.0,600,True,True,"[0, 2, 1, 1, 3, 11, 1, 1, 1, 6, 7, 0]","[0, 0, 0, 0, 0, 9, 9, 2, 3, 14, 25, 33]",0.08775591850280762,0.00028896331787109375,
j10,24,proactive,10,33.0,33.0,0.0,600,True,True,"[0, 2, 3, 1, 7, 9, 1, 1, 1, 6, 6, 0]","[0, 0, 0, 0, 0, 9, 9, 2, 3, 14, 25, 33]",0.08775591850280762,0.0002810955047607422,
j10,25,proactive,10,45.0,40.0,12.5,600,True,True,"[0, 12, 1, 5, 1, 1, 10, 11, 5, 1, 2, 0]","[0, 0, 7, 0, 8, 11, 24, 12, 36, 17, 42, 45]",0.2572970390319824,0.00037598609924316406,
j10,25,proactive,10,45.0,38.0,18.42105263157895,600,True,True,"[0, 8, 1, 7, 2, 1, 11, 9, 3, 3, 1, 0]","[0, 0, 7, 0, 8, 11, 24, 12, 36, 17, 42, 45]",0.2572970390319824,0.0003180503845214844,
j10,25,proactive,10,45.0,38.0,18.42105263157895,600,True,True,"[0, 11, 1, 6, 1, 1, 11, 8, 6, 3, 1, 0]","[0, 0, 7, 0, 8, 11, 24, 12, 36, 17, 42, 45]",0.2572970390319824,0.00031113624572753906,
j10,25,proactive,10,45.0,36.0,25.0,600,True,True,"[0, 11, 1, 5, 2, 2, 7, 6, 6, 2, 2, 0]","[0, 0, 7, 0, 8, 11, 24, 12, 36, 17, 42, 45]",0.2572970390319824,0.0003063678741455078,
j10,25,proactive,10,45.0,35.0,28.571428571428573,600,True,True,"[0, 12, 1, 6, 3, 2, 11, 7, 2, 2, 2, 0]","[0, 0, 7, 0, 8, 11, 24, 12, 36, 17, 42, 45]",0.2572970390319824,0.00030803680419921875,
j10,25,proactive,10,45.0,39.0,15.384615384615385,600,True,True,"[0, 7, 1, 5, 1, 2, 11, 9, 6, 1, 1, 0]","[0, 0, 7, 0, 8, 11, 24, 12, 36, 17, 42, 45]",0.2572970390319824,0.00035190582275390625,
j10,25,proactive,10,45.0,36.0,25.0,600,True,True,"[0, 11, 1, 7, 3, 2, 8, 6, 6, 3, 1, 0]","[0, 0, 7, 0, 8, 11, 24, 12, 36, 17, 42, 45]",0.2572970390319824,0.00033473968505859375,
j10,25,proactive,10,45.0,36.0,25.0,600,True,True,"[0, 7, 1, 6, 3, 1, 8, 10, 3, 3, 3, 0]","[0, 0, 7, 0, 8, 11, 24, 12, 36, 17, 42, 45]",0.2572970390319824,0.0003151893615722656,
j10,25,proactive,10,45.0,39.0,15.384615384615385,600,True,True,"[0, 6, 1, 4, 3, 2, 12, 10, 2, 1, 3, 0]","[0, 0, 7, 0, 8, 11, 24, 12, 36, 17, 42, 45]",0.2572970390319824,0.00030493736267089844,
j10,25,proactive,10,45.0,37.0,21.62162162162162,600,True,True,"[0, 8, 1, 4, 1, 1, 8, 11, 3, 1, 2, 0]","[0, 0, 7, 0, 8, 11, 24, 12, 36, 17, 42, 45]",0.2572970390319824,0.0002949237823486328,
j10,26,proactive,10,inf,inf,0.0,600,False,False,"[0, 1, 4, 4, 9, 2, 2, 4, 5, 8, 3, 0]",,0.33658814430236816,0.0,60.0
j10,26,proactive,10,inf,inf,0.0,600,False,False,"[0, 2, 4, 4, 7, 3, 3, 3, 4, 11, 5, 0]",,0.33658814430236816,0.0,60.0
j10,26,proactive,10,inf,inf,0.0,600,False,False,"[0, 2, 2, 4, 7, 3, 6, 5, 4, 9, 5, 0]",,0.33658814430236816,0.0,60.0
j10,26,proactive,10,inf,inf,0.0,600,False,False,"[0, 1, 3, 5, 5, 2, 3, 2, 6, 7, 2, 0]",,0.33658814430236816,0.0,60.0
j10,26,proactive,10,inf,inf,0.0,600,False,False,"[0, 3, 2, 3, 8, 1, 6, 4, 4, 7, 5, 0]",,0.33658814430236816,0.0,60.0
j10,26,proactive,10,inf,inf,0.0,600,False,False,"[0, 3, 5, 4, 9, 2, 3, 3, 4, 6, 2, 0]",,0.33658814430236816,0.0,60.0
j10,26,proactive,10,inf,inf,0.0,600,False,False,"[0, 3, 3, 2, 8, 2, 4, 4, 7, 8, 2, 0]",,0.33658814430236816,0.0,60.0
j10,26,proactive,10,inf,inf,0.0,600,False,False,"[0, 2, 2, 2, 7, 2, 2, 3, 6, 9, 5, 0]",,0.33658814430236816,0.0,60.0
j10,26,proactive,10,inf,inf,0.0,600,False,False,"[0, 3, 5, 2, 9, 3, 2, 4, 4, 6, 2, 0]",,0.33658814430236816,0.0,60.0
j10,26,proactive,10,inf,inf,0.0,600,False,False,"[0, 2, 4, 5, 7, 1, 6, 5, 3, 10, 4, 0]",,0.33658814430236816,0.0,60.0
j10,27,proactive,10,inf,inf,0.0,600,False,False,"[0, 6, 6, 6, 3, 3, 7, 1, 10, 2, 6, 0]",,0.07874107360839844,0.0,60.0
j10,27,proactive,10,inf,inf,0.0,600,False,False,"[0, 2, 8, 7, 1, 3, 7, 1, 7, 2, 5, 0]",,0.07874107360839844,0.0,60.0
j10,27,proactive,10,inf,inf,0.0,600,False,False,"[0, 5, 7, 7, 2, 4, 7, 1, 7, 1, 4, 0]",,0.07874107360839844,0.0,60.0
j10,27,proactive,10,inf,inf,0.0,600,False,False,"[0, 4, 12, 4, 3, 2, 6, 1, 11, 2, 5, 0]",,0.07874107360839844,0.0,60.0
j10,27,proactive,10,inf,inf,0.0,600,False,False,"[0, 4, 10, 4, 2, 6, 8, 1, 7, 2, 5, 0]",,0.07874107360839844,0.0,60.0
j10,27,proactive,10,inf,inf,0.0,600,False,False,"[0, 4, 6, 6, 3, 4, 6, 1, 9, 1, 5, 0]",,0.07874107360839844,0.0,60.0
j10,27,proactive,10,inf,inf,0.0,600,False,False,"[0, 2, 8, 4, 3, 2, 9, 1, 10, 2, 6, 0]",,0.07874107360839844,0.0,60.0
j10,27,proactive,10,inf,inf,0.0,600,False,False,"[0, 6, 11, 3, 2, 2, 9, 1, 7, 2, 8, 0]",,0.07874107360839844,0.0,60.0
j10,27,proactive,10,inf,inf,0.0,600,False,False,"[0, 4, 7, 3, 1, 3, 9, 1, 10, 2, 6, 0]",,0.07874107360839844,0.0,60.0
j10,27,proactive,10,inf,inf,0.0,600,False,False,"[0, 6, 9, 3, 3, 5, 6, 1, 12, 2, 5, 0]",,0.07874107360839844,0.0,60.0
j10,28,proactive,10,34.0,33.0,3.0303030303030303,600,True,True,"[0, 1, 11, 5, 4, 3, 5, 7, 12, 2, 5, 0]","[0, 3, 0, 0, 7, 0, 7, 25, 21, 11, 20, 34]",0.17274093627929688,0.000457763671875,
j10,28,proactive,10,35.0,34.0,2.9411764705882355,600,True,True,"[0, 1, 9, 7, 3, 3, 4, 10, 6, 2, 4, 0]","[0, 3, 0, 0, 7, 0, 7, 25, 21, 11, 20, 34]",0.17274093627929688,0.0003399848937988281,
j10,28,proactive,10,35.0,33.0,6.0606060606060606,600,True,True,"[0, 1, 11, 6, 3, 3, 3, 10, 11, 1, 3, 0]","[0, 3, 0, 0, 7, 0, 7, 25, 21, 11, 20, 34]",0.17274093627929688,0.0003230571746826172,
j10,28,proactive,10,36.0,35.0,2.857142857142857,600,True,True,"[0, 1, 7, 5, 7, 1, 4, 11, 8, 2, 4, 0]","[0, 3, 0, 0, 7, 0, 7, 25, 21, 11, 20, 34]",0.17274093627929688,0.0003218650817871094,
j10,28,proactive,10,34.0,34.0,0.0,600,True,True,"[0, 1, 9, 7, 7, 1, 5, 8, 8, 1, 5, 0]","[0, 3, 0, 0, 7, 0, 7, 25, 21, 11, 20, 34]",0.17274093627929688,0.00033092498779296875,
j10,28,proactive,10,34.0,31.0,9.67741935483871,600,True,True,"[0, 1, 10, 3, 3, 2, 4, 6, 10, 1, 2, 0]","[0, 3, 0, 0, 7, 0, 7, 25, 21, 11, 20, 34]",0.17274093627929688,0.00030493736267089844,
j10,28,proactive,10,36.0,36.0,0.0,600,True,True,"[0, 1, 9, 4, 7, 1, 3, 11, 9, 1, 5, 0]","[0, 3, 0, 0, 7, 0, 7, 25, 21, 11, 20, 34]",0.17274093627929688,0.0003440380096435547,
j10,28,proactive,10,34.0,31.0,9.67741935483871,600,True,True,"[0, 1, 8, 6, 5, 3, 5, 6, 8, 1, 2, 0]","[0, 3, 0, 0, 7, 0, 7, 25, 21, 11, 20, 34]",0.17274093627929688,0.00031185150146484375,
j10,28,proactive,10,36.0,35.0,2.857142857142857,600,True,True,"[0, 1, 11, 3, 5, 1, 2, 11, 11, 2, 4, 0]","[0, 3, 0, 0, 7, 0, 7, 25, 21, 11, 20, 34]",0.17274093627929688,0.0003418922424316406,
j10,28,proactive,10,34.0,31.0,9.67741935483871,600,True,True,"[0, 1, 11, 4, 5, 2, 4, 6, 10, 1, 2, 0]","[0, 3, 0, 0, 7, 0, 7, 25, 21, 11, 20, 34]",0.17274093627929688,0.0003151893615722656,
j10,29,proactive,10,34.0,34.0,0.0,600,True,True,"[0, 7, 8, 2, 8, 1, 4, 5, 7, 9, 1, 0]","[0, 0, 0, 8, 0, 8, 16, 20, 26, 16, 25, 34]",0.21942496299743652,0.0003540515899658203,
j10,29,proactive,10,35.0,33.0,6.0606060606060606,600,True,True,"[0, 5, 5, 5, 9, 1, 3, 4, 9, 7, 1, 0]","[0, 0, 0, 8, 0, 8, 16, 20, 26, 16, 25, 34]",0.21942496299743652,0.00031304359436035156,
j10,29,proactive,10,34.0,32.0,6.25,600,True,True,"[0, 6, 4, 5, 5, 1, 2, 2, 8, 7, 1, 0]","[0, 0, 0, 8, 0, 8, 16, 20, 26, 16, 25, 34]",0.21942496299743652,0.0002911090850830078,
j10,29,proactive,10,34.0,32.0,6.25,600,True,True,"[0, 7, 8, 5, 7, 1, 3, 2, 8, 5, 1, 0]","[0, 0, 0, 8, 0, 8, 16, 20, 26, 16, 25, 34]",0.21942496299743652,0.0002970695495605469,
j10,29,proactive,10,35.0,33.0,6.0606060606060606,600,True,True,"[0, 4, 5, 4, 9, 1, 5, 3, 9, 7, 1, 0]","[0, 0, 0, 8, 0, 8, 16, 20, 26, 16, 25, 34]",0.21942496299743652,0.000308990478515625,
j10,29,proactive,10,34.0,32.0,6.25,600,True,True,"[0, 6, 8, 4, 5, 1, 3, 2, 8, 7, 1, 0]","[0, 0, 0, 8, 0, 8, 16, 20, 26, 16, 25, 34]",0.21942496299743652,0.0003261566162109375,
j10,29,proactive,10,34.0,32.0,6.25,600,True,True,"[0, 3, 8, 5, 7, 1, 5, 2, 6, 5, 1, 0]","[0, 0, 0, 8, 0, 8, 16, 20, 26, 16, 25, 34]",0.21942496299743652,0.00033593177795410156,
j10,29,proactive,10,35.0,33.0,6.0606060606060606,600,True,True,"[0, 7, 7, 2, 6, 1, 3, 4, 9, 8, 1, 0]","[0, 0, 0, 8, 0, 8, 16, 20, 26, 16, 25, 34]",0.21942496299743652,0.0003247261047363281,
j10,29,proactive,10,34.0,32.0,6.25,600,True,True,"[0, 3, 4, 6, 6, 1, 3, 2, 6, 8, 1, 0]","[0, 0, 0, 8, 0, 8, 16, 20, 26, 16, 25, 34]",0.21942496299743652,0.0003037452697753906,
j10,29,proactive,10,34.0,28.0,21.428571428571427,600,True,True,"[0, 6, 4, 3, 6, 1, 4, 2, 5, 8, 1, 0]","[0, 0, 0, 8, 0, 8, 16, 20, 26, 16, 25, 34]",0.21942496299743652,0.0003249645233154297,
j10,30,proactive,10,inf,33.0,100.0,600,False,True,"[0, 9, 2, 2, 4, 5, 1, 10, 8, 9, 7, 0]",,0.0788428783416748,0.0,60.0
j10,30,proactive,10,inf,31.0,100.0,600,False,True,"[0, 6, 1, 1, 3, 2, 1, 12, 11, 5, 6, 0]",,0.0788428783416748,0.0,60.0
j10,30,proactive,10,inf,33.0,100.0,600,False,True,"[0, 8, 2, 2, 3, 6, 1, 7, 11, 8, 6, 0]",,0.0788428783416748,0.0,60.0
j10,30,proactive,10,inf,30.0,100.0,600,False,True,"[0, 7, 2, 2, 2, 6, 1, 10, 6, 8, 5, 0]",,0.0788428783416748,0.0,60.0
j10,30,proactive,10,inf,28.0,100.0,600,False,True,"[0, 6, 1, 1, 2, 4, 1, 12, 7, 7, 6, 0]",,0.0788428783416748,0.0,60.0
j10,30,proactive,10,inf,inf,0.0,600,False,False,"[0, 6, 2, 2, 5, 6, 1, 12, 11, 7, 6, 0]",,0.0788428783416748,0.0,60.0
j10,30,proactive,10,inf,inf,0.0,600,False,False,"[0, 6, 2, 2, 5, 2, 1, 8, 10, 9, 4, 0]",,0.0788428783416748,0.0,60.0
j10,30,proactive,10,inf,27.0,100.0,600,False,True,"[0, 6, 1, 2, 2, 2, 1, 11, 8, 5, 8, 0]",,0.0788428783416748,0.0,60.0
j10,30,proactive,10,inf,28.0,100.0,600,False,True,"[0, 8, 1, 2, 3, 5, 1, 9, 8, 6, 6, 0]",,0.0788428783416748,0.0,60.0
j10,30,proactive,10,inf,inf,0.0,600,False,False,"[0, 7, 2, 1, 5, 6, 1, 6, 6, 8, 5, 0]",,0.0788428783416748,0.0,60.0
j10,31,proactive,10,inf,inf,0.0,600,False,False,"[0, 7, 6, 10, 1, 3, 8, 1, 9, 2, 7, 0]",,0.08186697959899902,0.0,60.0
j10,31,proactive,10,inf,inf,0.0,600,False,False,"[0, 4, 10, 11, 1, 7, 6, 2, 9, 1, 7, 0]",,0.08186697959899902,0.0,60.0
j10,31,proactive,10,inf,inf,0.0,600,False,False,"[0, 4, 7, 11, 1, 3, 5, 1, 10, 1, 8, 0]",,0.08186697959899902,0.0,60.0
j10,31,proactive,10,inf,inf,0.0,600,False,False,"[0, 5, 7, 12, 1, 6, 7, 3, 9, 2, 8, 0]",,0.08186697959899902,0.0,60.0
j10,31,proactive,10,inf,inf,0.0,600,False,False,"[0, 6, 10, 10, 1, 4, 5, 1, 6, 2, 6, 0]",,0.08186697959899902,0.0,60.0
j10,31,proactive,10,inf,inf,0.0,600,False,False,"[0, 5, 7, 6, 1, 7, 8, 3, 11, 1, 11, 0]",,0.08186697959899902,0.0,60.0
j10,31,proactive,10,inf,inf,0.0,600,False,False,"[0, 6, 10, 9, 1, 6, 8, 2, 9, 1, 8, 0]",,0.08186697959899902,0.0,60.0
j10,31,proactive,10,inf,inf,0.0,600,False,False,"[0, 6, 10, 10, 1, 5, 6, 2, 9, 1, 7, 0]",,0.08186697959899902,0.0,60.0
j10,31,proactive,10,inf,inf,0.0,600,False,False,"[0, 3, 8, 8, 1, 7, 4, 2, 7, 1, 7, 0]",,0.08186697959899902,0.0,60.0
j10,31,proactive,10,inf,inf,0.0,600,False,False,"[0, 4, 9, 11, 1, 6, 6, 2, 7, 2, 7, 0]",,0.08186697959899902,0.0,60.0
j10,32,proactive,10,inf,inf,0.0,600,False,False,"[0, 6, 2, 2, 2, 9, 2, 3, 2, 6, 2, 0]",,0.07843303680419922,0.0,60.0
j10,32,proactive,10,inf,inf,0.0,600,False,False,"[0, 7, 1, 4, 2, 12, 2, 4, 4, 8, 2, 0]",,0.07843303680419922,0.0,60.0
j10,32,proactive,10,inf,47.0,100.0,600,False,True,"[0, 10, 1, 5, 1, 10, 1, 2, 5, 5, 2, 0]",,0.07843303680419922,0.0,60.0
j10,32,proactive,10,inf,47.0,100.0,600,False,True,"[0, 9, 1, 3, 2, 8, 2, 5, 2, 8, 2, 0]",,0.07843303680419922,0.0,60.0
j10,32,proactive,10,inf,46.0,100.0,600,False,True,"[0, 7, 1, 5, 2, 11, 2, 3, 4, 6, 1, 0]",,0.07843303680419922,0.0,60.0
j10,32,proactive,10,inf,inf,0.0,600,False,False,"[0, 11, 1, 3, 2, 12, 2, 3, 3, 4, 2, 0]",,0.07843303680419922,0.0,60.0
j10,32,proactive,10,inf,47.0,100.0,600,False,True,"[0, 11, 1, 4, 1, 8, 1, 3, 4, 8, 1, 0]",,0.07843303680419922,0.0,60.0
j10,32,proactive,10,inf,47.0,100.0,600,False,True,"[0, 11, 1, 3, 2, 10, 1, 3, 3, 8, 1, 0]",,0.07843303680419922,0.0,60.0
j10,32,proactive,10,inf,46.0,100.0,600,False,True,"[0, 8, 1, 4, 2, 10, 1, 4, 4, 5, 2, 0]",,0.07843303680419922,0.0,60.0
j10,32,proactive,10,inf,46.0,100.0,600,False,True,"[0, 8, 1, 3, 2, 9, 3, 5, 2, 6, 2, 0]",,0.07843303680419922,0.0,60.0
j10,33,proactive,10,79.0,68.0,16.176470588235293,600,True,True,"[0, 10, 6, 1, 2, 8, 8, 9, 9, 10, 8, 0]","[0, 27, 0, 11, 6, 38, 69, 33, 58, 46, 15, 79]",4.854747295379639,0.0004329681396484375,
j10,33,proactive,10,80.0,77.0,3.896103896103896,600,True,True,"[0, 11, 5, 1, 2, 8, 11, 5, 10, 12, 11, 0]","[0, 27, 0, 11, 6, 38, 69, 33, 58, 46, 15, 79]",4.854747295379639,0.00039196014404296875,
j10,33,proactive,10,79.0,61.0,29.508196721311474,600,True,True,"[0, 10, 6, 1, 4, 4, 10, 7, 6, 8, 9, 0]","[0, 27, 0, 11, 6, 38, 69, 33, 58, 46, 15, 79]",4.854747295379639,0.00035572052001953125,
j10,33,proactive,10,inf,64.0,100.0,600,False,True,"[0, 10, 7, 1, 3, 6, 11, 6, 10, 6, 10, 0]","[0, 27, 0, 11, 6, 38, 69, 33, 58, 46, 15, 79]",4.854747295379639,0.00034689903259277344,
j10,33,proactive,10,inf,62.0,100.0,600,False,True,"[0, 11, 7, 1, 3, 5, 9, 6, 9, 8, 8, 0]","[0, 27, 0, 11, 6, 38, 69, 33, 58, 46, 15, 79]",4.854747295379639,0.0003731250762939453,
j10,33,proactive,10,inf,70.0,100.0,600,False,True,"[0, 10, 7, 1, 5, 5, 12, 5, 11, 10, 6, 0]","[0, 27, 0, 11, 6, 38, 69, 33, 58, 46, 15, 79]",4.854747295379639,0.0003972053527832031,
j10,33,proactive,10,inf,67.0,100.0,600,False,True,"[0, 7, 7, 1, 4, 7, 7, 9, 11, 6, 12, 0]","[0, 27, 0, 11, 6, 38, 69, 33, 58, 46, 15, 79]",4.854747295379639,0.00037598609924316406,
j10,33,proactive,10,80.0,64.0,25.0,600,True,True,"[0, 11, 4, 1, 4, 7, 11, 8, 7, 8, 7, 0]","[0, 27, 0, 11, 6, 38, 69, 33, 58, 46, 15, 79]",4.854747295379639,0.0003139972686767578,
j10,33,proactive,10,79.0,69.0,14.492753623188406,600,True,True,"[0, 11, 5, 1, 4, 6, 9, 7, 7, 12, 9, 0]","[0, 27, 0, 11, 6, 38, 69, 33, 58, 46, 15, 79]",4.854747295379639,0.00039005279541015625,
j10,33,proactive,10,79.0,61.0,29.508196721311474,600,True,True,"[0, 9, 5, 1, 3, 7, 6, 8, 11, 11, 8, 0]","[0, 27, 0, 11, 6, 38, 69, 33, 58, 46, 15, 79]",4.854747295379639,0.00035500526428222656,
j10,34,proactive,10,75.0,53.0,41.509433962264154,600,True,True,"[0, 6, 4, 7, 8, 10, 6, 2, 7, 9, 1, 0]","[0, 0, 9, 14, 51, 31, 43, 60, 65, 22, 43, 75]",3.553560972213745,0.0003981590270996094,
j10,34,proactive,10,75.0,57.0,31.57894736842105,600,True,True,"[0, 8, 5, 6, 9, 11, 6, 3, 6, 8, 1, 0]","[0, 0, 9, 14, 51, 31, 43, 60, 65, 22, 43, 75]",3.553560972213745,0.0003600120544433594,
j10,34,proactive,10,75.0,55.0,36.36363636363637,600,True,True,"[0, 5, 4, 8, 9, 10, 7, 3, 9, 9, 1, 0]","[0, 0, 9, 14, 51, 31, 43, 60, 65, 22, 43, 75]",3.553560972213745,0.00036907196044921875,
j10,34,proactive,10,75.0,54.0,38.888888888888886,600,True,True,"[0, 9, 2, 4, 9, 8, 6, 5, 10, 8, 1, 0]","[0, 0, 9, 14, 51, 31, 43, 60, 65, 22, 43, 75]",3.553560972213745,0.00034499168395996094,
j10,34,proactive,10,76.0,51.0,49.01960784313726,600,True,True,"[0, 5, 3, 8, 6, 7, 8, 3, 11, 5, 1, 0]","[0, 0, 9, 14, 51, 31, 43, 60, 65, 22, 43, 75]",3.553560972213745,0.0003440380096435547,
j10,34,proactive,10,75.0,52.0,44.23076923076923,600,True,True,"[0, 5, 2, 7, 9, 9, 7, 3, 10, 8, 1, 0]","[0, 0, 9, 14, 51, 31, 43, 60, 65, 22, 43, 75]",3.553560972213745,0.0003600120544433594,
j10,34,proactive,10,75.0,50.0,50.0,600,True,True,"[0, 6, 2, 8, 9, 8, 5, 5, 7, 6, 1, 0]","[0, 0, 9, 14, 51, 31, 43, 60, 65, 22, 43, 75]",3.553560972213745,0.000331878662109375,
j10,34,proactive,10,76.0,49.0,55.10204081632653,600,True,True,"[0, 8, 2, 7, 6, 6, 7, 2, 11, 7, 1, 0]","[0, 0, 9, 14, 51, 31, 43, 60, 65, 22, 43, 75]",3.553560972213745,0.00033211708068847656,
j10,34,proactive,10,75.0,51.0,47.05882352941177,600,True,True,"[0, 5, 5, 8, 5, 9, 7, 2, 10, 8, 1, 0]","[0, 0, 9, 14, 51, 31, 43, 60, 65, 22, 43, 75]",3.553560972213745,0.00035119056701660156,
j10,34,proactive,10,77.0,59.0,30.508474576271187,600,True,True,"[0, 5, 4, 7, 5, 12, 6, 2, 12, 6, 1, 0]","[0, 0, 9, 14, 51, 31, 43, 60, 65, 22, 43, 75]",3.553560972213745,0.0003631114959716797,
j10,35,proactive,10,51.0,42.0,21.428571428571427,600,True,True,"[0, 4, 1, 1, 4, 3, 9, 1, 1, 10, 9, 0]","[0, 23, 1, 0, 1, 9, 30, 39, 41, 12, 42, 50]",2.4785830974578857,0.0003421306610107422,
j10,35,proactive,10,50.0,44.0,13.636363636363637,600,True,True,"[0, 6, 3, 1, 8, 3, 8, 2, 1, 10, 5, 0]","[0, 23, 1, 0, 1, 9, 30, 39, 41, 12, 42, 50]",2.4785830974578857,0.0003120899200439453,
j10,35,proactive,10,50.0,39.0,28.205128205128204,600,True,True,"[0, 3, 2, 1, 5, 3, 8, 1, 1, 10, 7, 0]","[0, 23, 1, 0, 1, 9, 30, 39, 41, 12, 42, 50]",2.4785830974578857,0.0003108978271484375,
j10,35,proactive,10,50.0,40.0,25.0,600,True,True,"[0, 6, 1, 1, 7, 1, 8, 1, 1, 9, 5, 0]","[0, 23, 1, 0, 1, 9, 30, 39, 41, 12, 42, 50]",2.4785830974578857,0.00029587745666503906,
j10,35,proactive,10,50.0,40.0,25.0,600,True,True,"[0, 5, 1, 1, 4, 2, 9, 2, 1, 11, 5, 0]","[0, 23, 1, 0, 1, 9, 30, 39, 41, 12, 42, 50]",2.4785830974578857,0.0003020763397216797,
j10,35,proactive,10,50.0,42.0,19.047619047619047,600,True,True,"[0, 7, 3, 1, 8, 1, 6, 1, 1, 10, 6, 0]","[0, 23, 1, 0, 1, 9, 30, 39, 41, 12, 42, 50]",2.4785830974578857,0.0003159046173095703,
j10,35,proactive,10,50.0,42.0,19.047619047619047,600,True,True,"[0, 5, 3, 1, 6, 2, 8, 1, 1, 11, 7, 0]","[0, 23, 1, 0, 1, 9, 30, 39, 41, 12, 42, 50]",2.4785830974578857,0.0003101825714111328,
j10,35,proactive,10,51.0,36.0,41.666666666666664,600,True,True,"[0, 3, 1, 1, 4, 1, 6, 2, 1, 9, 9, 0]","[0, 23, 1, 0, 1, 9, 30, 39, 41, 12, 42, 50]",2.4785830974578857,0.00030517578125,
j10,35,proactive,10,50.0,40.0,25.0,600,True,True,"[0, 4, 1, 1, 7, 1, 8, 1, 1, 9, 8, 0]","[0, 23, 1, 0, 1, 9, 30, 39, 41, 12, 42, 50]",2.4785830974578857,0.00030732154846191406,
j10,35,proactive,10,51.0,40.0,27.5,600,True,True,"[0, 6, 2, 1, 8, 1, 6, 2, 1, 6, 9, 0]","[0, 23, 1, 0, 1, 9, 30, 39, 41, 12, 42, 50]",2.4785830974578857,0.00028324127197265625,
j10,36,proactive,10,inf,40.0,100.0,600,False,True,"[0, 3, 3, 6, 4, 7, 4, 2, 4, 1, 2, 0]",,0.08713889122009277,0.0,60.0
j10,36,proactive,10,inf,55.0,100.0,600,False,True,"[0, 7, 6, 9, 3, 7, 8, 2, 3, 1, 2, 0]",,0.08713889122009277,0.0,60.0
j10,36,proactive,10,inf,inf,0.0,600,False,False,"[0, 6, 6, 12, 6, 9, 8, 2, 5, 1, 1, 0]",,0.08713889122009277,0.0,60.0
j10,36,proactive,10,inf,52.0,100.0,600,False,True,"[0, 5, 6, 6, 4, 9, 7, 1, 3, 1, 1, 0]",,0.08713889122009277,0.0,60.0
j10,36,proactive,10,inf,55.0,100.0,600,False,True,"[0, 7, 4, 10, 4, 10, 6, 2, 7, 1, 2, 0]",,0.08713889122009277,0.0,60.0
j10,36,proactive,10,inf,50.0,100.0,600,False,True,"[0, 3, 6, 7, 2, 10, 4, 1, 5, 1, 2, 0]",,0.08713889122009277,0.0,60.0
j10,36,proactive,10,inf,42.0,100.0,600,False,True,"[0, 3, 3, 6, 3, 11, 4, 1, 7, 1, 2, 0]",,0.08713889122009277,0.0,60.0
j10,36,proactive,10,inf,53.0,100.0,600,False,True,"[0, 7, 5, 10, 2, 8, 7, 1, 3, 1, 2, 0]",,0.08713889122009277,0.0,60.0
j10,36,proactive,10,inf,50.0,100.0,600,False,True,"[0, 6, 6, 9, 2, 9, 4, 2, 4, 1, 2, 0]",,0.08713889122009277,0.0,60.0
j10,36,proactive,10,inf,43.0,100.0,600,False,True,"[0, 6, 3, 8, 3, 7, 7, 2, 3, 1, 2, 0]",,0.08713889122009277,0.0,60.0
j10,37,proactive,10,36.0,33.0,9.090909090909092,600,True,True,"[0, 2, 6, 9, 2, 8, 2, 1, 10, 2, 2, 0]","[0, 0, 2, 0, 29, 9, 32, 34, 17, 29, 31, 36]",1.2647440433502197,0.00032782554626464844,
j10,37,proactive,10,36.0,25.0,44.0,600,True,True,"[0, 2, 5, 9, 3, 4, 2, 1, 7, 2, 5, 0]","[0, 0, 2, 0, 29, 9, 32, 34, 17, 29, 31, 36]",1.2647440433502197,0.0002779960632324219,
j10,37,proactive,10,36.0,24.0,50.0,600,True,True,"[0, 1, 4, 9, 1, 4, 2, 1, 7, 2, 5, 0]","[0, 0, 2, 0, 29, 9, 32, 34, 17, 29, 31, 36]",1.2647440433502197,0.0002827644348144531,
j10,37,proactive,10,36.0,28.0,28.571428571428573,600,True,True,"[0, 2, 7, 11, 1, 5, 1, 1, 10, 2, 2, 0]","[0, 0, 2, 0, 29, 9, 32, 34, 17, 29, 31, 36]",1.2647440433502197,0.0003199577331542969,
j10,37,proactive,10,37.0,33.0,12.121212121212121,600,True,True,"[0, 1, 7, 11, 3, 7, 2, 1, 11, 1, 6, 0]","[0, 0, 2, 0, 29, 9, 32, 34, 17, 29, 31, 36]",1.2647440433502197,0.00030422210693359375,
j10,37,proactive,10,37.0,28.0,32.142857142857146,600,True,True,"[0, 1, 6, 10, 3, 6, 1, 1, 8, 2, 6, 0]","[0, 0, 2, 0, 29, 9, 32, 34, 17, 29, 31, 36]",1.2647440433502197,0.0003097057342529297,
j10,37,proactive,10,36.0,31.0,16.129032258064516,600,True,True,"[0, 1, 5, 6, 2, 8, 2, 1, 11, 1, 3, 0]","[0, 0, 2, 0, 29, 9, 32, 34, 17, 29, 31, 36]",1.2647440433502197,0.00030422210693359375,
j10,37,proactive,10,36.0,27.0,33.333333333333336,600,True,True,"[0, 1, 6, 6, 2, 4, 2, 1, 10, 2, 4, 0]","[0, 0, 2, 0, 29, 9, 32, 34, 17, 29, 31, 36]",1.2647440433502197,0.00028014183044433594,
j10,37,proactive,10,36.0,28.0,28.571428571428573,600,True,True,"[0, 2, 3, 6, 1, 8, 2, 1, 10, 1, 3, 0]","[0, 0, 2, 0, 29, 9, 32, 34, 17, 29, 31, 36]",1.2647440433502197,0.0002980232238769531,
j10,37,proactive,10,36.0,26.0,38.46153846153846,600,True,True,"[0, 2, 5, 7, 3, 5, 1, 1, 6, 2, 4, 0]","[0, 0, 2, 0, 29, 9, 32, 34, 17, 29, 31, 36]",1.2647440433502197,0.00026798248291015625,
j10,38,proactive,10,52.0,46.0,13.043478260869565,600,True,True,"[0, 9, 4, 10, 7, 1, 1, 2, 2, 11, 3, 0]","[0, 11, 0, 0, 20, 9, 32, 11, 34, 41, 38, 50]",0.39847898483276367,0.0003600120544433594,
j10,38,proactive,10,52.0,42.0,23.80952380952381,600,True,True,"[0, 6, 2, 7, 11, 1, 2, 6, 1, 11, 1, 0]","[0, 11, 0, 0, 20, 9, 32, 11, 34, 41, 38, 50]",0.39847898483276367,0.00030803680419921875,
j10,38,proactive,10,52.0,47.0,10.638297872340425,600,True,True,"[0, 9, 4, 7, 11, 1, 2, 4, 2, 11, 3, 0]","[0, 11, 0, 0, 20, 9, 32, 11, 34, 41, 38, 50]",0.39847898483276367,0.00034117698669433594,
j10,38,proactive,10,50.0,41.0,21.951219512195124,600,True,True,"[0, 6, 2, 7, 12, 2, 2, 3, 1, 8, 1, 0]","[0, 11, 0, 0, 20, 9, 32, 11, 34, 41, 38, 50]",0.39847898483276367,0.0003190040588378906,
j10,38,proactive,10,52.0,45.0,15.555555555555555,600,True,True,"[0, 8, 4, 9, 8, 1, 2, 2, 2, 11, 3, 0]","[0, 11, 0, 0, 20, 9, 32, 11, 34, 41, 38, 50]",0.39847898483276367,0.00030684471130371094,
j10,38,proactive,10,50.0,42.0,19.047619047619047,600,True,True,"[0, 5, 3, 9, 12, 1, 2, 5, 1, 6, 3, 0]","[0, 11, 0, 0, 20, 9, 32, 11, 34, 41, 38, 50]",0.39847898483276367,0.00032901763916015625,
j10,38,proactive,10,50.0,39.0,28.205128205128204,600,True,True,"[0, 8, 4, 6, 8, 1, 1, 5, 2, 8, 2, 0]","[0, 11, 0, 0, 20, 9, 32, 11, 34, 41, 38, 50]",0.39847898483276367,0.0003142356872558594,
j10,38,proactive,10,52.0,48.0,8.333333333333334,600,True,True,"[0, 5, 3, 10, 12, 2, 2, 5, 2, 11, 3, 0]","[0, 11, 0, 0, 20, 9, 32, 11, 34, 41, 38, 50]",0.39847898483276367,0.0003380775451660156,
j10,38,proactive,10,50.0,44.0,13.636363636363637,600,True,True,"[0, 5, 5, 11, 11, 2, 2, 4, 2, 9, 2, 0]","[0, 11, 0, 0, 20, 9, 32, 11, 34, 41, 38, 50]",0.39847898483276367,0.0003261566162109375,
j10,38,proactive,10,50.0,40.0,25.0,600,True,True,"[0, 8, 5, 8, 8, 1, 1, 5, 1, 7, 3, 0]","[0, 11, 0, 0, 20, 9, 32, 11, 34, 41, 38, 50]",0.39847898483276367,0.00029587745666503906,
j10,39,proactive,10,54.0,44.0,22.727272727272727,600,True,True,"[0, 2, 1, 3, 6, 2, 4, 5, 9, 9, 3, 0]","[0, 10, 0, 34, 0, 8, 8, 15, 45, 23, 39, 54]",0.4508507251739502,0.00033926963806152344,
j10,39,proactive,10,54.0,50.0,8.0,600,True,True,"[0, 4, 1, 5, 8, 1, 6, 6, 7, 11, 5, 0]","[0, 10, 0, 34, 0, 8, 8, 15, 45, 23, 39, 54]",0.4508507251739502,0.00034689903259277344,
j10,39,proactive,10,54.0,45.0,20.0,600,True,True,"[0, 4, 3, 2, 8, 1, 6, 4, 7, 8, 4, 0]","[0, 10, 0, 34, 0, 8, 8, 15, 45, 23, 39, 54]",0.4508507251739502,0.00030493736267089844,
j10,39,proactive,10,54.0,47.0,14.893617021276595,600,True,True,"[0, 2, 1, 5, 5, 2, 6, 6, 6, 11, 3, 0]","[0, 10, 0, 34, 0, 8, 8, 15, 45, 23, 39, 54]",0.4508507251739502,0.00031065940856933594,
j10,39,proactive,10,54.0,45.0,20.0,600,True,True,"[0, 5, 2, 4, 5, 1, 2, 5, 9, 7, 4, 0]","[0, 10, 0, 34, 0, 8, 8, 15, 45, 23, 39, 54]",0.4508507251739502,0.0003063678741455078,
j10,39,proactive,10,55.0,48.0,14.583333333333334,600,True,True,"[0, 4, 2, 5, 7, 2, 3, 6, 10, 9, 5, 0]","[0, 10, 0, 34, 0, 8, 8, 15, 45, 23, 39, 54]",0.4508507251739502,0.00043702125549316406,
j10,39,proactive,10,54.0,43.0,25.58139534883721,600,True,True,"[0, 3, 3, 3, 6, 1, 2, 5, 6, 8, 2, 0]","[0, 10, 0, 34, 0, 8, 8, 15, 45, 23, 39, 54]",0.4508507251739502,0.0003001689910888672,
j10,39,proactive,10,54.0,47.0,14.893617021276595,600,True,True,"[0, 3, 3, 2, 7, 2, 3, 8, 7, 10, 2, 0]","[0, 10, 0, 34, 0, 8, 8, 15, 45, 23, 39, 54]",0.4508507251739502,0.00030112266540527344,
j10,39,proactive,10,54.0,45.0,20.0,600,True,True,"[0, 2, 2, 2, 6, 2, 4, 4, 6, 7, 4, 0]","[0, 10, 0, 34, 0, 8, 8, 15, 45, 23, 39, 54]",0.4508507251739502,0.00030112266540527344,
j10,39,proactive,10,54.0,47.0,14.893617021276595,600,True,True,"[0, 4, 3, 5, 7, 1, 6, 7, 6, 7, 6, 0]","[0, 10, 0, 34, 0, 8, 8, 15, 45, 23, 39, 54]",0.4508507251739502,0.00036406517028808594,
j10,40,proactive,10,inf,inf,0.0,600,False,False,"[0, 5, 2, 6, 11, 1, 6, 3, 7, 1, 11, 0]",,0.0785970687866211,0.0,60.0
j10,40,proactive,10,inf,inf,0.0,600,False,False,"[0, 3, 3, 7, 11, 1, 2, 3, 4, 2, 8, 0]",,0.0785970687866211,0.0,60.0
j10,40,proactive,10,inf,inf,0.0,600,False,False,"[0, 2, 2, 7, 9, 1, 3, 5, 7, 2, 9, 0]",,0.0785970687866211,0.0,60.0
j10,40,proactive,10,inf,inf,0.0,600,False,False,"[0, 6, 5, 6, 9, 1, 2, 6, 4, 2, 10, 0]",,0.0785970687866211,0.0,60.0
j10,40,proactive,10,inf,inf,0.0,600,False,False,"[0, 6, 2, 4, 8, 1, 6, 2, 7, 2, 9, 0]",,0.0785970687866211,0.0,60.0
j10,40,proactive,10,inf,inf,0.0,600,False,False,"[0, 4, 4, 3, 9, 1, 4, 6, 4, 2, 6, 0]",,0.0785970687866211,0.0,60.0
j10,40,proactive,10,inf,inf,0.0,600,False,False,"[0, 4, 5, 4, 9, 1, 2, 6, 8, 2, 9, 0]",,0.0785970687866211,0.0,60.0
j10,40,proactive,10,inf,inf,0.0,600,False,False,"[0, 3, 3, 7, 10, 1, 5, 4, 5, 2, 12, 0]",,0.0785970687866211,0.0,60.0
j10,40,proactive,10,inf,inf,0.0,600,False,False,"[0, 6, 5, 4, 6, 1, 5, 6, 4, 1, 7, 0]",,0.0785970687866211,0.0,60.0
j10,40,proactive,10,inf,inf,0.0,600,False,False,"[0, 3, 4, 7, 6, 1, 4, 5, 5, 2, 7, 0]",,0.0785970687866211,0.0,60.0
j10,41,proactive,10,inf,42.0,100.0,600,False,True,"[0, 4, 8, 1, 3, 2, 10, 4, 2, 3, 5, 0]",,0.07794594764709473,0.0,60.0
j10,41,proactive,10,inf,inf,0.0,600,False,False,"[0, 3, 8, 1, 2, 5, 7, 2, 4, 3, 8, 0]",,0.07794594764709473,0.0,60.0
j10,41,proactive,10,inf,46.0,100.0,600,False,True,"[0, 2, 4, 2, 1, 2, 12, 5, 3, 5, 6, 0]",,0.07794594764709473,0.0,60.0
j10,41,proactive,10,inf,inf,0.0,600,False,False,"[0, 2, 5, 1, 2, 5, 6, 5, 4, 2, 5, 0]",,0.07794594764709473,0.0,60.0
j10,41,proactive,10,inf,inf,0.0,600,False,False,"[0, 2, 4, 1, 1, 2, 7, 6, 4, 5, 7, 0]",,0.07794594764709473,0.0,60.0
j10,41,proactive,10,inf,inf,0.0,600,False,False,"[0, 3, 5, 2, 3, 3, 6, 2, 4, 5, 5, 0]",,0.07794594764709473,0.0,60.0
j10,41,proactive,10,inf,inf,0.0,600,False,False,"[0, 2, 5, 2, 1, 3, 9, 5, 5, 5, 9, 0]",,0.07794594764709473,0.0,60.0
j10,41,proactive,10,inf,inf,0.0,600,False,False,"[0, 6, 6, 2, 3, 2, 7, 4, 5, 5, 6, 0]",,0.07794594764709473,0.0,60.0
j10,41,proactive,10,inf,inf,0.0,600,False,False,"[0, 5, 6, 1, 2, 3, 7, 2, 5, 4, 8, 0]",,0.07794594764709473,0.0,60.0
j10,41,proactive,10,inf,37.0,100.0,600,False,True,"[0, 3, 8, 2, 1, 4, 6, 3, 2, 3, 9, 0]",,0.07794594764709473,0.0,60.0
j10,42,proactive,10,inf,inf,0.0,600,False,False,"[0, 7, 7, 1, 1, 1, 3, 2, 4, 7, 1, 0]",,0.07548093795776367,0.0,60.0
j10,42,proactive,10,inf,33.0,100.0,600,False,True,"[0, 5, 8, 1, 1, 2, 2, 1, 3, 7, 1, 0]",,0.07548093795776367,0.0,60.0
j10,42,proactive,10,inf,inf,0.0,600,False,False,"[0, 8, 11, 2, 1, 1, 3, 2, 4, 11, 1, 0]",,0.07548093795776367,0.0,60.0
j10,42,proactive,10,inf,44.0,100.0,600,False,True,"[0, 6, 11, 3, 1, 1, 2, 2, 6, 11, 1, 0]",,0.07548093795776367,0.0,60.0
j10,42,proactive,10,inf,inf,0.0,600,False,False,"[0, 8, 6, 2, 1, 2, 3, 3, 5, 10, 1, 0]",,0.07548093795776367,0.0,60.0
j10,42,proactive,10,inf,inf,0.0,600,False,False,"[0, 6, 12, 3, 1, 2, 3, 3, 3, 7, 1, 0]",,0.07548093795776367,0.0,60.0
j10,42,proactive,10,inf,33.0,100.0,600,False,True,"[0, 4, 6, 2, 1, 2, 1, 2, 3, 8, 1, 0]",,0.07548093795776367,0.0,60.0
j10,42,proactive,10,inf,36.0,100.0,600,False,True,"[0, 7, 10, 1, 1, 2, 2, 2, 3, 8, 1, 0]",,0.07548093795776367,0.0,60.0
j10,42,proactive,10,inf,37.0,100.0,600,False,True,"[0, 7, 12, 3, 1, 2, 1, 2, 4, 7, 1, 0]",,0.07548093795776367,0.0,60.0
j10,42,proactive,10,inf,inf,0.0,600,False,False,"[0, 6, 8, 2, 1, 2, 3, 1, 3, 9, 1, 0]",,0.07548093795776367,0.0,60.0
j10,43,proactive,10,32.0,28.0,14.285714285714286,600,True,True,"[0, 9, 1, 2, 9, 6, 10, 6, 3, 4, 5, 0]","[0, 10, 0, 14, 1, 17, 2, 23, 29, 20, 25, 32]",1.695570945739746,0.00039196014404296875,
j10,43,proactive,10,32.0,28.0,14.285714285714286,600,True,True,"[0, 11, 1, 3, 5, 3, 12, 6, 2, 2, 5, 0]","[0, 10, 0, 14, 1, 17, 2, 23, 29, 20, 25, 32]",1.695570945739746,0.0003151893615722656,
j10,43,proactive,10,32.0,25.0,28.0,600,True,True,"[0, 7, 1, 1, 6, 6, 9, 3, 2, 2, 5, 0]","[0, 10, 0, 14, 1, 17, 2, 23, 29, 20, 25, 32]",1.695570945739746,0.0003020763397216797,
j10,43,proactive,10,32.0,27.0,18.51851851851852,600,True,True,"[0, 11, 1, 3, 7, 4, 7, 4, 3, 2, 5, 0]","[0, 10, 0, 14, 1, 17, 2, 23, 29, 20, 25, 32]",1.695570945739746,0.0003108978271484375,
j10,43,proactive,10,32.0,24.0,33.333333333333336,600,True,True,"[0, 11, 1, 1, 5, 3, 7, 3, 2, 2, 5, 0]","[0, 10, 0, 14, 1, 17, 2, 23, 29, 20, 25, 32]",1.695570945739746,0.00028324127197265625,
j10,43,proactive,10,32.0,26.0,23.076923076923077,600,True,True,"[0, 11, 1, 2, 5, 2, 12, 5, 3, 3, 3, 0]","[0, 10, 0, 14, 1, 17, 2, 23, 29, 20, 25, 32]",1.695570945739746,0.0003459453582763672,
j10,43,proactive,10,32.0,25.0,28.0,600,True,True,"[0, 9, 1, 1, 6, 5, 7, 5, 3, 5, 4, 0]","[0, 10, 0, 14, 1, 17, 2, 23, 29, 20, 25, 32]",1.695570945739746,0.00030684471130371094,
j10,43,proactive,10,32.0,26.0,23.076923076923077,600,True,True,"[0, 9, 1, 2, 7, 6, 6, 2, 3, 4, 7, 0]","[0, 10, 0, 14, 1, 17, 2, 23, 29, 20, 25, 32]",1.695570945739746,0.0002951622009277344,
j10,43,proactive,10,32.0,27.0,18.51851851851852,600,True,True,"[0, 9, 1, 2, 5, 2, 11, 5, 1, 5, 4, 0]","[0, 10, 0, 14, 1, 17, 2, 23, 29, 20, 25, 32]",1.695570945739746,0.00028896331787109375,
j10,43,proactive,10,32.0,24.0,33.333333333333336,600,True,True,"[0, 6, 1, 2, 9, 2, 7, 2, 2, 4, 5, 0]","[0, 10, 0, 14, 1, 17, 2, 23, 29, 20, 25, 32]",1.695570945739746,0.00031185150146484375,
j10,44,proactive,10,40.0,29.0,37.93103448275862,600,True,True,"[0, 2, 7, 2, 6, 6, 3, 2, 2, 2, 7, 0]","[0, 0, 14, 3, 0, 2, 7, 22, 15, 37, 25, 40]",3.0128650665283203,0.0003387928009033203,
j10,44,proactive,10,40.0,25.0,60.0,600,True,True,"[0, 3, 5, 1, 6, 6, 5, 3, 2, 2, 6, 0]","[0, 0, 14, 3, 0, 2, 7, 22, 15, 37, 25, 40]",3.0128650665283203,0.00029015541076660156,
j10,44,proactive,10,40.0,30.0,33.333333333333336,600,True,True,"[0, 3, 8, 3, 7, 9, 6, 1, 2, 3, 7, 0]","[0, 0, 14, 3, 0, 2, 7, 22, 15, 37, 25, 40]",3.0128650665283203,0.0003151893615722656,
j10,44,proactive,10,40.0,28.0,42.857142857142854,600,True,True,"[0, 3, 7, 2, 5, 5, 5, 2, 2, 2, 6, 0]","[0, 0, 14, 3, 0, 2, 7, 22, 15, 37, 25, 40]",3.0128650665283203,0.0002989768981933594,
j10,44,proactive,10,40.0,30.0,33.333333333333336,600,True,True,"[0, 2, 8, 1, 4, 6, 3, 3, 2, 3, 9, 0]","[0, 0, 14, 3, 0, 2, 7, 22, 15, 37, 25, 40]",3.0128650665283203,0.0002980232238769531,
j10,44,proactive,10,40.0,28.0,42.857142857142854,600,True,True,"[0, 2, 4, 1, 5, 8, 4, 3, 1, 2, 9, 0]","[0, 0, 14, 3, 0, 2, 7, 22, 15, 37, 25, 40]",3.0128650665283203,0.00031185150146484375,
j10,44,proactive,10,40.0,33.0,21.21212121212121,600,True,True,"[0, 2, 5, 3, 5, 6, 7, 3, 1, 3, 9, 0]","[0, 0, 14, 3, 0, 2, 7, 22, 15, 37, 25, 40]",3.0128650665283203,0.00032806396484375,
j10,44,proactive,10,40.0,29.0,37.93103448275862,600,True,True,"[0, 3, 7, 2, 7, 9, 5, 3, 1, 1, 8, 0]","[0, 0, 14, 3, 0, 2, 7, 22, 15, 37, 25, 40]",3.0128650665283203,0.00029921531677246094,
j10,44,proactive,10,40.0,29.0,37.93103448275862,600,True,True,"[0, 3, 6, 2, 7, 6, 4, 1, 2, 2, 9, 0]","[0, 0, 14, 3, 0, 2, 7, 22, 15, 37, 25, 40]",3.0128650665283203,0.00030612945556640625,
j10,44,proactive,10,40.0,26.0,53.84615384615385,600,True,True,"[0, 2, 6, 1, 3, 9, 3, 3, 2, 3, 7, 0]","[0, 0, 14, 3, 0, 2, 7, 22, 15, 37, 25, 40]",3.0128650665283203,0.0003209114074707031,
j10,45,proactive,10,39.0,36.0,8.333333333333334,600,True,True,"[0, 8, 1, 3, 5, 1, 1, 8, 11, 1, 8, 0]","[0, 0, 12, 14, 11, 9, 9, 29, 18, 10, 18, 39]",0.4675941467285156,0.0003597736358642578,
j10,45,proactive,10,39.0,32.0,21.875,600,True,True,"[0, 5, 1, 2, 3, 1, 1, 6, 8, 1, 9, 0]","[0, 0, 12, 14, 11, 9, 9, 29, 18, 10, 18, 39]",0.4675941467285156,0.00028395652770996094,
j10,45,proactive,10,40.0,36.0,11.11111111111111,600,True,True,"[0, 6, 1, 3, 7, 1, 3, 11, 7, 1, 7, 0]","[0, 0, 12, 14, 11, 9, 9, 29, 18, 10, 18, 39]",0.4675941467285156,0.00030493736267089844,
j10,45,proactive,10,39.0,33.0,18.181818181818183,600,True,True,"[0, 5, 1, 1, 7, 1, 1, 6, 7, 1, 9, 0]","[0, 0, 12, 14, 11, 9, 9, 29, 18, 10, 18, 39]",0.4675941467285156,0.00028395652770996094,
j10,45,proactive,10,41.0,41.0,0.0,600,True,True,"[0, 6, 1, 2, 7, 1, 3, 12, 11, 1, 9, 0]","[0, 0, 12, 14, 11, 9, 9, 29, 18, 10, 18, 39]",0.4675941467285156,0.00032782554626464844,
j10,45,proactive,10,40.0,36.0,11.11111111111111,600,True,True,"[0, 8, 1, 1, 3, 1, 3, 11, 11, 1, 8, 0]","[0, 0, 12, 14, 11, 9, 9, 29, 18, 10, 18, 39]",0.4675941467285156,0.00031304359436035156,
j10,45,proactive,10,41.0,38.0,7.894736842105263,600,True,True,"[0, 5, 1, 1, 4, 1, 3, 12, 9, 1, 11, 0]","[0, 0, 12, 14, 11, 9, 9, 29, 18, 10, 18, 39]",0.4675941467285156,0.0003199577331542969,
j10,45,proactive,10,39.0,32.0,21.875,600,True,True,"[0, 7, 1, 2, 3, 1, 2, 7, 6, 1, 8, 0]","[0, 0, 12, 14, 11, 9, 9, 29, 18, 10, 18, 39]",0.4675941467285156,0.0002579689025878906,
j10,45,proactive,10,39.0,36.0,8.333333333333334,600,True,True,"[0, 8, 1, 1, 6, 1, 1, 9, 6, 1, 10, 0]","[0, 0, 12, 14, 11, 9, 9, 29, 18, 10, 18, 39]",0.4675941467285156,0.0002961158752441406,
j10,45,proactive,10,39.0,32.0,21.875,600,True,True,"[0, 7, 1, 2, 3, 1, 2, 8, 7, 1, 8, 0]","[0, 0, 12, 14, 11, 9, 9, 29, 18, 10, 18, 39]",0.4675941467285156,0.0003027915954589844,
j10,46,proactive,10,36.0,28.0,28.571428571428573,600,True,True,"[0, 2, 7, 3, 2, 7, 6, 5, 1, 7, 8, 0]","[0, 0, 3, 0, 0, 14, 28, 5, 14, 17, 28, 35]",0.29338622093200684,0.00038886070251464844,
j10,46,proactive,10,35.0,29.0,20.689655172413794,600,True,True,"[0, 4, 6, 3, 2, 6, 6, 5, 1, 8, 7, 0]","[0, 0, 3, 0, 0, 14, 28, 5, 14, 17, 28, 35]",0.29338622093200684,0.0003211498260498047,
j10,46,proactive,10,35.0,27.0,29.62962962962963,600,True,True,"[0, 3, 9, 2, 1, 7, 4, 6, 2, 6, 5, 0]","[0, 0, 3, 0, 0, 14, 28, 5, 14, 17, 28, 35]",0.29338622093200684,0.00030994415283203125,
j10,46,proactive,10,35.0,32.0,9.375,600,True,True,"[0, 3, 8, 1, 2, 4, 6, 9, 1, 11, 4, 0]","[0, 0, 3, 0, 0, 14, 28, 5, 14, 17, 28, 35]",0.29338622093200684,0.0003330707550048828,
j10,46,proactive,10,35.0,30.0,16.666666666666668,600,True,True,"[0, 4, 9, 3, 1, 6, 7, 8, 2, 8, 5, 0]","[0, 0, 3, 0, 0, 14, 28, 5, 14, 17, 28, 35]",0.29338622093200684,0.000331878662109375,
j10,46,proactive,10,36.0,31.0,16.129032258064516,600,True,True,"[0, 4, 7, 3, 1, 8, 7, 7, 1, 9, 8, 0]","[0, 0, 3, 0, 0, 14, 28, 5, 14, 17, 28, 35]",0.29338622093200684,0.0003612041473388672,
j10,46,proactive,10,35.0,31.0,12.903225806451612,600,True,True,"[0, 4, 7, 3, 1, 4, 7, 5, 1, 10, 4, 0]","[0, 0, 3, 0, 0, 14, 28, 5, 14, 17, 28, 35]",0.29338622093200684,0.0003151893615722656,
j10,46,proactive,10,36.0,29.0,24.137931034482758,600,True,True,"[0, 5, 10, 3, 1, 5, 6, 7, 2, 6, 8, 0]","[0, 0, 3, 0, 0, 14, 28, 5, 14, 17, 28, 35]",0.29338622093200684,0.0003490447998046875,
j10,46,proactive,10,35.0,29.0,20.689655172413794,600,True,True,"[0, 5, 8, 2, 1, 5, 4, 8, 1, 7, 4, 0]","[0, 0, 3, 0, 0, 14, 28, 5, 14, 17, 28, 35]",0.29338622093200684,0.0003120899200439453,
j10,46,proactive,10,35.0,28.0,25.0,600,True,True,"[0, 3, 7, 2, 2, 5, 4, 8, 2, 7, 5, 0]","[0, 0, 3, 0, 0, 14, 28, 5, 14, 17, 28, 35]",0.29338622093200684,0.0003199577331542969,
j10,47,proactive,10,38.0,32.0,18.75,600,True,True,"[0, 7, 8, 1, 5, 3, 8, 1, 4, 2, 1, 0]","[0, 0, 15, 23, 7, 8, 22, 31, 15, 33, 23, 38]",0.42702698707580566,0.0003631114959716797,
j10,47,proactive,10,39.0,34.0,14.705882352941176,600,True,True,"[0, 4, 4, 1, 3, 4, 10, 1, 8, 6, 1, 0]","[0, 0, 15, 23, 7, 8, 22, 31, 15, 33, 23, 38]",0.42702698707580566,0.0002961158752441406,
j10,47,proactive,10,39.0,34.0,14.705882352941176,600,True,True,"[0, 7, 5, 1, 3, 3, 9, 2, 7, 6, 2, 0]","[0, 0, 15, 23, 7, 8, 22, 31, 15, 33, 23, 38]",0.42702698707580566,0.0002968311309814453,
j10,47,proactive,10,38.0,34.0,11.764705882352942,600,True,True,"[0, 6, 4, 1, 2, 3, 11, 2, 4, 2, 1, 0]","[0, 0, 15, 23, 7, 8, 22, 31, 15, 33, 23, 38]",0.42702698707580566,0.000270843505859375,
j10,47,proactive,10,39.0,33.0,18.181818181818183,600,True,True,"[0, 6, 5, 1, 4, 5, 9, 1, 6, 6, 2, 0]","[0, 0, 15, 23, 7, 8, 22, 31, 15, 33, 23, 38]",0.42702698707580566,0.00030493736267089844,
j10,47,proactive,10,38.0,32.0,18.75,600,True,True,"[0, 6, 5, 1, 5, 4, 8, 1, 6, 3, 1, 0]","[0, 0, 15, 23, 7, 8, 22, 31, 15, 33, 23, 38]",0.42702698707580566,0.00029277801513671875,
j10,47,proactive,10,38.0,33.0,15.151515151515152,600,True,True,"[0, 5, 4, 1, 2, 4, 10, 2, 6, 4, 2, 0]","[0, 0, 15, 23, 7, 8, 22, 31, 15, 33, 23, 38]",0.42702698707580566,0.00028705596923828125,
j10,47,proactive,10,38.0,35.0,8.571428571428571,600,True,True,"[0, 6, 7, 1, 2, 7, 11, 1, 5, 3, 2, 0]","[0, 0, 15, 23, 7, 8, 22, 31, 15, 33, 23, 38]",0.42702698707580566,0.000308990478515625,
j10,47,proactive,10,38.0,32.0,18.75,600,True,True,"[0, 4, 5, 1, 3, 5, 7, 1, 7, 3, 2, 0]","[0, 0, 15, 23, 7, 8, 22, 31, 15, 33, 23, 38]",0.42702698707580566,0.0002727508544921875,
j10,47,proactive,10,39.0,33.0,18.181818181818183,600,True,True,"[0, 7, 7, 1, 2, 3, 7, 1, 6, 6, 2, 0]","[0, 0, 15, 23, 7, 8, 22, 31, 15, 33, 23, 38]",0.42702698707580566,0.0002942085266113281,
j10,48,proactive,10,inf,inf,0.0,600,False,False,"[0, 8, 2, 1, 4, 1, 2, 7, 1, 1, 9, 0]",,0.08270478248596191,0.0,60.0
j10,48,proactive,10,inf,41.0,100.0,600,False,True,"[0, 7, 2, 2, 2, 1, 4, 11, 1, 1, 9, 0]",,0.08270478248596191,0.0,60.0
j10,48,proactive,10,inf,inf,0.0,600,False,False,"[0, 10, 5, 2, 3, 1, 5, 10, 1, 1, 6, 0]",,0.08270478248596191,0.0,60.0
j10,48,proactive,10,inf,inf,0.0,600,False,False,"[0, 8, 5, 2, 4, 1, 3, 8, 2, 1, 5, 0]",,0.08270478248596191,0.0,60.0
j10,48,proactive,10,inf,inf,0.0,600,False,False,"[0, 11, 5, 2, 2, 1, 4, 9, 3, 1, 5, 0]",,0.08270478248596191,0.0,60.0
j10,48,proactive,10,inf,inf,0.0,600,False,False,"[0, 8, 5, 1, 5, 1, 4, 7, 3, 1, 8, 0]",,0.08270478248596191,0.0,60.0
j10,48,proactive,10,inf,inf,0.0,600,False,False,"[0, 6, 5, 2, 3, 1, 3, 11, 2, 1, 5, 0]",,0.08270478248596191,0.0,60.0
j10,48,proactive,10,inf,inf,0.0,600,False,False,"[0, 11, 5, 1, 3, 1, 2, 10, 2, 1, 6, 0]",,0.08270478248596191,0.0,60.0
j10,48,proactive,10,inf,inf,0.0,600,False,False,"[0, 7, 3, 1, 5, 1, 4, 12, 2, 1, 5, 0]",,0.08270478248596191,0.0,60.0
j10,48,proactive,10,inf,inf,0.0,600,False,False,"[0, 11, 4, 2, 4, 1, 3, 9, 2, 1, 6, 0]",,0.08270478248596191,0.0,60.0
j10,49,proactive,10,28.0,25.0,12.0,600,True,True,"[0, 3, 6, 1, 2, 7, 4, 3, 1, 8, 4, 0]","[0, 3, 8, 7, 0, 7, 0, 14, 17, 18, 21, 28]",0.203718900680542,0.0004029273986816406,
j10,49,proactive,10,28.0,26.0,7.6923076923076925,600,True,True,"[0, 3, 7, 1, 2, 6, 5, 1, 1, 4, 5, 0]","[0, 3, 8, 7, 0, 7, 0, 14, 17, 18, 21, 28]",0.203718900680542,0.00031828880310058594,
j10,49,proactive,10,28.0,24.0,16.666666666666668,600,True,True,"[0, 2, 11, 1, 3, 3, 3, 3, 1, 4, 4, 0]","[0, 3, 8, 7, 0, 7, 0, 14, 17, 18, 21, 28]",0.203718900680542,0.00029206275939941406,
j10,49,proactive,10,28.0,25.0,12.0,600,True,True,"[0, 3, 10, 1, 3, 3, 4, 1, 1, 6, 5, 0]","[0, 3, 8, 7, 0, 7, 0, 14, 17, 18, 21, 28]",0.203718900680542,0.00032782554626464844,
j10,49,proactive,10,29.0,27.0,7.407407407407407,600,True,True,"[0, 1, 10, 1, 1, 4, 5, 1, 1, 4, 8, 0]","[0, 3, 8, 7, 0, 7, 0, 14, 17, 18, 21, 28]",0.203718900680542,0.0003268718719482422,
j10,49,proactive,10,29.0,26.0,11.538461538461538,600,True,True,"[0, 2, 11, 1, 1, 6, 4, 2, 1, 4, 8, 0]","[0, 3, 8, 7, 0, 7, 0, 14, 17, 18, 21, 28]",0.203718900680542,0.0002849102020263672,
j10,49,proactive,10,28.0,28.0,0.0,600,True,True,"[0, 1, 11, 1, 1, 6, 7, 1, 1, 4, 5, 0]","[0, 3, 8, 7, 0, 7, 0, 14, 17, 18, 21, 28]",0.203718900680542,0.00027680397033691406,
j10,49,proactive,10,29.0,27.0,7.407407407407407,600,True,True,"[0, 1, 12, 1, 3, 5, 5, 1, 1, 4, 8, 0]","[0, 3, 8, 7, 0, 7, 0, 14, 17, 18, 21, 28]",0.203718900680542,0.0003018379211425781,
j10,49,proactive,10,28.0,26.0,7.6923076923076925,600,True,True,"[0, 2, 8, 1, 1, 4, 5, 3, 1, 7, 5, 0]","[0, 3, 8, 7, 0, 7, 0, 14, 17, 18, 21, 28]",0.203718900680542,0.0002789497375488281,
j10,49,proactive,10,28.0,25.0,12.0,600,True,True,"[0, 2, 9, 1, 3, 4, 4, 2, 1, 8, 5, 0]","[0, 3, 8, 7, 0, 7, 0, 14, 17, 18, 21, 28]",0.203718900680542,0.0003101825714111328,
j10,50,proactive,10,73.0,56.0,30.357142857142858,600,True,True,"[0, 7, 5, 2, 6, 10, 6, 1, 8, 9, 6, 0]","[0, 43, 0, 17, 7, 23, 35, 52, 53, 64, 35, 73]",2.4888949394226074,0.00038242340087890625,
j10,50,proactive,10,73.0,54.0,35.18518518518518,600,True,True,"[0, 4, 7, 5, 8, 8, 6, 1, 6, 9, 2, 0]","[0, 43, 0, 17, 7, 23, 35, 52, 53, 64, 35, 73]",2.4888949394226074,0.0003287792205810547,
j10,50,proactive,10,73.0,63.0,15.873015873015873,600,True,True,"[0, 8, 5, 2, 9, 8, 4, 1, 10, 8, 6, 0]","[0, 43, 0, 17, 7, 23, 35, 52, 53, 64, 35, 73]",2.4888949394226074,0.000347137451171875,
j10,50,proactive,10,inf,68.0,100.0,600,False,True,"[0, 7, 5, 5, 11, 10, 8, 1, 9, 7, 5, 0]","[0, 43, 0, 17, 7, 23, 35, 52, 53, 64, 35, 73]",2.4888949394226074,0.0003669261932373047,
j10,50,proactive,10,74.0,62.0,19.35483870967742,600,True,True,"[0, 5, 6, 3, 8, 10, 6, 1, 11, 10, 2, 0]","[0, 43, 0, 17, 7, 23, 35, 52, 53, 64, 35, 73]",2.4888949394226074,0.00034689903259277344,
j10,50,proactive,10,74.0,59.0,25.423728813559322,600,True,True,"[0, 7, 3, 5, 10, 9, 4, 1, 8, 10, 6, 0]","[0, 43, 0, 17, 7, 23, 35, 52, 53, 64, 35, 73]",2.4888949394226074,0.0003459453582763672,
j10,50,proactive,10,inf,71.0,100.0,600,False,True,"[0, 8, 6, 3, 11, 12, 7, 1, 9, 8, 5, 0]","[0, 43, 0, 17, 7, 23, 35, 52, 53, 64, 35, 73]",2.4888949394226074,0.0003790855407714844,
j10,50,proactive,10,73.0,49.0,48.97959183673469,600,True,True,"[0, 4, 4, 3, 6, 11, 5, 1, 7, 6, 6, 0]","[0, 43, 0, 17, 7, 23, 35, 52, 53, 64, 35, 73]",2.4888949394226074,0.0003180503845214844,
j10,50,proactive,10,73.0,63.0,15.873015873015873,600,True,True,"[0, 7, 4, 3, 6, 12, 8, 1, 7, 8, 5, 0]","[0, 43, 0, 17, 7, 23, 35, 52, 53, 64, 35, 73]",2.4888949394226074,0.0003561973571777344,
j10,50,proactive,10,73.0,60.0,21.666666666666668,600,True,True,"[0, 7, 7, 4, 7, 12, 5, 1, 7, 6, 3, 0]","[0, 43, 0, 17, 7, 23, 35, 52, 53, 64, 35, 73]",2.4888949394226074,0.00033974647521972656,
